latitude,longitude,state,district,elevation_m,slope_deg,aspect_deg,plan_curvature,profile_curvature,tri,annual_rainfall_mm,monsoon_rainfall_mm,max_daily_rainfall_mm,soil_clay_pct,soil_sand_pct,soil_silt_pct,soil_organic_carbon_pct,soil_bulk_density,soil_moisture_pct,land_cover,ndvi,distance_to_road_km,road_density_km_per_km2,distance_to_river_km,distance_to_fault_km,seismic_zone,population_density_per_km2,historical_landslides_5km_10yr,event_date,landslide_trigger,landslide_size,label
25.005450218269267,96.36911812117752,Nagaland,Tuensang,771.6460995545449,8.373467571619043,127.8744254951049,1.2516693497329554,-0.5211514489799718,36.57304215795086,3078.539168870817,2535.5511335016267,46.60067633881155,37.825108971341734,20.63441905283645,41.540471975821816,1.1104742171454367,1.4171979072397543,41.12284250066055,dense_forest,0.4248992774724072,0.5395160527158984,0.3762922230409941,1.6279898548675142,9.486868941848526,V,83.65498683409402,1,,,,0
24.07442913341793,88.91839552675832,Manipur,Tamenglong,1528.892223469936,24.81732976855292,165.20465943636145,1.216087198280036,3.3339758948617515,68.11396799266251,2829.2460006885494,2074.9592387235416,58.29388445167132,47.11104184487731,29.65089987485125,23.23805828027144,1.7264393514349716,1.2097002564366583,21.527756958284623,dense_forest,0.3824181529544476,0.36057677294066826,0.662477763107168,3.6872292649563883,0.8267823654649284,IV,86.91077184058324,2,,,,0
24.780858227348848,93.53268044742202,Manipur,Churachandpur,1146.2087959293185,26.58803152755752,334.9967916021298,-0.07226909592023922,-1.1197565101684668,72.80237938563496,3238.5564183751094,2578.1676705275663,117.58833629813776,21.743444447804393,39.585469314908586,38.67108623728702,2.26168621497405,1.45297244509906,43.62238679779933,built_up,0.22323063368319956,1.6674638171814196,1.7633252453155963,7.434328713165868,4.1291446002772245,V,290.96696652645835,2,06/07/2010 12:00:00 AM,rain,medium,1
24.027677724427875,91.40965252918323,Tripura,West Tripura,1395.550022426028,17.751897096636228,240.34066717877616,-2.7105119116660377,0.4949751098745474,45.91197269203354,6108.323068274138,4458.444411805315,130.8772377642685,38.440870348069694,34.11951693382609,27.439612718104215,3.0321596826392603,1.279054983491101,34.693062655456075,cropland,0.6332361753979798,1.9302364493765993,1.1050328451224716,3.41476411654504,13.036040721497994,V,316.7056532978851,6,05/08/2013 12:00:00 AM,rain,medium,1
28.365400305935545,89.33623033485493,Mizoram,Champhai,1210.6772754880787,10.337030967045274,244.81034039543115,-1.0754826718903625,0.9132615936686298,35.69212407970318,5333.611225125864,4443.35752297577,91.2437686451608,19.053426160133046,23.599830851009656,57.3467429888573,3.4416339007493053,1.2198506548646375,36.76942978523785,built_up,0.5413905574334529,1.0464818476627369,1.6254624307160335,0.349091885508225,3.415604966996535,IV,114.37358448829696,0,,,,0
25.215913693025538,90.52712766376199,Meghalaya,Jaintia Hills,908.6158080496787,47.708600706062434,213.31291582522084,0.24033928344615357,1.8562561659036017,138.99477528191338,3053.9967424384417,2502.5074063628035,133.22881431309705,30.896860213607614,35.62522369602884,33.47791609036355,0.43090112440842426,1.0895357817112101,46.62107158466494,cropland,0.24595916976089716,0.9164603112823898,1.8487955539789636,6.345990621233966,0.05,IV,257.39326054616055,5,08/19/2015 09:00:00 AM,continuous_rain,medium,1
23.617546330637445,92.09761091738228,Mizoram,Kolasib,315.8184759184348,27.474968964563523,42.84822127743758,-0.6885304510387114,-1.6255314672113998,79.9624372265507,3295.340552815359,2398.0359217167934,64.62047646490143,38.5979329900684,25.137077258407768,36.26498975152383,1.8370667174332573,1.2908250634443528,36.67881067189005,sparse_forest,0.5888275613794768,4.626682152743178,0.9923164404660382,10.789481082903434,15.42599912657118,V,344.9822520374754,1,,,,0
29.2669419247282,93.61266443536358,Mizoram,Champhai,521.371853255818,15.701263004999866,96.94069298472147,1.1181621577033931,-2.8072780778647024,52.18105524150294,3537.447285907514,2845.3388601752354,73.2628142270743,30.12714110216307,49.28825398255135,20.58460491528558,2.177803384359155,1.253410921465326,34.493105465781525,dense_forest,0.44977822825149943,1.0609221960905595,1.7278622082014925,0.5414003501607721,20.484743973269364,IV,109.64001333019573,1,,,,0
28.13786412122676,96.46156279607601,Tripura,Dhalai,815.4545118613502,13.550326634436782,159.20412587641582,-0.18518288613262937,1.0742075582801176,73.03538664042833,3703.2379821564477,2927.2289577700144,99.0630282733136,28.452564019396537,50.619877308829075,20.927558671774392,3.633115384027596,1.0985235371414128,47.630842141999196,sparse_forest,0.23786088746682377,6.043728527449794,0.49195760056973087,0.07647316970754577,7.890246227885282,IV,146.0188421196703,2,,,,0
28.364243659995367,91.10187897194069,Tripura,Gomati,2256.172959957089,31.822096512371107,196.08477474990033,1.4579980949625677,2.380516782092814,130.71184260125983,3003.4195249785744,2442.292496957054,48.63401820172607,22.23893675001446,18.762409638525888,58.99865361145965,2.915836325574537,1.3895529823769115,32.263219606076596,cropland,0.3412730465293828,2.242504744071659,0.1313720545257718,5.4694261673863185,2.999012486742465,IV,244.17257642748623,4,,,,0
27.664097135032943,89.79246132933056,Assam,Nagaon,1733.3599966817299,12.772705241013421,87.26731027337708,1.041867600455283,0.9478833364999997,50.32244954271015,3534.251600320528,2311.503325698265,70.38304152915762,31.984372800341394,37.23255203139716,30.783075168261448,1.3404226723911625,1.3734127757420813,39.664316737791864,dense_forest,0.6949697190047579,2.8785834954719016,0.24132903941926018,0.12784671765156824,5.038735523255155,IV,397.5756622977224,2,,,,0
27.08275975093465,94.45806854152102,Tripura,West Tripura,652.9107619472657,16.56675586838188,223.22163129797272,-0.40981743919451447,1.8863014959382394,72.77101140133368,2889.528020253808,1931.8928281226686,62.26646034525746,30.90522357716093,41.42337222834981,27.671404194489263,2.4468829293431638,1.167960793882985,39.33501259691451,bare_grassland,0.5076278371214944,0.7281072951664382,0.8167449713747408,2.8236223298450365,17.261302035338833,IV,248.91577062253785,0,,,,0
22.11010565515396,95.96959279398459,Arunachal Pradesh,Changlang,940.3514816574394,15.817344974060777,95.18463604703219,-2.4935891596215782,-0.7325827490474646,93.30489706418979,2643.0737480566604,2109.3332265281606,57.33161634786176,33.91701628868979,28.359832661941393,37.72315104936882,3.0119081341782388,1.3818270322036201,35.56206750196129,sparse_forest,0.43574552686076606,2.0451079991586782,0.14103812145749745,14.44949637077472,3.0565386040829727,V,430.40472629448294,0,,,,0
24.037463843428522,89.13887441015027,Arunachal Pradesh,Tawang,1274.9685133357955,18.536970616198705,225.30802654879216,-4.184614572960685,0.7807933481621574,64.09011068301871,2384.3581578381027,1759.298968028879,49.45516595574877,30.732900899903342,63.633577107781235,5.633521992315423,0.9645875644900228,1.2493983654329803,22.71709972944055,cropland,0.16056033916643497,3.955646135551457,1.5263793390307208,4.412699494326004,3.856513319838671,IV,127.67602316108756,1,,,,0
21.730387919500618,97.14725713874985,Tripura,Gomati,517.4969050180073,18.66700462594823,32.859877064536796,-2.8753689449417474,-1.2417886968272929,81.41255418942043,1975.9232107505502,1584.4595357194446,67.60540052306399,31.54057669469027,31.92040537891977,36.53901792638996,2.298176767564636,1.4092203900950444,26.197095833114336,dense_forest,0.5191434962777723,1.0320331856758642,1.1855965949885794,0.8620927359872228,2.5272810603999196,V,100.0035267188551,0,,,,0
29.420425762430988,92.2636398387173,Nagaland,Tuensang,953.1922094739442,23.031484489653245,296.86686764223674,-2.850209501152487,0.5508880987786346,49.97844098953125,4067.048925944677,3126.3739310486367,117.6346768665801,25.10000681508703,15.714396565206556,59.185596619706416,0.9560430021406551,1.2904611098438288,29.372617149254296,dense_forest,0.6195903169001645,2.239851964088485,0.30716702271535934,1.5346113891954607,3.4900754263090485,IV,54.743395198981645,3,,,,0
28.19612458058912,89.24981690123391,Mizoram,Lunglei,1764.5235372014927,16.986425412626144,173.4720320330793,-5.709886357291934,0.38503639321869637,50.3042501515088,2791.5323722929807,2359.635847884733,73.4815153695449,37.916541579500596,36.51201642043887,25.571442000060536,2.034820384443336,1.1769242500440042,21.465531158915695,dense_forest,0.43537271354967444,1.2495102154758688,1.4708449559179888,5.732647035645105,7.812561942366129,IV,149.31620709741009,2,,,,0
29.103754311676838,92.57507293036474,Assam,Nagaon,505.8394575720424,17.84653547443149,249.07028383698696,-2.3375005432493667,-2.3912946221493203,54.30509464730604,4136.937877615728,3495.658896344023,49.38101299766015,17.503483652832927,51.38873972732188,31.107776619845197,1.9582253097158893,1.3396628915609285,35.12655199927048,built_up,0.4669002667757283,2.5387014649819335,2.0455022875215985,2.2313178240335416,5.692098852175108,IV,100.29244405392615,0,,,,0
23.75912321803976,92.71087712012212,Mizoram,Lunglei,1585.586558867269,31.202443205242503,322.8931980043638,-3.312729541477851,-0.4705682537133059,127.84797049171564,3685.876575528869,3092.927332351503,59.6024991062463,41.77532131463955,24.254990176797033,33.96968850856342,3.7194095581626403,1.1865633964182285,36.29828390736825,sparse_forest,0.36357651520590356,0.26790338855093043,1.3027966874126005,3.248404807123933,11.914477929176662,IV,57.23881462504475,5,05/11/2013 09:00:00 AM,rain,large,1
26.900633694960387,90.82256669447602,Arunachal Pradesh,Lower Subansiri,1000.5102253098235,6.906200769276879,199.1630176917844,-2.5570618814080253,0.11548252290748778,32.8379940100271,2763.4547627435077,2071.671293019446,64.25286462702985,27.951304498607644,45.48001265731326,26.5686828440791,1.003702517052183,1.3526098469778183,34.136742418659715,bare_grassland,0.4203597360526716,4.963443224306819,0.6472587375180465,0.853030017806949,2.1985907317280544,IV,38.88364081903987,0,,,,0
22.434819275697926,97.20819712274314,Sikkim,North Sikkim,1881.671826065671,17.08576505664828,244.0103503241621,-0.8536168727213568,-0.5138303000144948,67.80103083927885,3329.5942313704095,2253.3142011747373,67.19703489513986,32.87210751704412,25.643991714097304,41.48390076885857,0.41473983402602527,1.219121862877372,42.75720127199071,dense_forest,0.6194530731599148,3.582659649159542,1.0814054156939856,2.4039868274261083,14.509075212743308,V,90.252315970546,0,,,,0
27.024843668355924,97.38901570139296,Sikkim,North Sikkim,554.4910097956792,2.3653201101496197,308.93381847481726,-6.468475315614274,2.2766158754891155,0.0,3722.669946997324,3015.176942322317,144.77422442718571,26.29312509744932,34.145775365843676,39.561099536707005,2.743682331737474,1.090789724374845,38.86652476018888,built_up,0.5664415693800718,1.1753140215414783,1.5204247996770484,0.21544893138170512,1.6229378164242547,V,179.1754454560296,3,,,,0
26.202331911932152,91.81197720370875,Assam,Dibrugarh,1917.041895393525,15.31963401741693,137.43411742080914,-3.7036183325136127,1.2332743286944883,57.093790071388796,3208.6597558813155,2503.4343581932644,119.27858649764337,44.99327775199857,30.104259280735135,24.902462967266295,4.4712925862924395,1.49274871850763,31.757059429272235,sparse_forest,0.5577165932496393,0.7834005272912926,1.0781484383499649,0.9300167897863005,0.05,IV,137.03596864573905,2,07/19/2007 12:00:00 AM,rain,medium,1
23.007130940236067,90.17177306867548,Meghalaya,East Khasi Hills,1109.0530058096715,11.068534763705252,204.11780011717403,-0.9669812389034794,-2.3512588575668687,26.46961290849379,2635.0191989051627,1735.5476616962978,112.472775615403,13.723514213753123,46.94234804027237,39.33413774597451,1.7989288393826737,1.061304051334342,18.429300482879167,dense_forest,0.4479894566738739,0.11985958519258823,0.1881284956076642,3.496892126709383,11.656605547861648,IV,111.61263427769315,3,,,,0
25.7083903402131,94.07979605851212,Nagaland,Tuensang,1977.57397454241,62.45282428157058,85.06207241695546,-1.5761929239847694,1.7301825941318205,227.6496009199337,3916.3962011994568,3007.5613740154895,119.45466751237973,22.323742002080884,39.14744577628457,38.52881222163455,1.8380761063870275,1.305861319907622,28.01036611009524,sparse_forest,0.3349261559875748,4.556505718728916,0.7688792306850882,1.3938005757031535,3.0876616691499126,IV,231.7424221513919,6,07/17/2013 12:00:00 AM,rain,medium,1
25.455660647680727,93.54976699189432,Tripura,West Tripura,3111.4627774366,17.149698488781493,266.4874320936242,-1.6842550667985723,-2.4774162494721477,95.5658175992585,3567.7157569348806,2682.145395794244,33.70832645651048,33.633017030567345,42.93416493783022,23.432818031602437,1.584503191708721,1.3869115397771943,34.36100232392033,dense_forest,0.47804618172393065,0.15973835187262583,0.2924377122279657,0.09174866230101388,2.481428571783977,V,558.9667094131373,1,,,,0
25.57837027469337,93.46780256041124,Nagaland,Dimapur,311.25462659722075,10.41963281193723,40.951590718941254,-2.116931562759702,-1.6207546023767694,42.64325075885667,2175.194439798368,1463.1584267086942,61.71801630618108,24.86768299784683,35.45793477697077,39.674382225182406,3.7904104568596244,1.3197363536499358,34.0201690544812,sparse_forest,0.3675021563294809,9.441424982350224,0.20535421383346295,0.4016701779469065,7.659094323641757,IV,260.7529251539674,3,,,,0
26.200897029708447,94.83782270089482,Nagaland,Kohima,1240.667455526341,34.17049016788561,200.247810215187,-0.7159226735784214,-1.8404472366316926,156.84130530044143,4143.082092633614,3514.417676332018,85.73963031160268,39.85539191734398,25.709326806831296,34.43528127582472,0.7055533403242198,1.0866406188294657,35.65069660163387,cropland,0.44463852717364294,2.4378644263164913,1.1966736605036845,0.5080823079925447,12.712057548451924,V,221.33614499870953,4,07/06/2010 12:00:00 AM,monsoon,medium,1
25.98430664166371,94.80468186915579,Assam,Dibrugarh,1604.4404096085093,7.3383250085690594,209.25297714925733,-1.4657141852991877,0.4289622573480578,22.247556633005548,4387.145707674002,3372.820132057915,35.50652312473537,27.982507603163835,29.11243656362847,42.90505583320769,0.39625129469880543,1.1939550732872348,12.411444675341603,dense_forest,0.43464390275787884,0.9138168017833208,0.3205194482742004,0.5009149014415547,2.3104393285582536,IV,138.0456937914476,0,,,,0
25.08785525443046,93.34301952273857,Manipur,Ukhrul,652.0239270669916,32.517472027915026,269.5800925230591,0.5180419795008946,-0.3885919042009501,84.19330855484077,2536.804235340815,1740.331810351773,131.84744315394738,26.848683417456915,39.61886558920724,33.53245099333585,0.9638663368482433,1.3176059094206614,44.24444754785714,built_up,0.3344222593926667,0.39139680569240565,1.0968781938572592,3.6184390429293005,2.0535004002736565,IV,231.22819703474718,4,08/11/2015 12:00:00 AM,continuous_rain,medium,1
25.97130432707808,97.47186576502652,Meghalaya,Jaintia Hills,609.1702861930327,37.8699798643379,324.1486110639037,-0.2663456879284926,0.14784668943967277,85.76377126819222,2301.0273113392145,1797.699643180384,94.43230059205746,30.247210028294603,41.60643397571107,28.146355995994327,4.423061076280068,1.5063922615999714,26.771417332476425,dense_forest,0.5418291822679339,2.858204657645771,0.793409878744165,0.6884906390202199,16.072335422735,V,91.39832725750219,2,,,,0
27.33173424635535,88.73584101307227,Sikkim,South Sikkim,2961.1121900998196,6.688057382556252,350.9136352979431,-0.4390885678626546,0.6778088592677631,20.810453695686864,3061.0995862427444,2362.261903697919,75.11290085714731,28.55564724143438,30.50668072845396,40.93767203011167,5.291297794130263,1.5552340153224575,53.20999081760405,sparse_forest,0.23878956636265633,0.4882342314343556,0.9569570574980903,1.6018740282363975,0.05,V,134.3553526072924,1,08/26/2009 12:00:00 AM,rain,medium,1
25.139595764980438,94.41642602904929,Manipur,Imphal West,665.1948612221976,20.922085540169604,277.65213783012956,-0.32213400984692825,0.9373848744956612,83.10962004254918,3032.9146875520155,2355.4396615597475,107.23851204637859,40.19566419459491,25.704554258531974,34.09978154687312,4.653118088323942,1.1072562595976774,33.580454870947015,built_up,0.46334768627509515,4.111897470276027,1.1131428939825052,0.30301082928131473,7.470479648561525,V,178.88379061562864,2,09/24/2013 12:00:00 AM,unknown,medium,1
22.53180870063158,89.05150057731322,Mizoram,Champhai,1022.4867954069626,23.643478751022002,154.73304965109367,2.0295254871111785,-2.0464376948006198,98.86233640315915,2274.326969493789,1681.782313544599,57.97359150533601,23.76323588069698,28.143355082105582,48.09340903719743,1.2731154622198069,1.1114386213556176,34.27740028559837,dense_forest,0.5823583454519543,2.03083650529586,0.879828990390813,0.8853612439466284,0.6924182067201711,IV,66.66543781282407,0,,,,0
26.91876635609772,91.23020720567936,Arunachal Pradesh,West Kameng,3833.7342501401954,35.19076515074087,256.2873247161917,2.0543315956718717,2.202443715786997,104.45282729450376,2454.394708966599,1919.7999643899386,56.60358148575798,33.204998925080275,25.609161073979653,41.185840000940075,3.102937512533679,1.142688086154987,42.40055102983575,sparse_forest,0.6812521323612456,1.08965617688976,1.9639943660184003,3.261373479771756,3.486049131882812,V,366.13435508035616,0,,,,0
22.39665175267925,94.27938840595066,Sikkim,West Sikkim,847.6669110924757,21.72043994026559,70.68107379167914,2.9591570853507694,0.8621058448084253,52.72652762811254,2456.119661988628,1687.789004013665,93.33814297977705,24.214406541601313,31.93973012421749,43.8458633341812,3.1763996515514634,1.3474894122669598,32.221299843066106,cropland,0.5231402131020145,0.3009885727098283,1.2817021277731246,1.0387605751685753,6.914824424257589,IV,30.022419283286613,0,,,,0
22.856829974701853,90.81039494484267,Mizoram,Lunglei,164.96870856445832,16.22829275016979,48.59522499069069,-0.13410686559035448,0.1036554735105989,45.30835154713464,3367.3481332677875,2661.3063002747617,122.01778194276511,33.8409171047728,24.611961220176717,41.547121675050484,2.3919060183499656,1.536298436859596,16.92601555853825,cropland,0.4034247845576362,0.8891207122345017,0.5284739234366393,0.21284889757911787,3.9250019434427017,V,74.53687479170313,2,,,,0
27.170371329086997,88.35789880665932,Sikkim,North Sikkim,1385.5464290282612,31.313585354630113,24.35681151964605,-4.131075673673643,-2.6951684491015966,123.55577081976213,4578.040599917645,3153.6362794273696,88.39221732252716,23.013809925748756,29.176500956854053,47.809689117397184,0.8196152226972241,1.4622171468790268,43.627483366889756,dense_forest,0.6317749635572978,0.5704273212575405,1.1593770143725002,4.8803500568635165,1.8813783274679339,V,124.75171829509489,2,09/16/2012 12:00:00 AM,downpour,medium,1
26.514749727632218,91.94180690258838,Meghalaya,East Khasi Hills,462.16487972935295,10.711636545580365,330.20790797835474,-2.5903470231801515,-2.047978530912045,41.86157731454653,3764.925884922823,2492.366221781067,37.49612744291783,25.15114579482724,33.70083454005877,41.148019665113985,2.8407375807020077,1.3802929882708963,43.42883154272657,cropland,0.5600821336554449,0.23732557500301527,0.3696637288189093,1.8302247119195862,0.5931206885673191,V,395.8337275168025,1,,,,0
27.42492760122975,92.27742986094255,Arunachal Pradesh,Lower Subansiri,1482.5531809186239,28.956680934919504,208.19649930517994,0.8423775881200981,-1.8407480765379698,123.13959561961649,3441.8165573372075,2454.5370478880222,72.83765774240997,20.32786180975324,26.7788649997068,52.89327319053996,2.627458753839418,1.4099215615532128,51.7467874958626,built_up,0.5020554172065803,0.0626975986989114,1.8428966563429228,0.7451785335145931,4.566678887822462,IV,60.78132616287068,4,08/12/2011 12:00:00 AM,rain,medium,1
28.547946538292635,88.6424524462192,Assam,Nagaon,1071.6856516781222,17.272792059593748,187.38152415918506,-2.9102996299121133,-1.1855775849233003,78.13540766442676,3980.844666363199,3160.7229274650917,107.36436748096486,26.82745639077031,42.45139764963149,30.721145959598203,2.210701434403187,1.140487212740025,33.425895260375604,dense_forest,0.5016422654413434,0.2983613501841871,0.1638530742765163,0.3176032952318196,12.788892997294196,IV,51.551370409805585,3,,,,0
24.383078520088915,92.6320966516892,Tripura,West Tripura,1157.8854644002859,20.381891391453266,21.09257530046883,-0.6268016829387683,-0.739216745255942,82.54173300894674,4709.0228317317315,3093.4080231679623,83.23387933335759,20.058190679429288,55.03353914993628,24.90827017063443,0.849144492639044,1.2947547384195948,28.17359958366076,dense_forest,0.6248055618983589,0.20233218344200368,0.41290285276843186,1.6128663726383496,5.316846404401917,IV,127.68342618046837,2,,,,0
22.66695309816189,96.06116080865672,Tripura,West Tripura,799.7217796961371,26.60934518158971,22.545995764628927,-0.0733500251569236,-1.4633775071267003,62.68128022060499,2588.8344674421887,2006.545909393339,101.87123239099584,18.23709842957605,26.68922556998928,55.07367600043467,3.9012184296465877,1.2645687407316806,20.97016029015903,sparse_forest,0.5076267562415981,0.8573859310453512,1.3098839088255536,2.5601601916496746,5.1939124956725955,V,123.17320799695439,0,,,,0
28.889993025745767,95.44532666823673,Meghalaya,Jaintia Hills,758.7422308004078,9.09815813559372,330.64109347626095,-1.110278485510079,-0.1255691960102709,19.344499704085383,1940.7535468696713,1595.4398949865345,39.5993369442662,23.97211686347738,33.20447291624087,42.82341022028175,0.899190238273068,1.3073129120850961,38.14356646348871,dense_forest,0.7205471415213857,7.470451174301553,0.27868880748992536,0.3678323109701454,4.947798984468719,V,55.357712545358105,2,,,,0
23.94515078261175,90.01867307317164,Manipur,Tamenglong,2598.33720155678,23.89491782874278,36.20927637471436,2.4124092273030846,1.7397848447599058,109.98385998060941,2638.719147312737,2086.3687469758315,43.20009306679689,17.85878141184019,50.664652307886406,31.476566280273396,1.5336076274432509,1.7,32.15926837851774,dense_forest,0.4619632727545667,4.286641482272549,0.5545267085954615,13.78834959023788,11.866458402680003,V,92.5114265171938,1,,,,0
26.19788883435626,91.8069897196379,Assam,Cachar,1625.4626559896387,39.43286210418912,256.30256918410873,-1.4771411762779165,2.550811976464119,148.70958751978588,2370.854957274556,1637.664221958678,112.43993630703562,22.02360158766246,31.10846629579482,46.867932116542725,1.6556807294555567,1.205342612401303,31.064816815994327,cropland,0.5416015929447048,0.7651113641566414,1.664522833150596,5.907940603333813,0.05,V,104.3010514447589,4,06/26/2014 11:00:00 PM,continuous_rain,small,1
22.66614590217204,96.38998420145973,Assam,Dibrugarh,1069.296234599642,0.18570060511429887,63.51293370647751,1.9198651038108685,0.009674774757733831,12.289820944205552,2240.829361429794,1657.692639906907,85.56597044252666,29.12282162831304,33.784918299965305,37.09226007172166,1.393064473953092,1.359078650452941,28.48690150676575,dense_forest,0.4014156161929022,1.0199357825721775,1.5998987430161629,1.3592367493596216,13.755700286700625,V,189.82820318418032,0,,,,0
25.124514354299492,89.65247001673852,Tripura,West Tripura,542.0674401386359,18.72056167110152,227.37516980864447,-2.844568968528161,3.0307071275146296,87.77568255732459,2079.6560280534595,1388.722839555874,60.5807934548331,26.269255779029706,16.395378552118878,57.335365668851416,0.8976053698819761,1.1148770802259174,29.294599776056117,sparse_forest,0.6138400812751279,2.0322688282538777,0.187968814257844,0.16589312214876345,11.185242150085164,V,111.80375702134074,1,,,,0
24.42810547872439,97.22865414192863,Nagaland,Wokha,1592.6164241693498,27.496507145443275,344.37915694042107,2.2884415245888596,0.48812306699410046,113.65715502578573,2834.539814389911,1917.841384633754,53.24963480524831,10.641073492942915,35.87773243486433,53.48119407219275,3.369729398821228,1.2619138634906804,30.849556600791303,dense_forest,0.48768604623678524,7.257227923591904,0.2899322001938176,1.5072836256410913,1.632690425241373,V,116.96001203041533,0,,,,0
23.46104530021061,89.45928452295136,Assam,Dibrugarh,368.08778309980363,23.111453432929963,55.48304008657599,-1.737160921522857,0.4241095203042364,95.7827492492307,3950.9179933982955,2684.9823432726216,68.65971075156347,31.294149204166363,43.86644960326526,24.83940119256838,5.720424936023441,1.3391534046878788,36.13128294173771,built_up,0.3359239444860214,2.830834456476409,2.7073261183532846,1.8229019094535803,16.1875145300811,V,212.95540034459006,0,,,,0
26.293375262523803,93.31705965019175,Meghalaya,Jaintia Hills,3070.750230715625,29.514847268278153,212.3127868810704,-1.377818724317887,-2.1776745439952165,85.73563862915832,1957.8866094272094,1506.655020776369,115.74512381610919,24.746804350337193,33.023832212936114,42.2293634367267,1.7743637755593697,1.4088902553206626,35.132021873194304,dense_forest,0.6162013632713903,0.5164782987760942,0.7788646252330018,4.2398615741463,13.945235884529872,IV,270.6430889085566,1,,,,0
25.170877471926435,96.96222174015432,Assam,Nagaon,699.3469972787374,20.100914294915025,13.575302517960726,-0.6612120613081124,-1.7742281465591865,40.3791167508475,3751.0677871425055,2922.9933539998246,45.28043050169856,22.05622606264391,30.91438317254853,47.02939076480757,3.950107501281932,0.9541568214952436,37.02321442147625,sparse_forest,0.7632333028337491,3.1976909751474856,0.25972259355147326,0.14995661363906845,1.504800559081976,V,92.14841785160021,2,,,,0
23.901399849856404,95.50291047328572,Manipur,Churachandpur,1300.6055676770388,28.200723120275477,269.602080040709,1.1791872901805354,-0.3433129970076013,73.3322033303288,2869.264464474238,2023.5859986620155,50.0115582140732,16.989128176163675,35.0119804901705,47.998891333665824,0.830858850220581,1.2257551335246832,27.652288517264207,bare_grassland,0.4791914467441797,10.21418214241543,1.5320940515818644,6.050485066285395,12.450861334621834,V,189.73860290810302,3,,,,0
27.115200695447037,95.73070484206723,Manipur,Ukhrul,2887.6399499842873,8.393948064396623,174.0714469510908,-0.4526610765167578,-2.822637428222079,9.455463959938246,2516.087862267056,1828.9668570906292,51.17599758809658,30.587745671946397,38.627651859636494,30.784602468417113,4.523426070006682,1.599660198138179,26.65035115251699,dense_forest,0.7571534286029987,2.5749962865798386,0.5386459941552889,1.6244785132774977,4.9107136932462385,V,159.95352428510694,0,,,,0
25.973105219676945,97.07051375442285,Tripura,South Tripura,1527.5276367690187,5.708052252945979,210.95309957963153,-0.47681480156749856,-2.388135380619482,13.552645992908051,3984.8666234968396,3281.109544002449,57.4278637422629,43.30071934684776,21.819849119840477,34.87943153331177,2.320650882379562,1.2006138036851253,21.102294580470502,sparse_forest,0.6479493015025748,7.683871229026919,1.2344126972429705,1.3218917093574563,43.867739093701765,V,170.25226449505422,0,,,,0
26.782221669570202,94.46731018657074,Nagaland,Wokha,875.2892912794904,13.36634571414616,283.8734817167289,-4.005000527843137,0.30935882017225985,28.91129757764762,3955.215997228457,2596.4405404364916,70.65304703119108,26.468371052396005,17.31403779342068,56.21759115418331,3.71103754357802,1.2177898910701652,34.54674088656934,cropland,0.6316156340892279,1.9307622462985004,0.9994941993431555,1.3935787302001552,4.263221751977243,V,127.94827283653639,1,,,,0
27.33243116707796,90.96881424674578,Nagaland,Tuensang,1466.4712472275303,7.723886441742968,150.53646961976645,0.07661888924740841,0.8903359245919331,23.285948826802215,2526.864086808877,1642.8918991688622,85.41911354512516,32.85433118148299,43.45809340851034,23.687575410006673,2.5510019868670875,1.146653876039081,21.783279451498405,cropland,0.7431197726539717,0.6341241089687111,1.3459366077691888,0.9291533959095071,8.796388875549788,V,155.65702394066872,1,,,,0
25.52677380303654,91.26478749750537,Meghalaya,West Garo Hills,1422.8392427785163,28.54657300756896,85.53386271081614,-1.102934673760898,0.6864931512381726,90.49415179640107,3290.5767562530386,2630.7730523961504,99.55625781944926,32.240128619503395,54.53849164090942,13.221379739587185,0.4067671003963195,1.4024678954857155,41.768274585670504,cropland,0.5487852736338215,3.3403383817768617,1.318165783641002,0.06757591530830273,13.800248690422187,V,110.34189612643287,0,06/28/2010 12:00:00 AM,downpour,medium,1
22.17036128031372,93.99856033483371,Manipur,Tamenglong,2048.803336447755,16.022425741686995,346.1358350945277,2.2598169744634635,1.40802329011092,31.374933438131034,2866.714676701822,1974.1234281296543,64.97645487342893,23.591280705585223,51.502678179342354,24.906041115072426,0.8266764515040653,1.3322786823289312,17.085704325269862,dense_forest,0.7206960413827381,3.147441450271401,0.7405398175193367,0.3766786691172823,2.607067349811957,V,217.56046547860223,2,,,,0
26.449029933910495,89.88020776508894,Assam,Cachar,168.38636717015754,30.335026725625973,143.4101975718073,0.5759281772582993,2.0243227945468893,78.30247316275263,3583.7144999529587,2591.1229037111757,107.7060773706457,28.527697325459535,33.857859114723695,37.61444355981676,1.5788682381877186,1.2808626534800476,30.60041996311858,sparse_forest,0.38335642810636594,1.4261779780713997,0.8943372044171695,3.5097561837600932,18.59162494625398,V,85.90100129353836,0,,,,0
26.15988053091654,94.44778788111987,Nagaland,Mokokchung,1526.3910477727527,25.398959080149858,276.51356539181273,-1.832054489839062,-0.9811984569336099,117.6343779697352,3874.172636593795,2602.8147503902255,141.87665335580184,33.31638697427048,45.49306545272728,21.19054757300225,1.5519251250307906,1.2937879756542248,44.82026526862096,cropland,0.2551150312774041,0.4088855458640522,1.0197307703283507,3.860841716906025,2.5329965889212236,IV,116.82522954830418,4,07/11/2016 11:00:00 PM,unknown,large,1
29.349824144971606,97.37531305835037,Manipur,Ukhrul,1038.4758542308832,10.620389766956329,345.06195340817777,1.926013138663581,-0.018721232452132322,41.05785799732098,2130.721608116946,1714.0267320261198,50.701757453539244,34.13012692153306,35.52413614970448,30.345736928762456,0.9485110383296619,1.220175309847523,15.979806408100718,dense_forest,0.6641013596019314,2.525082775630299,1.655895958213003,1.6908114056207029,20.188923647048302,IV,64.17036747926642,1,,,,0
27.024485709386386,90.40030010837245,Arunachal Pradesh,Papum Pare,375.1764036869095,15.630849092682977,271.65210345931285,1.58577596592002,0.0316663282878546,44.25568029196691,2308.2737679248244,1776.3576905863306,62.3495245282509,28.879173509666945,35.09648884599798,36.02433764433508,1.1990903324217193,1.1891564292640726,33.60861961158484,cropland,0.6732002507172045,8.348262478442484,0.48398483044531543,5.536013675923281,4.437918922910236,V,93.50763502032927,0,,,,0
22.252579516504447,97.12862739063397,Meghalaya,East Khasi Hills,1417.968025838888,33.21930340516558,259.2280153858785,-0.1243864745508778,2.7407756041035714,122.86003351322628,3305.9162109497843,2522.82732716204,37.75458669188798,29.84696624636519,20.001781643466927,50.15125211016789,7.143018660448775,1.238494005407969,48.60255366039338,sparse_forest,0.4648153662164417,4.5712488896667995,1.1475306942899857,4.216225766817626,9.928022266832837,V,57.42291835913947,0,,,,0
23.86073344623172,93.0404124241527,Mizoram,Aizawl,854.7692231159504,17.210243696024456,323.97256012256577,1.385873177337941,0.9410978591842971,70.34987252800255,4344.185137694876,3308.1546404780083,89.03734712765336,40.442794178181536,22.542770431644716,37.014435390173745,0.9948103374997355,1.2944038743206905,30.493018264501067,dense_forest,0.11627377027707628,0.03389840367619374,0.6130254246927086,2.16348285434562,3.5986162858592405,IV,34.681575492719816,2,08/26/2015 12:00:00 AM,continuous_rain,medium,1
25.567422606272768,94.08674361543748,Nagaland,Kohima,1273.0063075057712,23.476150630340776,89.01767736862466,4.8697593164495006,-0.6837557677907331,58.90431878838649,2699.1223603970884,2292.9017938729385,43.30616349345071,40.66186512777011,40.479573401298246,18.85856147093164,3.0180123275320825,1.2725049206555603,43.54595414312127,sparse_forest,0.20729506409403803,0.24201241770823892,1.3476123156003537,14.833464536224518,8.94277021499698,IV,125.98456158078115,2,08/19/2010 06:00:00 PM,downpour,medium,1
27.374349185516614,88.63549583875704,Sikkim,North Sikkim,2122.9238018143865,25.783911027361704,212.51252710940363,-0.7743261961901213,0.22513542156184052,121.77305306258444,3536.223690088108,2426.724066912155,77.7885093347239,30.700104571820187,30.192050107240764,39.10784532093905,0.7550648062097641,1.3569592137374704,40.14036234552311,sparse_forest,0.6059335332007563,2.22654777527937,1.8280360599913472,0.02964292080293924,6.256415681049932,V,99.19783207861222,2,05/23/2007 12:00:00 AM,rain,medium,1
26.01916620786057,94.47335437978751,Nagaland,Kohima,210.18126865513523,38.622917525376685,96.42354574770278,-7.466661144806325,-2.103845329359724,175.911407918169,3104.6732014788345,2233.464745318015,163.42983427774465,39.397634175061455,45.15759113079882,15.444774694139724,1.0877424285066706,1.4677239343986999,32.56765889440914,built_up,0.6400309747283534,0.7076212265421482,1.80601639296184,1.5809189204600937,1.6242851176738342,V,222.77002324620616,4,08/19/2015 12:00:00 AM,continuous_rain,medium,1
22.814245853808384,88.7765308297532,Sikkim,West Sikkim,409.78850399481956,20.23995499666724,68.02802729306451,1.438658731375681,-1.9417380057546212,47.57380022102107,3634.161313387895,2903.6916109543313,35.58174181720607,23.087046563727167,44.257792212944246,32.655161223328584,1.0904346195477488,1.1119987522122803,12.922179073994691,sparse_forest,0.7046404052419438,1.774787406960161,1.3944728784531595,2.2842689846441044,13.11358141271087,V,188.91649178525728,1,,,,0
22.094147386691812,88.53289534060575,Sikkim,North Sikkim,929.1933256128453,9.50685017652242,130.21868438379263,3.3430082298568173,-0.9982340628697042,29.594752324542675,3764.1707834454296,3036.2724056070883,49.72369016653782,30.60288856971032,48.57610026585068,20.821011164439007,1.1736238672111294,1.3173052840576087,45.114856732949626,sparse_forest,0.7140250341944107,3.258735751662388,0.14356656813144875,0.505840333722631,10.781709803764494,V,89.95802287802644,0,,,,0
27.592090595524525,88.91910382411342,Nagaland,Mokokchung,1185.9095947020658,0.0,265.4087418854881,3.3955096144464876,1.4430193855835727,24.498467697124482,4068.6834974715493,2959.3187493924397,42.39482931005155,47.2167438555693,28.204569133113385,24.578687011317317,2.039492307083902,1.4403253750757872,34.17905756823563,dense_forest,0.5580180221750625,1.362701160354453,1.4222755156877067,2.4107399115199004,2.6051589217614826,IV,77.67471562280313,0,,,,0
27.628805513542886,91.86192498112385,Arunachal Pradesh,Changlang,847.2464006814441,25.475499076906615,278.37623119405555,-3.7513320449456344,-0.047592062758024745,53.328631892050886,2868.0695310667343,2244.609747352766,94.33394360573203,40.676146798041344,22.934701938332452,36.389151263626204,1.596838748957793,1.0857011511494776,59.24392806522637,dense_forest,0.10764724224803443,2.356240914564022,1.0895671460859753,0.2686622033862975,9.527222718007849,IV,282.45129596049435,2,04/22/2016 02:30:00 AM,continuous_rain,medium,1
22.869245189210325,89.123009817489,Arunachal Pradesh,West Kameng,3055.545559766797,15.410224949419113,219.47998757436005,-1.453991395491439,-0.91326785832419,45.83071718423291,3439.294157010809,2812.7832913799816,63.8813851705401,19.38689082338744,31.926104351607496,48.687004825005076,5.5228096429084435,1.307740789138587,45.97941988576245,dense_forest,0.5591224374696878,3.091920073247576,0.26532833139226547,1.3780570071136151,1.7861619169419563,IV,43.844855628019815,1,,,,0
26.17952041724035,94.86821086806681,Nagaland,Mokokchung,1242.575754977644,37.58723258835247,358.9921472766348,-0.33726574294119394,-1.3473174269107686,121.12065893654518,3489.139240134043,2639.072978623673,115.64070230774745,32.230029945216856,30.14363719504926,37.626332859733886,1.2118552201389357,1.2543161664314133,46.3274258502453,cropland,0.44347967978675185,0.41340428465882867,1.206906861979638,1.211395614328398,16.277454159913862,V,32.34189764168942,4,08/14/2010 12:00:00 AM,downpour,medium,1
23.67302544003172,96.65845399731039,Meghalaya,Ri Bhoi,1499.1241598220467,41.928361902982495,287.6791186293248,4.623433578661585,2.283292225780365,108.65618302413925,3160.003073950569,2445.997543312812,59.98527553736778,22.138395660385214,12.429030216433112,65.43257412318167,3.9644910887079536,1.3419909548401072,39.50757618776616,dense_forest,0.7357968770238098,0.8263443030799529,0.14883768366738495,1.1242029362411758,13.004885543456307,IV,136.86649168834444,1,,,,0
29.41744197367921,95.4587803184177,Sikkim,North Sikkim,3074.3001143630477,6.762008870642511,103.47593387590963,3.4084944739213188,-0.6605918423643715,35.255161790645815,2735.554365453567,1893.7791591882624,31.183279450625967,36.83814957511446,39.74361326788209,23.418237157003453,1.069440090863773,1.219892593362335,16.498768972083212,bare_grassland,0.6184641333112557,1.2407927760801358,0.2932396276230387,1.255274371920427,21.853990610494776,V,18.957951702974043,1,,,,0
25.705900856327816,94.11234847723465,Nagaland,Mokokchung,1633.8309475038059,25.630532377630658,275.5294654712155,-4.070099773170476,0.4828246928919674,75.28157704512117,3184.537521366874,2326.050495900996,116.57130107417868,42.62845534244124,18.611572844794914,38.759971812763844,3.099519029989717,1.4408786502335071,29.770748034678263,built_up,0.3905718526757138,1.7056819825621141,0.6021708048077703,5.505278977771457,0.05,IV,45.38485251439237,6,07/17/2013 12:00:00 AM,rain,medium,1
24.701694541487218,90.33413869244131,Assam,Kamrup,2614.9490354664863,22.119774009107953,25.180824520142295,-0.5640718537753059,0.03757350672256675,82.76536871042335,2981.2623252489166,2195.023589730851,28.780103491311532,25.05226287042806,44.664325531123865,30.283411598448083,4.072900605067117,1.7,39.36191831664273,built_up,0.5839066053990938,0.31000796878373416,1.3588269781174018,3.698755964118183,10.568825521515032,V,102.85550768232719,1,,,,0
24.401266593229728,90.64248232781405,Manipur,Imphal East,439.80003359763947,17.23830425074825,93.92470972932033,-2.517417985047888,-2.5345173043534936,52.34177498835569,4422.950698517068,2878.8874212007977,64.30154026044883,21.727398748211094,39.22351931126295,39.04908194052595,1.0912563757873777,1.2698043363906963,23.795400461990337,dense_forest,0.4557533653733272,3.9001105699295255,0.18607394501855778,2.1702221721828736,1.6516288680041615,V,49.89656129814041,2,,,,0
25.852881616949418,93.19251500787239,Meghalaya,Jaintia Hills,2188.0526471344797,21.560914859730474,12.704742508750456,3.4257767489196556,-1.2913161577834087,57.8442372168819,4415.699869760863,3657.0893947351537,69.71694342136882,25.676237360742597,25.546576415968676,48.77718622328874,2.3627878552014536,0.999317921406039,39.30655530484859,dense_forest,0.8379637593046989,3.7077855009458447,0.26699866513224485,3.335447283690083,2.878088425248659,V,77.76776699335824,0,,,,0
21.514313294921593,93.57712407386006,Sikkim,North Sikkim,132.1762628377128,22.867265496127732,203.83188189519635,-3.6169780004662004,0.9710288802187028,88.48803188762535,3187.2142810631394,2336.558717794028,84.70545160941994,27.305110536921088,37.47725213276942,35.217637330309486,0.8467390354219048,1.382829501133457,25.586729662397758,dense_forest,0.4871081894468439,2.505893145492265,0.5297493066089384,1.4463922343335067,17.039432882941824,V,137.95511032874936,1,,,,0
26.18817322613727,90.1910258853297,Arunachal Pradesh,Papum Pare,3484.3870383696985,0.0,85.23466841321569,0.3001144732974669,0.6958761030926599,0.0,2778.1746829416893,1956.7360883772549,110.85917405820597,47.38083244553803,28.98729049087904,23.631877063582927,0.9928449334445081,1.3615189745184806,34.62756484034047,dense_forest,0.5344826829392726,5.76278156723392,0.61465840570613,2.496277641559136,23.81812122055424,IV,52.38994500807378,1,,,,0
28.56931682873695,97.33022734351997,Arunachal Pradesh,Tawang,1409.4174179022718,33.61071775170952,97.67281537987876,0.5129419782185106,-0.29818896705596,142.13473978262408,2440.526358738223,1807.9825739040355,60.91922460448629,39.82182337465346,46.32959185393146,13.848584771415076,1.8280968407256866,1.3808226956402256,34.019167023558495,cropland,0.24781961560062132,3.4353497232262615,0.30805912551918874,5.789109369276656,10.643927518654767,V,309.53224569400516,4,,,,0
23.172472178911505,95.6373581755968,Nagaland,Mokokchung,3330.4262789132235,10.299052009034892,309.0782546525598,1.0614739431764229,-1.411665860498343,34.3649294486849,2079.9133370581535,1392.1446119236014,53.42811449931146,28.89552998769678,40.71116849117374,30.393301521129487,4.412594775788602,1.3715323377661102,31.630774249692568,bare_grassland,0.6802582944283235,6.084348558553288,0.49030813704640885,0.018970144911677166,6.045651079246568,V,108.2422304655252,2,,,,0
23.661936173173395,97.2402170190368,Manipur,Imphal East,880.6713867824169,4.0627383957010235,15.920525905657001,-3.7095144182995563,0.7342121913626196,8.345296368437467,2897.636159745317,2341.4156429079744,78.40486053285225,43.03310021308643,26.729373369374397,30.237526417539176,0.9046953742821198,1.4532836364263622,34.92761234107258,sparse_forest,0.44854960169516583,0.3273109214420183,0.05,0.2173994882981793,2.710587583309311,V,31.794303255820235,4,,,,0
22.93305355113626,90.99412392609443,Manipur,Imphal West,1929.253701270566,7.7344291577742155,270.5171363171249,1.0354304877775178,0.3288804723296649,30.34890707588155,2044.3771303797062,1468.6649006163536,64.2616450858113,21.133667050257877,35.20937633439201,43.656956615350104,1.8409106168809604,1.1116483030969544,24.24940005109929,dense_forest,0.4768030676898392,3.559299795694999,0.575273527148493,3.7145509169031543,4.856930565920716,V,315.2055766520292,2,,,,0
26.825620266856568,94.98654034686614,Assam,Nagaon,811.789174905097,27.212757893688917,56.23691641567385,-2.498369301383122,-3.562179399113958,75.37680536033234,3769.2503052015163,2906.6275965206723,94.33499638503568,28.372937453926937,51.34048429012114,20.286578255951923,3.3065525177570145,1.098666261629772,30.841593844176018,cropland,0.39696261915360576,3.687129966087703,1.427938436933796,1.1837702883844825,7.227291526493792,V,198.07707578306554,2,08/16/2013 12:00:00 AM,rain,medium,1
23.980448381983337,94.08356366123384,Manipur,Tamenglong,795.207604818839,29.597575916981874,330.02609894480935,2.081489714678702,-2.3453679872667963,128.74994849391726,2623.5604052678596,1844.277668264362,134.62861776044414,25.83486208866706,13.445500820752116,60.71963709058083,2.0638070963121353,1.135598817243046,34.846958887149064,built_up,0.6818897758131673,0.02689847092845142,0.7476418910637723,0.8050299179350993,25.73513090816235,V,75.97177723082713,3,08/01/2015 12:00:00 AM,rain,medium,1
22.381207033890856,92.690502997613,Arunachal Pradesh,Tawang,1242.6279700435803,27.103010449644973,184.3544306676133,-1.2316099874732922,-0.006441598963933315,75.33159325326483,4109.73111125498,3038.0468502771087,36.668155388539006,26.34877713434872,37.50180404756786,36.14941881808342,4.164813430280119,1.2105928293210078,32.655680600572595,built_up,0.7134389688056374,0.24243214971817595,0.3247482529900638,1.0568405365704534,0.4009757527355392,IV,194.31714562379253,1,,,,0
28.157732189729963,90.55762227470126,Nagaland,Wokha,1278.9965152662226,2.5853320775596025,341.2446374631941,-0.09646869708744023,-1.7881841848419178,8.938842515738179,4182.448462377585,2909.8454545635477,103.78245695981117,39.46278715089903,32.426521091116314,28.110691757984654,1.367156356372097,1.1720361723400523,28.68797712918719,dense_forest,0.5557197009753622,1.8474419340824846,0.6095407487556408,4.6702256090133645,10.128665568537976,V,121.73018042799086,2,,,,0
23.76276728078004,93.58038890148943,Nagaland,Tuensang,2077.1730657623875,33.12938141058143,162.85531360086148,0.8752115607828335,1.670292825271506,130.29605973029692,3433.8104532587463,2770.3979754708653,63.400438162130015,38.151819626334664,38.05751804907613,23.790662324589206,0.7749510547160916,1.3091946933086804,30.438169161263776,sparse_forest,0.7139157381368881,1.0940965081930911,0.7141536528290893,0.9446366012192522,5.270545217403765,V,138.27787947388367,2,,,,0
24.02237556801604,93.97698551997401,Manipur,Churachandpur,725.1717857561401,31.347526848623247,37.31247961659196,0.5949825721897335,1.3472202588496862,133.9860480917672,3870.5953378899635,3114.9025975160343,58.508127941030985,35.749565596656204,31.83029126938733,32.42014313395647,0.25797902352777735,1.4541192935249685,30.870252731235613,built_up,0.36971500637951205,0.10284533250817621,1.420752951728784,0.13169464607143833,0.05,V,47.772226026117735,5,08/01/2015 12:00:00 AM,continuous_rain,medium,1
25.1316947347703,92.3630734547109,Assam,Dibrugarh,153.3450305792727,26.59989953311334,359.11268242906937,-3.0470783021368346,0.8488078869798317,112.95115442852686,4980.42433285232,3440.9728845013465,185.53131173787597,43.3578606238141,23.604672788548605,33.0374665876373,1.1283913546349766,1.4726598153879213,43.891102455216796,dense_forest,0.3036968568797097,0.5477047804009902,0.5017426212146785,0.8451162550286058,0.05,V,36.746801574661106,4,06/13/2012 12:00:00 AM,downpour,medium,1
27.274379480926317,88.25097257485673,Sikkim,West Sikkim,1059.8351254981653,34.937664433660814,229.16713735913294,-0.3566048512414327,-0.5648363869201416,136.04357850833895,3007.80358845871,2306.2488251170234,102.58854990816641,46.556346225855705,32.72862629782876,20.715027476315534,2.439795436096422,1.4262315372187195,41.151706109191444,bare_grassland,0.43491756495503053,1.108530450336877,1.041638566735045,5.833863113054174,1.1926395629804594,V,204.32680097985025,3,10/12/2016 12:00:00 AM,continuous_rain,medium,1
23.760451825509236,95.50672162638288,Manipur,Imphal East,3939.8621733419473,13.66696398490898,223.9547320917057,1.6407955338791689,-2.415555282953865,42.554760218955586,2932.7892306075937,2130.7034868421188,32.38971479551099,22.385129031828516,9.120130951815032,68.49474001635646,0.5434525480114141,1.2908525551070187,29.401663449947527,dense_forest,0.5543911193022829,1.952183566477474,0.9184167854713371,5.969445644425781,10.73288155442998,IV,69.63307024914253,0,,,,0
22.400973580631703,97.19923209218105,Meghalaya,Ri Bhoi,511.78312643287,29.019149113254763,147.12272065277688,2.1212046793743933,1.4721824841010176,74.59813974082739,3595.9680521796836,2527.578336289141,45.73434251270875,29.194097697625114,45.243220145565274,25.562682156809615,4.9137748745981655,1.2633624899893945,32.69295594946841,dense_forest,0.4695441905407189,0.01999878532199508,0.7238122297108891,2.107538168672265,10.259857231611987,IV,111.65385008476905,0,,,,0
26.19309836228825,91.74708754240477,Assam,Dibrugarh,1070.8181886742989,21.216715923925378,347.4088553659148,-1.5290424144984294,0.05362452462145273,58.615516142652616,4124.281813180348,2757.717962438934,81.11131578688182,25.141003249214258,33.76422938211005,41.09476736867568,2.1812975952715328,1.202796563549731,49.45903089920009,sparse_forest,0.5915920926924132,0.6649396839520408,1.8411659716652529,1.002786754252571,0.05,IV,185.19336500703196,9,06/20/2012 12:00:00 AM,downpour,medium,1
23.340699869946963,97.2351308463428,Meghalaya,Jaintia Hills,769.0069259093202,48.4196605045687,175.64130179721664,-1.5810205965669328,-1.019282439724365,185.44625045221287,2041.5043281262617,1488.5025131522243,93.47651430449383,25.114500849644973,36.814178516080595,38.071320634274436,1.5510016307817711,1.3498564200804573,33.57606247344425,dense_forest,0.6617688005926857,2.94999122784809,0.6525018507216616,0.6931691526121284,0.7554108771593845,IV,134.88328389686652,3,,,,0
27.931334763603065,93.04774465099557,Sikkim,North Sikkim,1080.6545612594768,8.201797444759338,33.33321506720547,-0.6078623139615645,-0.7000669575334383,12.646121136426492,2418.4343242871573,2003.817990824381,49.68841347535718,28.902885166857434,25.699334700716104,45.39778013242646,1.5013168785955775,1.0650601436956837,29.038912561499213,cropland,0.3420056393053232,3.2818634189462026,0.9717360514075631,1.753890092050496,1.0453205468132092,IV,98.2831037953075,2,,,,0
24.850631168867825,94.4905440272776,Manipur,Imphal East,1695.787290688262,48.17286357484764,243.7533823667353,-3.9616299565952007,-0.598438093826557,207.93116140199945,3889.3917441650765,3048.066759846066,77.33306611473247,10.422871714037935,10.678395362191756,70.0,0.658559636955345,1.046481428529543,46.78073684584204,sparse_forest,0.43807832576797345,0.7909861954717308,1.9020703254164721,6.538569414239066,12.149272302145508,V,60.04268385737129,4,08/01/2015 12:00:00 AM,continuous_rain,medium,1
26.10437235072471,94.68906300303672,Nagaland,Mokokchung,1327.3995973158992,38.97960741002048,242.100025962811,-2.0046703256483243,0.6058875379035111,119.4617514771939,2707.0023132648075,1774.780504173987,96.36777062325314,29.446451859503984,39.86499236855992,30.6885557719361,1.356307447408026,1.469724532717057,44.2921444284479,dense_forest,0.4655818770616921,3.326587493226096,0.5532065691743672,1.9021031562984103,9.677485090958736,IV,196.5076428990227,2,06/07/2013 12:00:00 AM,unknown,medium,1
24.35404904974211,94.33209703850609,Manipur,Tamenglong,687.7776253906715,31.19203840955464,232.55517801028864,-0.9570963694911103,1.7562704768494717,95.74286773881711,3894.382336189155,3018.8612513644484,136.54399665464297,42.97870289013314,43.00529873792226,14.015998371944598,4.318901555026062,1.1635431928465496,40.05778153786165,dense_forest,0.8544708470746869,0.894756988949861,0.941889444305126,0.6912789671960039,0.05,V,96.85131192323354,2,07/22/2011 12:00:00 AM,downpour,small,1
24.921858896213166,94.42525706055413,Manipur,Ukhrul,1482.362670016107,34.86832651670116,93.57423847348299,0.6903313083555811,-0.003379686769598017,115.81969770279343,2720.09067663534,2211.9534144584522,121.6445023480746,20.799603529188275,21.20434806396569,57.996048406846036,0.6375545427960796,1.472458395126769,36.73300284346863,dense_forest,0.5676845927243573,2.3354530228230588,0.9277231871421308,1.6912533163856152,0.05,V,161.44516859913696,5,08/30/2009 12:00:00 AM,downpour,medium,1
25.55820202900679,90.84844244444763,Sikkim,South Sikkim,1645.0303526022665,10.14386987831416,41.31927380673883,2.0848785690491267,0.08192990385978255,57.71767762727955,3017.3354747346393,2262.966893270818,48.36422996216661,22.013435951217257,57.50282401566792,20.48374003311482,0.2,1.3441085424069668,29.650431842506382,dense_forest,0.5370610438895619,3.0739933233863264,0.5614445771973274,0.052459422639100986,0.24721850748385849,IV,139.10650657970425,0,,,,0
22.462547134399397,92.97306355500992,Mizoram,Champhai,1361.4408415378655,40.47342243470497,33.12518999040059,1.9838859895419574,-0.6374526394156639,124.6652187551062,4983.118934297752,3558.0052537103247,100.52188809274725,33.242311342324896,40.49166572831039,26.266022929364716,0.6996497117597674,1.3056156868531033,45.714406671305134,built_up,0.6012068571802835,1.195423156931584,0.29180768568371784,3.0279328018402034,1.625522080503929,V,225.53083829809964,3,07/30/2007 12:00:00 AM,downpour,medium,1
26.95156200632175,95.18448874286966,Assam,Karbi Anglong,1166.108746312082,22.16897818699269,224.51507160142413,-0.6891854789122239,-1.7904136934525086,77.76338417759406,3356.735910807736,2765.3499571005577,31.591402862755217,23.718628168482507,43.869153337780574,32.412218493736916,0.5444578024426743,1.305822661857255,35.171123222955224,cropland,0.5482822793076508,1.2665553383667536,0.6729954454815481,1.2220926110626498,10.52176459227246,IV,415.10903458239875,2,,,,0
28.910725610357627,93.88862799712975,Tripura,West Tripura,437.0132701523274,21.984734386360397,183.12917117988667,0.23891765885826263,-1.7354845069979208,87.14795563614085,3709.2316961694864,3101.2995972823555,55.0547577662459,30.269671118972894,34.480940898821636,35.24938798220547,0.7013200337410076,1.2464039078917104,24.942751214334542,dense_forest,0.7717643432370983,3.169194356957771,0.9624310579713381,3.129400235117979,0.14920361898480566,IV,340.2569452774744,3,,,,0
21.830237940537458,91.2663979354301,Meghalaya,East Khasi Hills,2200.2054448501453,5.4316624448459265,140.19561164046442,0.3238746417065572,-2.208404933825815,26.180108840632556,3804.9188666904984,2931.111630993923,61.58783256624008,33.91172086326853,39.72083536097375,26.36744377575772,1.0374125073690048,1.6572396570627321,31.73887442946147,dense_forest,0.4647777922046829,2.8828216697380364,0.5273725693210155,2.0125698080339682,0.7836952451694671,V,424.9445916803113,0,,,,0
28.501916484698633,97.37812005004726,Sikkim,East Sikkim,1555.8563347214495,23.000593775713327,161.24841431798467,0.3198801048449716,-1.1001205854133969,92.48102350277516,3684.281789522315,2880.0249101955383,81.51078268807032,26.28218887776454,42.05318889842212,31.66462222381334,2.2255840708903354,1.5568385789928243,26.0035070026792,dense_forest,0.6832796601111294,0.10516287751985025,0.34452679861789215,0.3461763832842315,9.761941137110687,V,184.96466048325425,3,,,,0
23.298325448969205,96.9490941199416,Meghalaya,West Garo Hills,304.00569977799546,25.85691268025294,145.91414551770168,2.5126925420095687,-1.716131277436883,101.37016353597339,2357.713267540017,1953.0816393933087,59.74638137653055,33.12691930379068,36.64330013483735,30.229780561371967,0.9219976845256509,1.1366822200078754,30.346038539556265,sparse_forest,0.28354647825723184,2.430599733518131,0.3591583318763718,1.9206165981960854,3.3441823998732656,V,83.17611799198006,2,,,,0
23.489588567193586,94.81266816830451,Assam,Kamrup,1141.7165057763382,0.5882195474418737,23.1339224569164,1.5426047957504987,0.19714000867826298,9.799874389430656,2775.9738670759302,1924.9598626396614,35.80166183565003,26.6739124955788,37.04565130631109,36.2804361981101,1.242538817187634,1.0554340729100407,22.266999216163995,built_up,0.7442473004365541,0.6002069956545977,0.948847494826717,4.995346395383365,0.9663184470424026,V,167.07779720915687,1,,,,0
24.593290192202545,93.97065487975708,Manipur,Imphal East,591.9187088006827,36.11961381877375,100.97162374236045,-2.427690176616345,-1.4491401660508805,124.32620582891091,4726.97815427732,4009.0811887337045,135.63050593469848,36.20204749900552,25.014818411264486,38.78313408972999,0.6276283005040842,1.2376006595746358,40.243077016611565,sparse_forest,0.66748756167253,3.4418989536864815,1.8383972476274535,6.9022832550799595,2.311679360825875,V,102.80199714405097,2,06/09/2008 12:00:00 AM,monsoon,medium,1
22.057116733533565,93.22873432031908,Sikkim,West Sikkim,752.6537201539223,20.08004004943013,284.125130770123,-3.029782816872413,0.7654291882509255,48.45579582581887,3281.984222435751,2262.617760332997,60.748213652062674,36.77965678070195,32.01636951962091,31.203973699677142,3.6546253723665587,1.2994950716451739,31.639912680308537,sparse_forest,0.3351959393941176,2.664295530106731,0.5744508080588485,3.0586970111444063,3.1355010743630514,IV,128.11116241553208,1,,,,0
25.067344929900575,93.43601033772954,Assam,Cachar,3525.222823598462,34.208729935462415,217.15738839417835,-1.7071614574004097,-0.4767625299414871,148.33850549585995,3432.0688010644417,2539.6574718739785,89.19082493558406,30.162259393238454,37.420027134864945,32.4177134718966,1.3735695475474377,1.4046800451336365,36.55977274625183,sparse_forest,0.7479121533049514,2.2483770459909294,1.9790173996193854,1.6562848252170015,3.1104906714478107,V,269.07186548421345,6,05/22/2011 12:00:00 AM,downpour,medium,1
23.81998073381995,92.47434878614008,Assam,Dibrugarh,979.1097043580232,1.2476237758967343,346.3320324355909,2.3724546238602304,-1.5098062153383676,4.161949084341691,3803.366380728028,2509.724052654651,61.49921751443792,31.71423020462211,36.865796033528795,31.419973761849093,4.478753464871188,1.3356238502377604,25.565023380483257,sparse_forest,0.7184072694595648,1.3464295713387735,0.45785944843756043,3.9705895179536688,6.555354043691683,IV,133.50877220415546,0,,,,0
21.550557785135844,97.03406951532702,Assam,Dibrugarh,1349.6581847122982,16.93003905862769,322.49638703075925,0.8141658283722263,-0.8639681543771037,36.78353328976938,5883.5422373594765,3915.134325036485,109.07438743990012,19.235417592543882,39.336003997046745,41.42857841040937,0.48678993652696967,1.1188166549801601,31.93627035222443,dense_forest,0.6252954098029246,2.8752491853345354,1.4939394448097287,3.256216421476635,18.317231389250743,V,27.61542153143763,2,,,,0
26.625887168657155,88.42709472197686,Sikkim,North Sikkim,1995.41053662089,20.4271272722346,280.73656858242566,-3.287324696533969,-0.18609273454580655,89.40109879356243,2936.4341211703368,2396.491390693115,38.79606498261339,25.649453213207835,40.93553214620874,33.41501464058342,3.0228246750348515,1.5202066096682592,59.879949220438306,dense_forest,0.7532364627082183,0.7816006280676334,0.3548050336586023,3.528246618843855,0.3198040339678205,IV,193.54314624000037,2,,,,0
27.774200898159297,91.96496801891062,Manipur,Imphal West,1230.8695574023366,0.0,196.83479407259895,-2.351822683700804,-1.5883023326689896,4.7315819229078295,3761.1722920792045,2909.966854598888,36.07337648177629,25.253574836658476,42.1256137079079,32.620811455433625,2.0526686969131505,1.2669818272498423,18.67935054396828,sparse_forest,0.4426880998382033,2.3066631687183303,1.1557314852480713,2.019877267697527,2.0221196135431225,V,50.4594379146244,4,,,,0
25.897983785362786,91.18353940896601,Meghalaya,Ri Bhoi,1955.5866384088356,30.528604492594113,211.73949398713344,-3.005603358893578,-1.942065434790259,100.2142870609976,3195.3301456406234,2299.812511022413,156.48948925853625,32.31724629372792,15.758112866326513,51.92464083994557,0.7550249828109542,1.377688416463676,57.317437707819835,built_up,0.41585044110039293,0.29856565056171663,0.5533134633039805,1.8380650182327585,33.07843624921144,IV,200.3019797462955,2,06/09/2010 02:15:00 PM,downpour,medium,1
27.62256625900329,90.26456825078988,Tripura,South Tripura,1095.2600557766743,18.91429113953621,241.4617077843726,0.2404949555784436,-2.6031027049919544,43.16280073285784,3673.279758404191,3015.8786914668303,84.38983342876577,17.867961389605718,47.660926064435,34.471112545959286,2.2229989139946498,1.355711035973626,24.3933088380302,sparse_forest,0.27017156793197544,0.9472992697004923,0.5219904195484725,1.7771284353934176,7.553753132328078,IV,150.56909773355295,4,,,,0
27.498277560605704,90.46700049780426,Tripura,Gomati,1915.5129767813205,20.5167943944752,213.93213278215643,-1.6442671076202662,2.8853552031337033,58.2199400936891,1990.9953039049065,1430.9347254871827,86.85086822075858,33.7878464082355,22.92772324506423,43.28443034670026,2.319580060038416,1.2740921197626054,36.34897155631636,sparse_forest,0.4279145963535774,1.1153576596697359,2.3370562648347746,1.3085243018296997,5.481136376853705,V,39.17443396352769,0,,,,0
24.79444429982081,93.36297256396172,Sikkim,East Sikkim,641.075324618654,21.82945323431392,266.37153068239286,3.1042665999412073,-0.07139572764280225,52.5951971869983,2443.709274090128,1652.8727004929808,63.817701043472184,18.194450827037606,30.441405445188035,51.36414372777436,2.9746181347116614,1.197899684644986,28.50755532904179,dense_forest,0.5447316607710465,6.141253140862235,0.24060842125329454,2.5736700419505394,5.319305682986077,V,110.68583289848047,0,,,,0
23.188611714826237,88.19881628025078,Meghalaya,Jaintia Hills,430.22156752250686,20.723289054988516,96.73011501184916,-0.9083837107589121,1.263737123549312,68.26081889306987,2302.8377047938866,1653.0066943639767,63.052845663574956,25.540836087858217,23.497972628455713,50.96119128368606,2.8621793806894082,1.259763027502092,28.486595804686704,dense_forest,0.41949517564280847,0.9438327451097952,1.0322140693836557,1.471332806826757,12.142033278649828,V,242.87914953546783,2,,,,0
25.129331098801345,90.62693086539566,Nagaland,Mokokchung,424.7555921579798,14.164429932958157,315.64786984301793,0.5634501151521819,0.6905802004494691,68.39294367412612,2791.117927688037,2136.0585138196193,38.74541917817632,27.904405430225466,40.620852520616175,31.47474204915836,5.09612827948985,1.2238622599395335,45.42559687866421,dense_forest,0.3731036762000023,1.8823944940930522,0.34958353472145365,6.226281743497721,5.435797597836134,V,90.34606454575574,0,,,,0
27.028593513982628,95.47355481080584,Arunachal Pradesh,Tawang,1648.1837248702714,8.524826060995341,115.13331595978887,0.8052639408494802,1.2041130863504428,36.598623628870556,5612.349333002298,4138.2122493215775,150.4314541916329,33.363362102601634,32.58025190647116,34.05638599092721,0.7650729882630892,1.3302883099122036,54.312156122049714,cropland,0.40993032435708743,0.2590831727960623,1.1420032551677766,1.8523039800999097,1.484300173872323,V,163.54670903833636,3,06/25/2012 12:00:00 AM,downpour,medium,1
28.127852357830797,92.65134137557416,Assam,Kamrup,920.7234304831193,5.327092240037658,139.35601284726954,-2.5873660237673626,0.3543728182312945,21.961918070731823,3321.5360137222156,2666.2977028724895,75.10593830631282,27.484243148967984,44.41868257261383,28.09707427841819,3.1155094097267333,1.226134899230124,31.543160815426067,dense_forest,0.4618475217093315,0.44737668665775676,0.8094358991690446,0.11357653616282166,13.234105542538313,IV,148.89700986914139,0,,,,0
21.98953358154715,92.7292227889394,Assam,Sonitpur,1296.8465430813196,29.594356950845835,52.59745892344861,0.015411830618400024,1.859532435950876,95.95284149918407,2149.621299535915,1471.4729558139288,33.24996316719768,40.405233668214905,51.46170407248,8.133062259305092,6.741857173657094,1.4438843370429384,28.126797334289023,cropland,0.5075846717233111,4.818662420726797,1.1424369850707876,1.5491062939485492,8.603774494480762,V,304.64680358711684,2,,,,0
26.42687028237365,95.05433559140931,Mizoram,Champhai,409.88726327944477,19.17986249337989,139.02118546318965,2.1658307273147446,0.8414916793920211,52.20509462596956,3147.2000299187503,2603.2087185716896,78.38360645881625,29.281770894738656,41.782105922141405,28.93612318311994,2.087407207604114,1.1652430818949202,24.2319306323895,sparse_forest,0.6353426337427093,0.03701375056651838,0.5349044622784129,2.4013188979998277,12.901178429897346,V,262.0470407637232,1,,,,0
27.97194279153567,95.37224691684408,Tripura,West Tripura,1536.871013208308,31.624391539969203,326.24200087014924,-0.514950398509912,1.2344768062482663,110.06541066558849,3385.537894811597,2289.989830463184,87.77570942754568,23.610333183601263,40.37251598672727,36.01715082967147,2.259286798391776,1.0585879388025703,11.050839159534283,dense_forest,0.4915119824276452,5.157474055727272,0.22357400848633624,0.3733319359593535,2.334026077726157,IV,240.15649526097647,0,,,,0
23.59743970608971,92.98498736082043,Mizoram,Champhai,2026.612219825042,31.988025428974638,208.29208897689483,1.185768182747898,0.12112557345710706,138.6830040177493,2873.9366965272493,2403.3922324877217,119.10976375179587,34.47637190678021,15.68458804711664,49.83904004610316,3.297938144506874,1.2351074780069664,29.655138369252143,sparse_forest,0.22008333318076112,1.7818896728664215,1.0807673978920804,1.2830758002242768,2.2635914674477413,V,283.55853319211803,5,09/13/2010 12:00:00 AM,downpour,medium,1
24.980268844448773,93.83107304243522,Manipur,Imphal East,1232.88076613092,15.725603121989137,177.12207585757514,-0.7750863428415363,2.064156923221969,54.989618482567174,3652.1375876318516,2894.4762896538523,133.39257970802947,37.46323507214762,41.20924878702413,21.32751614082825,0.6269958366805569,1.0052695143864434,31.560634033517275,dense_forest,0.10434219168722883,1.3550646248060076,1.3712588864111281,2.2887488419580224,24.23111947907949,V,297.965264752325,1,06/19/2008 12:00:00 AM,monsoon,medium,1
25.32148566935772,94.42265551299975,Manipur,Imphal West,1829.5580914457162,42.417952591947795,179.535909683418,0.7418722211006299,-3.0757426027787793,153.10130473145568,4657.062830702005,3875.681884704345,73.15947695383699,26.147972525144468,21.784064305781246,52.06796316907429,0.9749657820329034,1.1527627615524945,44.17466791402979,cropland,0.517435882261481,1.109779428503772,1.9806051160126654,2.220658722616148,3.1415764367182812,V,101.6516933562117,5,08/15/2010 11:00:00 PM,downpour,medium,1
22.271871255538315,90.39975120436127,Meghalaya,West Garo Hills,1386.8684467198768,15.936088881880423,93.78914741143558,2.1632985936634803,-2.5646330680449907,59.43746485958138,2771.0907495071506,1842.2290471684169,66.68339824178341,41.448115430986284,45.99710631403369,12.554778254980029,3.854569269386131,1.6055636462357177,27.575338797622205,cropland,0.4062567686234213,3.4264682667456707,0.7340104941255574,1.052606967218074,8.803097720081345,V,63.17484567146539,2,,,,0
25.734461776062762,88.63778862189123,Tripura,South Tripura,2494.5110202653186,12.664263497760807,354.67586935446127,2.581825243941639,-0.03726099657663391,53.45153801208053,2875.2070569147404,2250.1018377525907,79.03282722998182,21.07108230505391,31.80383165125609,47.125086043690004,1.9701169657830093,1.523092488258841,28.876222834708607,bare_grassland,0.8431218720504423,1.1611873512894433,0.8616272110099555,2.9773406734354078,1.9862997504619413,V,259.02158087193027,2,,,,0
25.135138869452895,92.19017006968404,Mizoram,Aizawl,2245.421695884355,25.909002544926373,289.71705598106803,-3.4227129026904692,0.06900584757001695,88.51164920374495,2857.9552320289376,2023.4363446358884,40.56194449297659,40.128252815153566,34.87753912356413,24.994208061282308,3.442650475292481,1.1674593063090544,38.725123534274815,built_up,0.5704550320339049,9.004886634326693,0.7809295176026594,2.173878608290071,2.8070758786604717,IV,73.98622056988714,0,,,,0
29.473392363053847,92.39575075544556,Meghalaya,East Khasi Hills,844.5601170973811,17.955329004487396,83.96090609438976,-2.6273625533527003,2.101361691723015,82.2013040730087,3380.7870207165493,2860.664237445544,62.619145290515064,38.496261865168286,13.931886317802427,47.571851817029284,2.98001679077653,1.4200384379427258,41.96839533513999,sparse_forest,0.5630256649690877,5.369823301080866,0.6838024538546104,0.26107277475705737,15.065736910049377,V,353.7966742252041,3,,,,0
25.507739944297917,90.22412924910464,Meghalaya,Ri Bhoi,1777.437720586861,2.2828056689528173,44.23637684837817,-0.10315218625029765,-1.69179511211291,23.017614294934162,2608.3989408040384,2156.022728394303,103.68973387774813,15.90316844887839,33.613798359352074,50.483033191769536,0.6424516461199447,1.356460858570841,38.88222745712463,sparse_forest,0.6358027377630667,1.0655334227531068,1.3547494273342382,2.4115998110854977,5.05385344046369,V,370.400567799599,6,06/16/2015 06:15:00 AM,downpour,medium,1
29.449562593794965,93.882591954007,Manipur,Imphal West,679.2151482955982,19.281230458801808,289.9223674541848,0.4908417367406308,-0.5937570261324854,67.75944378659638,3249.6864967130487,2283.1666648233113,70.85902782794318,48.573108121677855,32.23450615980863,19.192385718513513,0.35676020231005245,1.377216116066806,34.06997054295022,bare_grassland,0.5753463423475161,3.1772047747573433,0.2861771641584806,0.5155097179397375,15.85033950594575,V,455.086390649717,0,,,,0
29.281828374394955,90.14559826859255,Mizoram,Champhai,954.2308045586285,8.65868862007963,355.04314961873405,0.8630835631544466,0.6596810318016209,38.35095970188877,2351.36359566516,1825.0046982230067,71.99575377625271,20.67561186754438,39.60260087756572,39.721787254889904,1.6631831711054894,1.3767161816512894,28.730511027883125,dense_forest,0.6515143095249833,7.913326921260395,0.8175965270202976,0.5754995027492948,14.58605085017873,V,112.63578566923862,3,,,,0
26.911479393059984,96.57673608811811,Nagaland,Mokokchung,1954.9288841099585,25.428344125296018,340.13913605200526,2.112105712369146,1.7923920203272639,49.02655940307798,2239.4541263633864,1803.9563222864983,68.4455492190205,29.801390766687973,25.023487170030045,45.17512206328198,2.3197305264236388,1.5645603675257787,54.34645695756628,cropland,0.5051191593097574,5.01015187357113,0.7942858583208541,0.5316239056911488,6.991095635380913,V,394.084492788403,1,,,,0
24.77161940127993,93.4808833974043,Assam,Cachar,1462.4450974899744,48.87558246091899,47.097202243914886,-1.727266370178499,-1.9169019742704487,217.08962277208556,3754.837992665389,3176.7725952847386,74.25878813927916,40.87426420609883,20.485559739175176,38.640176054726,0.42591956837310807,1.2630191083423348,36.66686629650485,dense_forest,0.5662904948111172,1.8674357493194575,0.8105104983654419,3.5484494042615755,8.427213336383797,V,199.45636145521135,6,10/21/2007 12:00:00 AM,rain,medium,1
27.19641155005958,92.80477885768596,Manipur,Imphal West,299.7436423740395,6.0921494997492776,188.72369807592847,-2.4404825596967736,1.5439423634293008,34.139523944316366,6048.654836751701,4811.479143406665,62.2781433366425,15.10737321604457,32.949046606767,51.94358017718844,1.401812441054935,1.363445590570953,23.48977247593954,dense_forest,0.46225516735953337,2.634320550626658,0.6432202803345551,0.9665164455342883,21.609360609695123,V,167.18540862581847,2,,,,0
22.59372950257719,90.8949523800078,Assam,Karbi Anglong,479.0787972759832,26.135623548168727,311.4068964437145,-1.0545496302466617,1.2143848212260728,95.1779672086469,3219.2062467323844,2310.7775945222747,85.65624280863764,39.592237463980936,40.76904855982932,19.63871397618974,3.171155198920824,1.5480790218353044,43.672895155378164,dense_forest,0.43703381017811604,0.3294363215340428,1.2757794939382876,1.0118764832953122,0.7713948233920552,V,76.24353083578451,1,,,,0
27.80103148824716,95.22716965664375,Arunachal Pradesh,West Kameng,389.8066201174187,37.520538011158415,28.080761623960164,-1.5218342964939455,-2.6425020266556745,146.6299543862351,4518.643331321284,3566.383735613854,109.32001045014884,25.35201452782796,17.300067542373018,57.347917929799024,0.28357813019932343,1.5589303714047813,41.51735770981306,cropland,0.3907269694301998,0.10633185976963366,1.5596944457228232,0.6795837734992132,0.05,V,175.2682026569997,4,09/19/2012 12:00:00 AM,downpour,medium,1
29.37469705078114,88.52311451559666,Tripura,Dhalai,165.22141830835426,5.015783294133467,221.6802020003982,1.0456340772411035,0.12757003355711208,32.45499748348529,3913.781525999162,3256.278784365234,58.16555146084825,26.78485603064158,35.88472764388816,37.33041632547026,1.5485592356552296,1.4714565254390974,28.71255701238803,sparse_forest,0.4732948705209028,2.7269432770691693,0.1331363518195082,0.5264207833614634,1.5580997585769911,V,11.771324882402357,0,,,,0
27.803068185339143,94.89056072604478,Manipur,Churachandpur,760.7381413147224,24.10357658359279,221.173809615884,-1.0692553124568562,-2.521073809292677,119.22187301721968,3621.416282138595,3049.3539753813566,40.57709835851758,41.357134045209854,28.16493921323774,30.477926741552405,2.2778980603325643,1.1711625783372646,36.74751348590154,bare_grassland,0.5476602406332888,2.7550762214177213,0.06721703616403861,3.881793676397554,7.576239150526188,IV,62.594675802920136,3,,,,0
26.88743036975142,95.12440608262584,Mizoram,Kolasib,83.83093180495645,26.221433415117644,154.99985543982206,-0.7093958057856015,1.6281808380366758,107.95893828754573,4364.270537035471,3038.0178896082048,77.59466262856529,19.167038377882392,27.937865219400365,52.89509640271724,0.6902818847984763,1.5373677781623725,40.35648004073242,dense_forest,0.48500005684129727,4.022576826544822,0.6189093275439582,0.9326605562209747,0.9156244411741608,IV,125.83770374492467,0,,,,0
29.082966927571597,93.8145958375686,Manipur,Tamenglong,2663.8196388675296,25.979949404888746,101.16079953774447,2.6945600204838343,-0.16203170571745218,98.81559781855127,2092.960693180763,1525.3140263922996,165.71378196444175,21.351420595971234,34.505658169159375,44.14292123486939,0.46998341286083917,1.4761374804636482,30.544856354772815,sparse_forest,0.5259627073187149,3.6867665970288446,0.7500624847220498,9.02142940214352,16.680173441332176,V,159.65739004577995,1,,,,0
23.420744716873145,91.05144969637936,Assam,Nagaon,308.0413565150913,16.933920455123165,58.71171052535728,1.171130129299789,-1.7548229875548063,38.17686350754002,2680.3929798577783,2000.301283660288,74.1741119103018,23.114017457595097,11.765392671205742,65.12058987119916,1.307733497913419,1.4534810455971225,44.20188879515707,built_up,0.5905224234164059,3.8662088026100685,0.5515079810519907,0.17299158243486182,2.4853478140497467,V,316.1766269016955,3,,,,0
28.64018432111302,94.97445733073035,Arunachal Pradesh,West Kameng,647.2008083270645,29.53078849129431,136.7295768709794,0.3897488578404391,0.4112130714603277,80.28492645481428,5892.945033853719,4418.231799659647,146.6698729234396,45.31663357831223,25.62609423127484,29.05727219041293,7.066638911252866,1.4205379466216685,34.59423211325481,cropland,0.33338985111999064,2.6520282604904724,0.40113070149999586,2.4082400342117,2.51515512598037,IV,200.18278816478625,2,09/02/2013 12:00:00 AM,downpour,large,1
26.14726432553356,91.76979183922681,Assam,Dibrugarh,572.9403230906338,28.500424492356082,246.79911445252702,0.7481648010784081,-0.30531334980917046,113.24894481942155,3299.955161370388,2511.678531138607,151.16918693287394,12.702151410458745,41.1996237901015,46.09822479943976,2.1538681672603026,1.267658062821415,43.3047167329108,dense_forest,0.45328656437545045,2.8688279543367146,0.588001601134744,1.6869283378528799,10.663958721832023,V,95.09855802773687,5,07/14/2016 12:00:00 AM,monsoon,small,1
21.82564617832176,96.14608451918787,Meghalaya,Ri Bhoi,1249.416997482297,23.07584000000157,155.03170420384,0.23423810173347462,0.10492290007090199,70.16896588442047,3177.270283444951,2511.271059131854,54.00378222696558,28.825597753469705,51.07686157634647,20.097540670183825,4.79696758445168,1.13191009770283,37.970466469008315,sparse_forest,0.8568925239553365,1.6397950460776836,1.6812465745094913,1.9364527816878994,6.118920018896029,V,81.15202329042256,1,,,,0
22.96178433423856,94.65428534357115,Sikkim,East Sikkim,1819.9479853817995,18.888821179766484,102.99016939886795,0.3911858488560171,-1.9815757239884961,58.31042175371735,2563.053524782473,2162.489222626948,50.8043450478862,28.66749017991664,33.032923595394884,38.299586224688476,4.240834848831006,1.1836495479879443,28.566469668978343,dense_forest,0.6941428628362784,2.4426080880422627,0.6213557298163949,4.491639313191442,17.390526925561627,IV,151.42715442579916,1,,,,0
27.74038813306849,89.56499632543736,Tripura,Gomati,894.624383824228,36.512220519361634,2.7217663786236423,-0.12465980785881645,-1.0851044063831483,104.1244232226295,4188.160300300284,2747.3112038544114,64.86578105144083,36.235682874847434,31.497209106191214,32.26710801896135,3.0606642376521322,1.4473219499931291,38.49407626531011,built_up,0.818477495917876,0.9772624512996686,0.4245058602473087,4.841306063662408,1.2745092246233172,V,276.4981389367545,1,,,,0
26.20100222261485,91.75288327316157,Assam,Kamrup,319.81485028100724,27.09941667360646,36.22820832902224,1.2629986940120124,0.011763955807069126,119.191215071687,3902.462874481719,3132.582189049995,71.44604667756659,45.711159829645595,34.196402573816236,20.09243759653817,4.35164360090168,1.2456545218463857,47.67176843804251,dense_forest,0.4783549705149558,1.5772986554494908,1.7466477020549296,3.409710453792734,2.6701629071722697,IV,156.20660141066162,5,06/28/2014 09:00:00 AM,rain,medium,1
24.638750800079983,89.86570638773846,Nagaland,Mokokchung,2541.039843108215,18.597219534886985,39.257617149206446,-3.572834602771521,1.3253859898702964,74.35130648468065,4159.788334133431,2862.9241951323024,96.01861024142654,22.051242640054305,48.214958035975855,29.733799323969833,1.0626792110901826,1.218063468875817,37.16593069692959,dense_forest,0.4836423950498849,0.40234222092545296,1.3615860275943126,0.35673805924867913,12.122863766275634,V,154.38931032517988,1,,,,0
27.12623555281787,93.78296094446851,Arunachal Pradesh,West Kameng,650.9587168797904,39.31893402561288,3.039025929168697,0.7899912322816164,0.3568787765423608,112.44050518042633,5319.936380165503,3647.3758663170374,132.89916876451534,26.097385146826632,33.86818939171269,40.03442546146067,0.86311870265521,1.2271654677698418,47.17804183192547,dense_forest,0.5782309857685619,1.970685087706669,0.541343431835394,2.5892499862240155,5.338383350175633,V,200.61803671388395,2,10/01/2014 11:00:00 AM,unknown,small,1
25.67073281156856,94.15862091514406,Nagaland,Tuensang,654.8132407327755,30.766912505435357,350.5945761124156,2.384807431893835,0.00019302033512225147,99.537065785063,2862.5752872622334,2201.2370797902936,119.82640466276158,27.298926474662146,56.45440212488564,16.246671400452207,3.225622974166425,1.1835160528715163,36.67059914190843,sparse_forest,0.3518940842486025,0.27728712663824323,1.0144910728054677,0.1616816938097827,8.499709406672874,V,247.79795775802907,7,06/28/2011 12:00:00 AM,downpour,medium,1
25.20745236027512,93.80775194907031,Manipur,Imphal West,1262.2582588365835,19.342815950274336,284.0582728923984,0.39342764759199045,-1.945949766668332,49.806514058131825,2807.957482883344,2053.8402197336677,63.89260650847362,12.881630465724095,42.184963967583236,44.93340556669266,0.9715525746947554,0.9770731091473869,49.7077321003868,sparse_forest,0.3429508333400021,0.366635555479123,0.782025374004387,2.0366540523387093,0.05,V,211.2766528664066,3,05/31/2011 02:00:00 PM,continuous_rain,small,1
28.799632312927262,96.943021127058,Mizoram,Aizawl,352.12590232985525,8.97708780948803,144.02839103033654,-2.1882077626553884,0.8693468843585354,12.572173109092716,2728.823484262563,1816.744687353709,53.33707013327463,20.761318075549124,54.7800832080693,24.458598716381573,5.551982305583871,1.2281479745783306,24.10524694084532,dense_forest,0.4090329767094897,1.5286890659180763,0.22873788147103846,1.2325147335257045,1.9394352749072694,V,117.8096029985211,0,,,,0
22.73903953947373,92.30365227722862,Sikkim,East Sikkim,629.1996312751364,1.6161003454886362,96.2828195802851,-0.8462786967603727,2.068828721934459,0.0,2751.3123924170245,2306.9883224292166,55.5930229655499,24.28757003417753,45.02717608149851,30.685253884323956,0.584408288189217,1.3940619424066416,43.18902106203884,bare_grassland,0.5974802958139908,5.292697259987136,1.4301605321156687,0.11353812032953808,1.229969092580495,IV,460.22643199654937,1,,,,0
24.204705908131956,92.94492460340722,Assam,Nagaon,1612.2597141439792,7.839221776254474,280.60566556080454,-2.085430088629305,-1.1848112965207473,36.881032789588055,2601.401029774537,1796.963550078011,25.23300656774147,40.60544578247658,35.97812311207697,23.41643110544645,3.072797370136406,1.1950114699614882,28.69491564243111,sparse_forest,0.7802970009054822,1.7158326110576119,0.5015150229159155,0.06609137779886907,3.1790337188771653,V,191.4561174799955,3,,,,0
24.71131538060937,93.53613643664141,Manipur,Tamenglong,3413.9022903932664,28.039029672063908,111.58148659485326,-3.925749268024906,-0.4462213405636045,111.44877396099473,5612.331440673283,4453.479856566892,106.86422947434346,40.45355512724189,25.857418608126284,33.68902626463182,8.067409909227475,1.2746773184247868,42.15833561852112,built_up,0.555647548352492,3.6138936395499073,0.49884057990596076,0.08456871605644098,0.05,IV,106.94193902697182,3,08/11/2015 12:00:00 AM,continuous_rain,medium,1
21.541637848321336,94.68730757866511,Sikkim,West Sikkim,879.4300290138975,14.790615287970342,281.91533011734583,0.9175135851780796,-1.0356887526585226,75.07356506386843,4151.750052190537,2911.3887537908895,133.26509267511008,27.84039307958244,37.24216856469673,34.917438355720826,6.091290092846111,1.0145119724771485,31.740004067107733,bare_grassland,0.6666510742230813,9.853601238180273,0.5627914563698367,0.14028100988216693,0.567612829811333,V,59.68388157432783,1,,,,0
26.301050587790677,90.68215544843827,Arunachal Pradesh,West Kameng,1988.2009979827806,14.822468354591036,37.69802107993464,-1.2836770548427572,-0.9772732576688331,52.49093633358551,3552.0441535405716,2796.2320531513137,69.30797085490946,27.59347905937649,22.731339564908833,49.67518137571467,1.2294299648900884,1.0805629176906564,25.946694391299093,built_up,0.3639884249037101,1.8992125385876382,0.8265899454475353,1.6232867149960568,1.9901369423577897,IV,137.67423914960148,0,,,,0
29.358582022080583,91.22060908367702,Meghalaya,East Khasi Hills,2763.653173343819,16.98958962141842,137.03010996478204,0.9695650571273386,-1.6948178530247788,65.8296836484017,2968.319430218842,2421.9573204862027,35.05675116707168,27.501574858357902,17.157943345714592,55.34048179592751,0.353551061646195,1.4021553629519632,26.317265347247613,dense_forest,0.6798294153597907,5.732383440380513,0.4468926727947488,3.6329634098232337,4.768286876945471,V,255.21611769500336,1,,,,0
26.37947448106761,94.93052245046447,Nagaland,Dimapur,1004.7268153519573,39.201455234217185,84.11835839055168,-2.045914881554951,0.122283918473858,169.18258092643876,3678.9417354307484,3082.1946865441396,140.92230296284214,30.09102907613368,28.95769002947179,40.95128089439453,0.41857596932088603,1.554555572395302,33.57235896253485,dense_forest,0.44020888121167623,1.3442167806907488,0.6871462128964607,7.413696904318039,9.264280519363883,IV,418.76696264999515,2,08/16/2013 12:00:00 AM,rain,medium,1
24.202891997327605,92.77320932095773,Assam,Karbi Anglong,1902.3653894719457,13.032155002855923,211.86111068779,-3.5324583062376065,2.388353262118576,44.21617280791572,2615.4194974059346,1995.5954292296333,85.83107697165491,28.540073419220565,37.23475183123636,34.22517474954308,1.55754234207196,1.3111222407716097,29.175090155924266,cropland,0.6526758964961444,3.001920446263627,0.3845228237459615,6.9576594203772535,7.334618129147231,V,228.51676385320576,1,,,,0
21.862925425572378,88.79388667413777,Sikkim,East Sikkim,1191.012671638238,16.557177107891057,31.81817591202668,2.2750417287042173,1.5507088616411044,79.69386473520382,2580.3376566678025,2163.3809051175294,94.10362190917913,22.85062003084558,42.807789275467094,34.34159069368733,5.358261647638499,1.1675376708433913,20.756933570631237,dense_forest,0.351733707963362,1.8612450970972119,1.7131863890400394,3.8917905549992042,5.526787391743779,IV,62.31641450191071,0,,,,0
27.53765904405094,90.84692375318754,Tripura,Gomati,478.606858446526,22.23827140818193,225.01434498840197,2.146258688393449,1.4085467997355074,62.42481692068673,3719.973859656949,3120.5136406299453,83.486641764025,25.854412287496245,26.698498353866263,47.44708935863749,5.712087701049115,1.424547919320523,37.25155230474954,dense_forest,0.37816675274036793,0.20588447174277466,0.5582684151593257,2.358198057945718,8.286425254679397,V,338.96066923799583,0,,,,0
23.323295783342438,90.14196959610572,Assam,Dibrugarh,1882.4061631612592,18.74524159696138,172.06178257888357,-0.16879068797244492,3.5118094861881572,54.72776511448964,3102.7472659426107,2196.8382825790572,56.713961854546184,25.004138205488488,42.79944269108972,32.19641910342179,4.354713920447009,1.3027701996672738,33.6957758607936,built_up,0.5789967853449742,0.8144926005613827,0.372185123164285,1.9301557218923624,7.241029037626748,V,66.98445072522917,1,,,,0
27.796809311847372,89.72723435856865,Mizoram,Champhai,154.00245851093848,8.713927186085222,292.62619895148845,0.6491107939194204,0.2111513545371438,33.9498686441154,2993.950231282718,2124.0115027963175,85.83313489731891,23.144229593566443,32.4376150290367,44.41815537739685,1.1160397317015942,1.3656041509783166,40.69180737756799,dense_forest,0.29234452885579043,4.889163149772709,0.11398588735288209,0.9137758381127449,0.4244691705075503,IV,64.5771030086852,3,,,,0
22.59024424791875,91.81488269823942,Assam,Nagaon,1526.4690892829265,26.431999126085863,187.1528286046191,-1.199934685554882,0.30734346997191586,111.02375102934002,4223.391021044781,3195.636397125336,43.82815905358356,22.75008267208972,26.845472616522756,50.40444471138753,2.1621181095801507,1.4314278918356473,49.81531243222034,sparse_forest,0.48365424108096183,11.710752254334432,0.41449262179957813,0.6224660361466652,0.28042254437700154,V,112.92431655735615,5,,,,0
25.178747513867187,95.97021551823062,Mizoram,Lunglei,1441.3237105908092,29.69437501445006,269.65836873894455,-0.7856239811492991,-0.5005478269839685,130.52583245726527,2181.662063475074,1814.0280160649972,48.659303186654505,26.356131146070446,29.891823646198226,43.75204520773132,2.3445235518759024,1.2826582657789254,24.86055997076699,sparse_forest,0.562893404142503,0.19833505701093762,0.4254258963505466,6.151936769112284,3.4210811286314193,V,188.31309696416056,1,,,,0
27.098022533662725,88.36741495572726,Sikkim,West Sikkim,2261.227069791683,28.691563349318045,79.0522635686968,-0.6091344382345011,-0.63736802625767,120.84953598925112,2346.3534956936855,1980.2731964388176,154.0872103841936,30.948105904310584,44.53879193420326,24.51310216148616,3.8513439511803247,1.1729773954046097,33.26165506730705,dense_forest,0.9124539377701719,0.9121836191940853,1.8607977889996221,0.11221528776702801,3.023090567418509,V,100.36727328663329,2,08/20/2010 12:00:00 AM,downpour,medium,1
27.37247437748747,88.64810762235277,Sikkim,East Sikkim,241.91452321738643,37.057134818413296,14.571355765830809,0.6188949447996897,-0.6964830704893177,115.87498282823447,3307.3606212112636,2749.857793424844,56.65065923324067,42.244117060673496,14.631087800627439,43.124795138699064,3.7176455849635435,1.175615853888841,40.12657926831039,sparse_forest,0.38393193112196466,1.325123085249683,0.9981831818930264,3.006122603779484,0.05,V,552.7698969890748,3,05/31/2010 11:00:00 PM,downpour,medium,1
23.763080669180614,92.78070611789325,Mizoram,Kolasib,858.0937374921739,29.93853056498848,318.8452699234025,1.0857083453972023,-3.1709081415297717,117.74635346177664,6648.00384815715,4496.4867670242475,60.89521474907379,30.950502697864877,14.465262251290529,54.5842350508446,3.2199701454814833,1.010195592122479,49.73300032202354,sparse_forest,0.4497009455407908,0.783457871419674,0.8252701038987555,0.06417744593878173,2.780376990708997,V,238.42444607760868,3,09/13/2010 09:00:00 AM,downpour,medium,1
25.055458811742927,92.84031650475927,Assam,Karbi Anglong,683.7253796057009,27.918893676661362,77.05961816016041,-1.3025608947490739,0.026245441143594894,104.32546954936504,3864.4946431898156,3104.8829605847327,112.37681510232221,33.309010000609796,15.423069124830196,51.26792087456002,0.7126702558812501,1.4326239545278083,49.62785828074198,sparse_forest,0.5324438375711328,0.61083307505436,1.9435202770422344,0.30760754671453683,0.05,V,297.78803305994427,2,05/24/2011 12:00:00 AM,downpour,medium,1
28.960149129449082,95.3337514176595,Arunachal Pradesh,Papum Pare,690.963232601577,37.521913721672064,102.95504970482055,-2.5602291321321804,-1.7815695378619598,150.9418088924758,3776.1089821021465,3077.0482926926356,89.60492388138127,30.593016316719936,27.500878776390994,41.90610490688907,2.1931554515422427,1.474235533960959,59.010000129518424,sparse_forest,0.10152743911951148,2.8143684916741805,0.6501361551436518,2.641106432829522,0.05,V,174.27164660076232,4,06/26/2014 11:00:00 PM,continuous_rain,medium,1
22.027408692249104,94.309892939144,Arunachal Pradesh,Tawang,3095.8875197169727,18.255465926829217,229.0256390125882,1.1769297315196914,-0.029167910520278006,77.00717237049447,4444.656606460745,3751.1528940560534,62.62745246313698,29.333866938238536,40.615096385428984,30.051036676332473,1.6096832297521166,1.3255317290876218,42.35640560550803,dense_forest,0.4104146752435838,1.316789067176843,0.43102424719211707,1.2465156386576457,3.873856177080222,IV,45.81852282769469,2,,,,0
22.890659404331934,89.0692013433364,Manipur,Imphal West,576.1334441940513,38.88677275597863,196.85537013808133,-4.112978512566066,-3.3740139569125382,96.11271013321303,3589.8599530335614,2668.353382522175,41.65890065001697,12.352675141509184,52.965893053273945,34.681431805216874,3.2934457251810687,1.0730584661837477,33.19907349298683,built_up,0.699857604581333,2.416273175108222,0.4459839693719939,0.32317523897423756,2.2382727989233544,IV,344.7511218707677,0,,,,0
25.543577694013212,93.3827608203905,Assam,Sonitpur,194.2025368387909,14.758657241666134,178.73944420841096,0.8761225141750019,-3.0802291458713045,43.45620885309997,3490.038026346168,2792.2465321527534,73.09103755793575,34.59312918731076,33.46167542500454,31.945195387684706,4.483465321960702,1.194995266004813,34.37457529879302,cropland,0.3970724068428779,0.10698733112657717,0.974847294858449,0.9810120405124401,4.871040675017451,V,72.2733252544364,7,06/29/2011 12:00:00 AM,downpour,medium,1
25.168354170534048,93.03597728058834,Assam,Nagaon,721.2676647503878,43.028588124286905,30.904121808061696,-2.7213420240663257,-0.8643452324163723,118.02111599002353,3018.838800087118,2365.8053463437236,59.21238334587969,33.26741487004932,32.80625573168088,33.9263293982698,3.574463984868753,1.561032141510967,42.671125984804654,cropland,0.3708898358868856,0.11257769844355991,1.0273457148828085,6.096012202560555,14.951726780367327,V,245.75103875318374,1,04/01/2010 12:00:00 AM,downpour,medium,1
26.118302564413625,93.47433655198324,Arunachal Pradesh,West Kameng,405.45612578418996,31.31844512409093,39.174803409008646,-0.609650970713292,-3.689338193763012,83.14629013146661,3410.814460930903,2474.652940195296,83.72990899487077,26.168035480018236,36.688042103963156,37.14392241601861,3.677197787959547,1.3529554960304755,49.22400310120732,dense_forest,0.6909611461645875,7.847711589193569,2.208232115162813,0.2680521409873603,4.078276109255964,V,92.24541858080511,2,,,,0
24.862880266675543,88.94263389915098,Sikkim,North Sikkim,1670.7126892094618,15.660260331245702,286.1986879338248,0.7415534509265034,-1.8151710334410427,32.86834728144329,3704.9925883168203,2926.8626911345536,40.86890968402465,19.648952725139917,44.78090246426822,35.570144810591856,2.3198560815646903,1.516951074522713,23.442421014098258,bare_grassland,0.18336325319655083,1.2957521795804818,0.8135247229630708,3.0972430732586673,16.763369011937836,IV,73.7591912195194,2,,,,0
25.88393395951714,94.16319576526256,Nagaland,Kohima,730.2383695824908,39.24928213069527,18.14957482916382,-4.123934783213883,-1.1933208060893914,162.6081449438151,3315.1424038701857,2773.7653523185472,101.70558160785568,30.02216636754847,39.085760099087295,30.89207353336424,1.6200223613181002,1.1011401606779727,47.602552426398724,sparse_forest,0.49859012980212214,1.0198045896800076,0.7713218609388572,0.1195822331697003,0.05,IV,169.68845463577688,3,07/01/2011 12:00:00 AM,downpour,medium,1
26.474074889281642,91.11972628301302,Sikkim,North Sikkim,1043.9052439601355,17.070642508045985,136.283179761771,1.4199265532771215,-0.10943311920461984,76.69325046478698,4447.047666228069,3678.5924553508603,45.69626877594324,27.552536072902946,33.94389637723718,38.50356754985988,2.295834453355199,1.0554981047643217,38.1065258417436,dense_forest,0.508274253631038,0.3976017700150878,0.437349250996278,1.3529537663869111,3.273695503338506,V,104.85074426400878,1,,,,0
22.50911990446628,89.68096280677537,Nagaland,Mokokchung,1315.0332345106099,15.917976859552605,53.17967891646008,-0.5618488251923285,-0.32797050992825716,49.10846657235493,1784.1739490711202,1165.5536205886087,33.78297279219459,17.20284322424012,25.35673123331277,57.4404255424471,4.63516622911626,1.4546959745680068,26.202787512885013,dense_forest,0.6771511577077995,2.6845891734273795,0.7311449380768247,0.4885518091327956,10.36817147726858,V,96.179471568242,0,,,,0
28.87014138746232,89.75632828243961,Tripura,South Tripura,1564.9575251521787,27.98690254763391,163.97374712700622,-0.18305141664575422,-0.8391868081310473,95.17282646842702,2370.59331621397,1675.221862999436,110.35445272494633,22.68539969659347,38.01205058151209,39.302549721894444,2.5642396167332353,1.4166041912771106,29.489070957660335,sparse_forest,0.4911585205238898,5.35221256555741,0.9864333828554527,3.686971212988537,4.842585315793162,IV,290.5763174956122,0,,,,0
28.73317357612575,93.26765747052892,Sikkim,East Sikkim,1044.4127250109022,19.81817681822577,288.56049794378765,0.7814165889679943,1.3173655071654733,62.51107629665922,2932.3763775447947,2245.019016846306,60.47619792967984,36.08200684840524,44.236818435889724,19.681174715705033,2.0712193966739436,1.1556798506174122,34.58857265843606,sparse_forest,0.36426496900432714,3.5983441714018443,0.5583477349296662,0.41227391372483535,1.4497799631683792,IV,267.812336839415,2,,,,0
24.164301205610986,90.24157571645827,Mizoram,Aizawl,1608.4541373381476,20.13777966218343,357.3544188702089,2.813042285159161,2.517292962697215,55.68256439977371,3679.518147563291,2650.249807438928,59.25831713979916,33.363331963788525,38.3058661968253,28.330801839386176,0.9471617853863745,1.2204339988463386,41.89020273306717,cropland,0.7404686384560315,0.035015718122379434,1.995840293088495,1.9559671933099163,3.1455558845294314,V,165.2802070930613,0,,,,0
24.236011108101156,94.8210633472422,Meghalaya,East Khasi Hills,1334.4326314932464,18.967596361178142,79.44857269776514,1.8947259564864596,-1.6912884773154455,81.69198172375422,3855.1182241200927,3071.6802462962983,51.00669460340309,22.53500062104944,41.85311499160487,35.61188438734568,3.0548527118857463,1.5605451492341353,30.77285917831018,sparse_forest,0.40818162426673876,1.133749269816362,0.32768358367243033,6.210390023010502,9.985097958318072,V,406.90892900937973,2,,,,0
25.486735161969623,90.16722312340698,Meghalaya,East Khasi Hills,1647.5730230167248,48.74165745299946,345.19420066370213,-4.189733032510437,-2.637513023317985,131.19749015139743,2780.07722841123,2069.530297357246,122.43408603172122,39.48651324276099,36.640600189849906,23.872886567389102,1.3976648659453572,1.175719071317221,48.41995871522783,bare_grassland,0.11525305836490829,0.4306587122935948,0.844024842119138,2.393615000285007,0.05,IV,132.9549271625837,2,08/16/2011 08:00:00 AM,downpour,medium,1
24.130811885236895,93.60262474590343,Sikkim,South Sikkim,885.4935520724637,11.229005240918708,145.5075410192227,1.6717860969539768,-0.2577071534410455,20.112227477835354,3329.774046231433,2672.0796548670673,48.47434923667326,19.12092031388221,40.934695167227794,39.94438451889,0.31969399933494486,1.372538886851567,27.560744039226396,cropland,0.46034322297605723,1.9893849318754677,0.48821720863251694,0.14686181743945997,6.985390604026648,V,34.43022662655777,1,,,,0
24.49465476491149,92.72466079003875,Assam,Dibrugarh,878.8812035090413,37.69224470517335,10.17489641439238,-0.6030912639922404,0.4466857855113049,130.08260910119748,5035.613854975087,4159.43162145476,117.6374329625506,23.241683076362236,37.606107848578255,39.15220907505951,2.180811924337168,1.460910244947468,40.37963396112323,cropland,0.4299226662214094,0.18320237227075953,0.7439836379703411,1.8884721752353537,0.05,V,180.11427007373834,5,05/18/2016 08:00:00 AM,continuous_rain,unknown,1
21.80003395856033,89.23425961236359,Nagaland,Wokha,864.4885975155028,16.74565360660207,319.35453856397567,1.4973638552390514,-0.7269257053681326,67.33859318106613,2514.247750324279,1707.9776892248549,46.926791789403865,18.009240704474884,69.45070595895504,12.540053336570082,1.0800581504566686,1.380137462108773,36.39374830702933,cropland,0.6683119679280451,0.0537037620298645,0.45748071905044646,0.10523449614122306,0.891305071361905,IV,106.08959858395812,1,,,,0
24.683878230128744,93.43669046128916,Manipur,Imphal East,1222.4152678800558,31.447080712325395,70.4332047553954,-0.07789170680452139,-0.8973765731445023,96.22828334326472,3979.0555298033246,2650.1510055902795,89.18964045206192,41.203359052988915,8.15430460639186,50.642336340619224,3.3481836430660223,1.3816782897522586,32.731538927895045,sparse_forest,0.5662219267201448,1.102769075323995,0.5927342804810412,0.35151761580038493,0.05,IV,107.16821426260836,3,08/11/2015 12:00:00 AM,continuous_rain,medium,1
24.48910961069852,92.55496565409148,Assam,Nagaon,2964.3037587293456,40.25032402177436,246.80397954964474,1.585680268787417,-0.20205519620204865,105.7318123111717,3536.043104032349,2703.136956049538,153.0378023167202,38.74130457752929,28.6329550752917,32.625740347179004,0.2,0.9947805240208607,28.4912493666122,sparse_forest,0.7725835002024842,0.4818940592919179,0.5602674041345386,0.6690951882136859,1.0410770374952716,V,159.1389178516785,3,05/18/2016 08:00:00 AM,continuous_rain,small,1
28.145267677906475,94.40643563949996,Mizoram,Champhai,362.194186457494,19.185023225048432,302.62738465470267,-2.7072345239725784,-0.3052184655963982,57.28773047363866,2048.5474903964828,1434.5303790916862,36.79598136077489,16.965506261847374,30.28381527550848,52.75067846264415,1.3477602808005298,1.4113629433205857,36.74579409583315,dense_forest,0.17273956056188972,3.459476675072782,1.246931849351593,0.5737515575396569,5.011062382507856,IV,331.5113804138642,2,,,,0
24.33930661029003,89.1302029642297,Meghalaya,East Khasi Hills,1599.8147328331543,26.03593716113327,307.3914860907809,-1.6383301701125967,0.7777312066559519,98.85652002253693,2740.092447115365,2110.056854424192,29.30945455471625,26.634382233168317,29.56621508761196,43.79940267921973,1.4352483354816126,1.207267980145894,31.03633249516373,dense_forest,0.42285660790210056,1.0737201930616236,0.9030074627852601,1.3197051941890394,5.354280358142899,V,96.88440126249455,1,,,,0
25.200190366757752,93.00340484061313,Assam,Kamrup,1553.3770136068615,43.70514377520577,154.8397227974266,1.2349791242938981,-0.8498008114643616,155.34781356046844,3201.4934037487737,2604.7067163931547,138.67452480486998,31.413323875548144,34.0989484744515,34.48772765000036,4.30900507192375,1.3939915727255454,40.32449764215353,dense_forest,0.2947771599335184,0.15025252466974967,2.1180577798516897,2.7143206921988297,7.79845939149916,V,130.42448971062382,1,06/03/2012 12:00:00 AM,downpour,medium,1
23.531866554665243,91.04214150283491,Arunachal Pradesh,Lower Subansiri,2293.0883483428015,7.739178693496784,192.8753843164652,2.732206476722503,3.148487653558419,14.766588495459503,3189.7423732088837,2349.1720747767135,61.830007632855086,36.58300042580702,37.459091841970896,25.957907732222083,3.7584537659983783,1.2141740691289842,36.437970661549606,dense_forest,0.4457919040333536,1.8835145253905201,0.32268256228686704,5.2788037000124906,4.567417270255805,V,348.540371175146,3,,,,0
27.295035104054143,92.91049481735647,Arunachal Pradesh,West Kameng,1485.506784425341,40.29317999675767,217.4316394894402,-0.1000274176957392,-0.8624251247608481,157.56195501628193,5295.0394923657395,4233.353861585054,117.46495451365784,30.65130799171504,35.468473473926906,33.88021853435805,0.7821174232893243,1.2290865499182944,46.90190798410574,bare_grassland,0.39174907655245755,0.23410699782311495,0.9038737890551676,0.14300589183254125,11.618654236018184,V,30.050635729224485,6,07/16/2011 12:00:00 AM,downpour,medium,1
26.19681143067323,91.84862105589248,Assam,Dibrugarh,446.60460649533434,28.11329646938315,3.7833900587915092,-2.4402404166025,0.7786806943537435,114.54505868638947,4881.486711315969,3246.7578461817907,138.00308204368315,29.390723907485953,28.62540090998668,41.98387518252737,3.933520874095678,1.4416966040238932,53.099094077163606,built_up,0.39004574620514976,0.12565029702274672,0.6935082620406572,3.9780822201824058,0.05,IV,424.514475645461,4,07/20/2016 12:00:00 AM,rain,medium,1
24.787486720924058,89.7492272156552,Assam,Cachar,2269.047640932754,19.536436898380252,130.90077259988723,-0.3710121324423588,2.288658996450557,60.381726859446054,2857.215110780884,1903.181427098143,58.01327502338956,21.84891620972469,38.541313930581794,39.609769859693515,2.141418701379353,1.4132520649972777,31.33916176911236,bare_grassland,0.5339993907817857,1.7471210026417279,0.692339829282252,0.6444963597001324,3.8634996997310846,IV,243.32283611648492,1,,,,0
23.81233513981949,90.50477922773972,Meghalaya,West Garo Hills,572.4619370885317,6.444261579153087,62.96013984043083,0.8995182979955385,1.9744405859331917,25.775773697845512,2742.2080283005607,1986.086496760372,56.76472885473616,21.801447602357083,30.15963561026197,48.03891678738094,3.695671265083221,1.3370228267034503,40.03738512708293,bare_grassland,0.7420774222076808,0.4052257224494361,0.0788250465035506,4.679209897326469,2.2858502194209316,IV,363.4519016330881,1,,,,0
28.30841224310182,89.97058805149842,Meghalaya,West Garo Hills,1091.3399402339157,7.017500199630808,75.43154055013517,-1.5847131366124996,3.07934116991252,22.314684135285308,5010.504256230493,3783.0181447606,60.02347155299321,13.519941386947787,27.508611343922254,58.97144726912995,1.3768863801208544,1.3575497140420971,48.04645606267939,dense_forest,0.49345153736850134,9.808185506080964,0.40017407243231373,2.605701851186417,3.052443718675276,V,209.1063118631547,2,,,,0
28.14749192186331,89.54743743692364,Arunachal Pradesh,Tawang,965.8812596432151,22.093506710206356,112.46570889559823,2.5608444586503736,1.4363322658929247,86.79343457715512,2074.132211274685,1608.1628931435525,120.27251196137873,40.396055539591266,54.04456896321287,5.559375497195866,2.577512982797254,1.292469472741027,28.526397187140674,sparse_forest,0.5903219316408873,0.24796729634947326,1.2160007187948707,3.9583386432582857,3.0003440001877064,IV,94.51068179949226,1,,,,0
24.829699416951044,89.71012622164146,Meghalaya,Ri Bhoi,2085.9387698501178,6.235255173111808,332.33899283680387,1.3386628620971877,-1.7159905374447324,24.414548722819916,2902.76849068132,2327.7244809051367,36.365785627726645,23.014206144308957,24.316545576138992,52.66924827955205,2.1225712306650766,1.1147825324733436,38.949129230187616,dense_forest,0.7433664952931378,2.2339614952713953,0.660870577150643,3.157678519743246,6.884761975213963,V,133.59930926590624,1,,,,0
28.584377340650573,93.36408713445093,Nagaland,Mokokchung,4222.12092262846,16.21107072260315,290.9287409447484,-2.2384122093153223,0.2972391319786691,53.612716803050816,3551.4455616825912,2549.330822614538,57.3469348986791,24.68818015722418,41.17228839076169,34.139531452014126,8.542953645312046,1.390198707626858,38.87729008999879,sparse_forest,0.312383763810299,3.3965051687805925,0.6123820340284083,1.3396262794143055,0.30717497127949145,V,263.5274938105156,0,,,,0
25.17173615839872,94.47667454001869,Manipur,Imphal East,644.5861530778027,11.359250480827967,317.28826369079326,0.2990271617498824,0.782249375126582,29.373963955877585,4928.770343903039,4147.8319229372855,77.92301923138437,29.402461537555396,20.784586185310058,49.81295227713454,2.4755743286211347,1.2265224270187025,35.2757416539646,cropland,0.24944261599725054,0.14255916247509312,2.480826208855297,1.9783820056805563,0.05,V,83.73176230023985,5,08/01/2015 12:00:00 AM,continuous_rain,medium,1
27.701073440200794,89.56941454097569,Manipur,Imphal West,1970.5752724727947,8.67878783569856,331.27299069803775,-0.24599617562323414,-0.5369723538400197,23.173546169421154,3329.275318177919,2241.1850367237353,125.13627515285755,41.40568043349833,40.48862773029904,18.10569183620263,4.309935730804114,1.2984956928227693,31.702583315172962,sparse_forest,0.663679433157075,2.8046659846227597,1.4728692850525706,0.20442169546550837,4.675819960648547,V,50.851612335235075,2,,,,0
25.90422752622937,89.11590882834912,Tripura,Dhalai,1379.1093637280387,34.73402839093867,214.7760940045468,3.423987054203351,-3.074170665015214,157.48004340141554,3290.5382718491246,2200.000801370121,46.167766760409805,24.48237034395935,49.35926568226854,26.15836397377211,4.513078928981216,1.1210729141492386,30.775181183081457,sparse_forest,0.5909157110692049,0.5914866175976863,0.9379067943594355,3.040779583062066,1.560824562350336,V,315.4991113071999,1,,,,0
24.82146637435757,93.04968950313611,Assam,Karbi Anglong,1264.160846796159,41.6177647358212,164.329777985605,-0.27950355100813007,-0.7021777566441695,142.28682022529986,4272.890684600309,2876.4343039158166,87.68632208773238,29.712249598958127,21.259529997845096,49.028220403196784,1.7306533119868874,1.1905326715594033,46.44506257467489,bare_grassland,0.61052946125738,0.9043922280899468,1.246940623821406,0.15752910822073168,0.05,V,274.7279930256774,5,07/22/2015 12:00:00 AM,continuous_rain,medium,1
24.989719462493927,92.81195191239318,Assam,Nagaon,1284.5799982715464,36.883907473632505,89.33697547878907,0.32788417271677023,-0.041705466283669335,132.7404782432039,2956.630085423267,2143.314868623501,74.3089362982493,29.563050405120016,32.45704586939232,37.979903725487674,1.3429804453600611,1.5903722440604913,36.27770702353689,bare_grassland,0.3166357791147657,0.3494606527941394,0.9450879977153863,1.0815573345235894,0.05,IV,314.2515214829013,7,05/20/2008 12:00:00 AM,mining,medium,1
22.272256412190785,89.23331709917404,Tripura,Gomati,1830.1530650150091,11.487041316906986,7.669633214613305,1.0626996252694605,-0.6193291711737253,65.06495431611535,3403.8974369156185,2607.5050057255153,51.66535143390329,45.955795735574384,37.049449129662534,16.994755134763082,2.4287205136984045,1.3947914759528275,38.20313680195775,sparse_forest,0.5858835892374323,0.03582248524160102,1.0154126181980658,4.9629478814466035,0.2691088529516711,V,278.72656154829536,0,,,,0
27.099083470777526,93.71042130407608,Arunachal Pradesh,Papum Pare,2168.840446748453,11.228172298558064,230.46265141279216,-1.1691198524743254,-0.7235419490043709,26.13130413320858,5231.701598013248,4260.153744157775,96.94656308375926,44.456443314717234,38.761848579521335,16.78170810576143,0.6950487573675993,1.0987547790538132,52.253634908906704,built_up,0.27045929289926063,1.2113712362394287,0.9534320382080418,3.775127581080125,14.70228919799376,V,131.3596235362781,8,08/05/2011 12:00:00 AM,downpour,medium,1
29.08169622325987,92.79884164152317,Manipur,Imphal East,928.6398378820944,13.547227585506043,183.43809028294342,0.3451957197145356,-1.4893880470591665,32.130415369532244,3432.4967996174723,2470.117533911003,70.15014867694185,30.495245657091246,44.91730941394762,24.587444928961133,3.607049473472744,1.5215774010870786,29.182568226131107,bare_grassland,0.5425434899094375,1.900557785283935,0.39812097574921024,0.2919685219467006,0.17572494043652637,V,118.89159700493215,2,,,,0
25.22261992500582,90.54460726485965,Meghalaya,Ri Bhoi,2570.3225337904732,12.483666425853194,136.10086973020623,1.7685421891315536,-3.512236880747197,35.55323206077864,4682.44467239808,3884.994137458421,117.30552031560728,32.27051620840806,32.98650418729863,34.74297960429332,0.6262538153538582,1.3176592277256431,32.31886440054793,built_up,0.15100815938100765,0.0866884507408825,1.167998875727535,2.4224717789804,13.453487027520296,V,98.8704088562882,3,08/19/2015 09:00:00 AM,continuous_rain,medium,1
28.32627455946065,95.37228604631656,Arunachal Pradesh,Papum Pare,1376.7389618639868,32.47394698158671,87.20738831985899,-2.3325418048574686,-1.1038473575219376,114.86162965363931,2873.506802360085,2284.956703875391,161.78530193821524,26.603646463516213,25.348521845542386,48.0478316909414,3.470698932960849,1.283933183647214,42.81132914961383,sparse_forest,0.04976051031912995,1.2914284044044337,0.3414830001060599,2.24416179531695,14.354957193322619,V,279.041939513204,4,10/03/2010 12:00:00 AM,downpour,medium,1
27.40339041689775,90.66696702281632,Assam,Sonitpur,1240.727159918034,35.10113163441378,357.21578282344666,-0.9867858913740026,3.3725391119033645,96.86853952853389,4146.781996258788,2970.589449830397,37.80036363784383,22.51418707580479,22.291873472238287,55.19393945195693,0.8693825890978836,1.2947756500047924,14.492304556452687,built_up,0.3346365305763297,2.6078127895445085,0.8163143789448251,2.3005749114861698,1.9398417359351672,V,79.67479012085502,0,,,,0
27.737318972900525,92.81470547696838,Arunachal Pradesh,Papum Pare,486.8999593687274,25.511052121154478,277.4324825909888,-0.836840313122007,-1.0467694398028213,60.02034780190085,2792.535971014926,2128.4947678559274,143.11076049390425,21.680651567122,43.29757113366932,35.02177729920868,3.728315449419639,1.1817294552534916,33.3677923734205,cropland,0.2684222209594306,1.2591404254387644,2.461550149903328,5.832737055606945,12.477022700292736,V,86.13815736466032,7,08/12/2009 12:00:00 AM,downpour,medium,1
24.162646426567473,91.9547691537604,Manipur,Imphal East,942.4393356670328,0.5451399830170836,44.90292461717075,-1.3612572487075187,-1.092929697845356,15.076772718415238,2683.511294669463,1756.339142838285,60.208111067752355,29.053875310572625,33.52488757891726,37.42123711051012,9.591308208500998,1.116315870556815,34.08648945989557,sparse_forest,0.6390633266633432,5.765640013482651,0.9191529727239298,8.026313779331481,34.14999029042927,V,143.37293274208741,2,,,,0
22.822868322284627,94.84096254978112,Arunachal Pradesh,Papum Pare,404.57336715800676,9.782830965007875,100.43313273995855,0.6165638100592215,3.268181508232402,18.643471666650626,2891.0856022108583,2035.6412380912323,105.98317304817435,18.00390741030788,38.95578184838369,43.04031074130844,0.4196246622119927,1.3671682786943993,40.82081765347034,sparse_forest,0.7373936113415853,3.534305076153508,0.652397906996554,0.7639434223219689,1.5561189816235605,V,339.9515180019962,1,,,,0
26.951123610378623,89.67684820615327,Arunachal Pradesh,Tawang,836.4745816148525,4.710902657939403,153.22437970432918,-0.41816538792875635,2.737967110337985,14.809177659743497,2575.750913018963,2112.785687702721,67.27836091981558,23.973271630458594,32.71134264903532,43.31538572050608,0.2,1.2740390951719416,45.461791615265376,sparse_forest,0.33968912287087394,1.9582243051853465,1.5531880274541305,5.699157786554892,6.526942239045732,IV,227.68462968982294,2,,,,0
27.314074172059797,90.63340401050716,Tripura,West Tripura,287.72112920869927,16.084945522606425,169.22256572315973,-1.7600293966585838,0.5436395334060896,73.8032027783172,1968.9117901009693,1539.0707949869914,101.71575902937556,27.210284753577564,36.535192440145074,36.25452280627736,2.0371156079370123,1.5274529247434936,34.53225316117036,dense_forest,0.5526830577888935,4.309980291894682,1.7429624388245395,0.49834162126255876,9.959755510855546,V,440.71000991907385,1,,,,0
24.42517056201902,94.08502345623165,Manipur,Churachandpur,1354.0627466429014,33.6012539234592,203.74936394513287,-0.4403659400388682,0.9984303754132493,136.08452940380093,4031.9608553831354,2653.3164539599015,144.4386152414295,20.4343781587195,24.007152498140247,55.55846934314026,0.44059010718146885,1.1626130895865447,36.1965580222357,dense_forest,0.40356810474332094,0.6455255623099995,0.6023338158566054,0.8026438593908019,0.05,IV,115.28813749320523,4,09/11/2007 12:00:00 AM,rain,medium,1
27.19151498071938,88.53894507914463,Sikkim,West Sikkim,383.61806162447,34.444134842436256,159.70713693628625,-2.205715303859933,-0.1654461180150283,147.04448585432434,5360.542180806284,3941.6415880046884,104.8309487552441,21.0136622934327,36.881064953546655,42.10527275302064,0.3950842398556893,1.3504250725354472,37.837664612477035,built_up,0.2306670942238414,1.2295778199730076,0.7388456345240257,0.6283266854810663,0.05,IV,39.52313563374398,1,10/15/2016 12:00:00 AM,downpour,medium,1
23.655461243168517,89.02303090453711,Assam,Cachar,1378.584928004855,18.94252159097877,137.70728091425477,-0.29923553156161137,2.904055511842906,70.52290834798883,2696.9657003344705,1874.3674229665676,58.51917562336453,29.355509317143934,16.58324971421174,54.06124096864432,0.9693896833667218,1.2080772022879047,26.889818568342125,cropland,0.688359295136157,3.7404672606496696,0.4801043269939464,0.49834937714246247,23.313582800951096,V,112.78420730239418,1,,,,0
25.434011551278225,94.11919478795382,Nagaland,Tuensang,615.0857470959329,22.066549053501127,290.1969153240201,0.6119913510839239,1.3287268773990317,93.58421922740281,4577.017046182299,3535.842430441285,129.99866507782585,38.597418809047475,24.816045451813594,36.58653573913893,1.7518712723536594,1.3713466264850946,40.077471245602986,bare_grassland,0.3248286353716091,2.451070553472975,1.1828724130204424,1.6969574053233512,8.737457866329038,V,142.12028889053337,6,07/07/2011 12:00:00 AM,rain,medium,1
24.692743822041656,93.86975379964058,Manipur,Tamenglong,2301.0239348149457,39.18565423129617,35.78205163147758,0.04001460400909096,-0.8449290930228157,164.3350787821744,4218.406979586164,3176.4127342189267,88.31286340184965,34.02356163966276,38.68499412530418,27.29144423503306,6.045739952215296,1.2801385157887095,22.070758700552624,sparse_forest,0.5561540810605954,0.2845140296493111,1.4132178907890074,0.0343374443066934,0.13801572503276294,IV,121.27856505192354,3,03/27/2010 08:00:00 PM,downpour,medium,1
27.35394435316956,88.72495806247987,Sikkim,West Sikkim,1071.799741681124,33.97536051804155,9.41014990967405,-1.6080486648314714,-0.4750469476658211,141.13556925502087,3819.6271660631405,2797.761945499728,86.14573901760873,33.64375737539775,27.550466900978527,38.80577572362373,0.2166092297464736,1.0447925306654606,38.705737227811355,built_up,0.44930166921150677,0.03314445960601835,0.5621617381022714,2.5831908253827685,0.05,V,85.4027664167798,3,06/08/2013 05:00:00 PM,downpour,medium,1
28.264862094085508,90.53471042462736,Mizoram,Kolasib,205.77955560514494,25.43785691031705,82.9943570655713,0.6246721052287916,4.048785561875771,98.67118591210266,5780.62531350459,4762.754629181908,42.75569415376488,42.701514374767875,29.015083760483986,28.28340186474814,6.265354728554695,1.4989736264570592,43.26867987689445,dense_forest,0.6857552602539023,1.653086871856662,0.31153558373266854,2.1932980042042343,4.639965549998559,V,42.488952596651615,0,,,,0
23.906001862484224,89.81731904365645,Tripura,Gomati,1406.003038582578,5.5320573484524616,138.73791493638802,1.2880495532500682,1.3737988829771006,17.63971092718755,2252.7629641864955,1610.1949246631118,47.91023284720272,37.05069422064849,33.83850560377645,29.110800175575065,1.0377919076865716,1.228754426950409,41.09956556624005,sparse_forest,0.5546674293650333,1.0016551924425134,0.6696069476632387,1.4387114418942821,16.71849853765809,IV,208.90580685343093,0,,,,0
24.021604679816033,94.03232059685355,Manipur,Ukhrul,1146.5819476681024,19.71432276681744,23.734292684313235,0.13285944632666913,-1.507363984594101,61.27499968486605,4690.031258555151,3965.6872579808696,82.45757440792585,25.42150511041546,29.995923102683783,44.58257178690075,3.5962979369656405,0.9359831439699349,60.0,cropland,0.40749094335881286,1.6184676900770243,1.0266868784662015,2.028480917109676,15.702931843600718,IV,223.85254538175784,6,08/01/2015 12:00:00 AM,continuous_rain,medium,1
27.290425262368736,88.5736112249435,Sikkim,North Sikkim,600.8831978931717,9.397380394760138,312.0460707147429,-3.2459853147953233,0.32582706835184627,37.06242565275027,3409.1487967691473,2661.488857506414,107.3768565892479,43.91450410544519,60.586699744936645,5.0,0.20120186538937818,0.9407256407899174,27.381224442296517,bare_grassland,0.4361927236617478,0.14391607215236701,0.7064006380068973,3.985352552995403,18.345851715296536,IV,276.8903750086032,3,08/28/2008 12:00:00 AM,downpour,medium,1
22.001381766271155,95.52856435427603,Sikkim,South Sikkim,1395.128834180891,12.361762471672446,182.50118692394895,-2.7045122272850413,1.5203867688843857,39.33519951259285,4164.742719269256,2843.0255629391463,88.88472591158616,36.348819962483155,30.593714606093705,33.05746543142314,1.2559484055923367,1.4589853987950405,22.673368355834214,dense_forest,0.42405663267045546,2.0304119152937634,0.37348840047938325,0.9194230748423048,16.470211554621635,V,59.424172806086816,1,,,,0
27.732134407980173,97.3600717157546,Sikkim,South Sikkim,1420.2077601475964,24.83486448322671,172.70875492396718,3.736960120598833,1.7171502817202602,67.81536588518793,2601.0176138468,2091.480579168496,65.03526075463347,41.861055998843426,44.72076905380425,13.418174947352327,0.9828731070521315,1.126100791135017,26.984122594927655,dense_forest,0.40506073731845027,0.8051608314922793,0.621058629292214,0.4018763229312776,3.2752995416679904,IV,114.92972392396508,1,,,,0
27.336438951778526,88.6545326862726,Sikkim,East Sikkim,634.6041695046822,30.885664978364908,295.83539977112736,1.1499744206998723,2.752384759334834,124.58896312908335,2957.0920326568125,2054.860070258392,112.64690964388855,39.714485639229196,34.45775084848506,25.827763512285742,3.584733125315123,1.3218271058253521,40.263742236145816,cropland,0.3001323380209208,0.09411690781379255,0.6975803998994535,0.20856620477166427,8.325055477264538,V,36.546142408011406,6,06/14/2012 04:00:00 AM,downpour,medium,1
25.497467337212363,95.98302323448316,Mizoram,Aizawl,92.81489223027728,17.218943431582495,123.20446676727893,0.5159230201168661,-0.9229489470146619,82.053610207236,3030.9226653479755,2018.2729850978724,60.48300191321368,25.319954565826382,33.33298643849683,41.34705899567679,1.8982890793547762,1.557586392020494,34.82230072732264,bare_grassland,0.7595249674349771,2.3558499480761403,0.16247150634743768,1.5496336580943002,8.332896530874612,V,324.48981330461237,3,,,,0
24.23349857773953,93.33598466717423,Meghalaya,Jaintia Hills,1213.52355985261,17.616682377598448,223.92113508353697,-3.0182998686207685,-0.48187115825944155,36.12340222739205,3578.6103595828513,3008.596672688175,44.4290333103703,30.256134294105024,28.232731447120585,41.51113425877439,2.7797187292550407,1.099316200046275,44.05058458811503,dense_forest,0.8917168305677233,8.303131860280427,1.0537007822150712,0.950819050344863,0.05,IV,102.56578067552994,0,,,,0
29.067384119151733,96.42233349948894,Meghalaya,East Khasi Hills,1316.2014402658644,12.375310974876658,40.976021378276684,-0.18990387082899712,0.6838129310110779,37.71424323821968,4791.870302916732,3587.142491218996,60.5562677898636,27.485967753669087,25.175273567585517,47.33875867874539,1.7514800774793597,1.4095787330512322,9.15326211193539,dense_forest,0.558676894607535,1.3707281494429004,0.29951202645992864,3.5314463034081784,11.551032347831683,IV,89.37297599332979,2,,,,0
21.962007303676792,92.41508219305163,Assam,Sonitpur,2283.1497575051762,26.150506598539422,134.25899408254273,1.3097813617101601,-0.37479174572901425,88.7990401271137,4464.351918105576,3039.0439754049544,72.9472369569435,37.62279160263841,31.865220398844993,30.5119879985166,3.1140444156708673,1.1866816603655048,37.65436514926104,dense_forest,0.5759747168810583,7.880281592126776,1.4244583556512378,2.1876606511749523,25.98611545158037,V,105.18985975656749,2,,,,0
26.12903655896101,94.55695460428556,Nagaland,Dimapur,740.3209450023893,38.90439684513721,132.50479935723357,-2.0570790757856785,1.5791763251849091,115.54976305108735,3825.63440895606,2797.807197226332,124.8265277476827,25.416498633219945,41.32969867380941,33.253802692970645,3.8586361962998175,1.3752926390571947,38.014301005476526,sparse_forest,0.4450716900213866,0.46514770780278014,0.6998385241626401,2.4635162466418743,5.123126534915007,IV,63.359703083705185,9,08/04/2013 12:00:00 AM,rain,medium,1
23.696076372291568,94.59127917852169,Sikkim,West Sikkim,3251.8556424087315,32.72632987931224,264.27214455097163,-0.1807415504739424,0.8516072773797709,111.23421962232938,4597.490069139588,3542.297626264626,53.990826037439426,21.984741132859725,46.50019148974085,31.515067377399426,1.8870554742760157,1.4692751418613126,26.679721597363066,sparse_forest,0.4448054293878348,1.6680154946246866,1.1556848907102242,0.6353528763820614,13.687381280469685,V,148.5621653434378,0,,,,0
27.534976325927637,95.98271452933916,Tripura,South Tripura,1374.765543951154,4.365109548983082,35.7521690163265,1.2377558507887363,-0.9143504276460319,39.788439811315996,3933.1481793533208,2576.2343816818984,97.26757661430669,28.740040325409698,25.18614097663007,46.073818697960235,0.377771114057821,1.292132610072517,26.884477335637836,cropland,0.6837273798262691,4.631093218832559,2.211702251120631,1.7019385983242483,0.48651979444906435,V,250.25205725850861,2,,,,0
26.046093971610844,94.49861216050729,Nagaland,Tuensang,484.65220389567946,29.42876807126814,311.23207126806375,-0.07216929318727594,-2.2368907598429897,131.88350717175737,3513.9190956845314,2477.205952583104,119.63837738309701,34.84562975138409,44.662156603342574,20.492213645273345,0.8334397237012805,1.290354001269645,45.61469913240087,cropland,0.39695425229062276,0.034623711063983646,1.3897894642859119,3.5307139197572672,11.236069313626329,IV,123.72464430599675,1,08/04/2013 12:00:00 AM,continuous_rain,medium,1
24.80653947782337,89.57792173669705,Meghalaya,Ri Bhoi,1084.3339954560781,9.972586023910289,232.39848672646912,-4.270693756749634,-0.8720567587713544,68.98262545164556,3200.7157263229947,2122.9309120905673,86.26931625928441,21.809714440968627,28.37479934924039,49.815486209790976,1.6712844736230468,1.4752816285175794,39.02949660437406,built_up,0.553569097700554,0.16205885615295637,1.0745136809366158,2.6784260038706664,16.029249319819513,V,225.1499414626471,1,,,,0
26.119869038035592,94.5487788370941,Nagaland,Mokokchung,1938.7595812441698,46.99099679528287,12.805490433319392,-1.302399403797698,1.135631770341809,168.0176771394446,5579.024168482501,3800.5793543221034,156.467039320604,34.32358497273972,28.54405402402216,37.13236100323812,0.6215546013513701,1.1936946021031023,41.86576682564751,sparse_forest,0.39154541331209614,2.786718052672479,1.140502025649143,0.17307527149532012,13.993680779585501,IV,77.95599886333146,1,08/04/2013 12:00:00 AM,monsoon,medium,1
27.932344262994192,94.65999878158826,Arunachal Pradesh,Tawang,680.2515093633916,13.824710627466095,288.96971037218225,0.1721632413861776,-0.8699467510192591,37.16283759758343,3469.4038886419116,2372.2402121497144,47.64404256555602,15.656531363671018,19.081448341022753,65.26202029530623,1.2353953131978999,1.4434033227552807,40.296731538602046,dense_forest,0.24258495431470656,3.9929210179114234,1.72101161360621,1.098914214620304,10.065186156731329,V,139.21160346691198,0,,,,0
26.212576143361993,91.8327627500737,Assam,Sonitpur,715.8335883698088,31.159742695479885,311.8283556840698,-3.0227799827447566,-1.4743952198230759,88.72360118634994,3668.7820609314867,2602.7017401451562,99.3867883003946,33.3085024254518,51.259274238626865,15.432223335921343,1.4954886024111291,1.4782750110995773,28.014780948129108,built_up,0.4238505017450774,0.03340477556655357,0.5279920174664157,2.4560499822658484,5.988776186637519,V,87.39328702007869,2,07/14/2016 12:00:00 AM,monsoon,small,1
24.50769607368703,94.07886165968084,Nagaland,Wokha,660.4449586175151,8.356574867500854,87.67498203373356,0.4319901964135737,-0.6373215313023892,8.350908453872261,3171.936865223385,2374.4700097701334,72.62761710938109,20.900874586695306,28.729712482373927,50.369412930930764,1.7589516548472985,1.3391461457524252,32.55306196045986,cropland,0.485487610140638,4.661638234228297,0.8411651026233248,4.810223101613392,18.856209069735264,V,111.08860119299894,1,,,,0
23.558405999727565,96.96640320461059,Mizoram,Lunglei,800.4398727523395,11.195436800463163,219.3033738667104,0.5759281064548933,-1.7460012836951302,24.987909199587207,2752.149761999747,2224.649580640325,73.34549585896883,41.03815853054664,40.344564518710214,18.617276950743147,3.638886492880709,1.1427494148152213,19.76549654169051,sparse_forest,0.5267260553093311,0.10596590683307952,1.176408831408151,7.237979075479803,1.3467132572758906,V,220.6227847600516,2,,,,0
25.611106037756773,94.10667287230069,Nagaland,Wokha,2309.206609076066,25.757858400773202,299.65716244778827,-1.4093140314013994,0.6136632068854964,87.57958668829814,4081.0341422749975,2932.451159810839,104.22955881974748,14.76048529817675,28.20979608787846,57.029718613944794,0.6571295636893204,1.30996436076775,41.68120723996218,sparse_forest,0.27842016374575906,1.3716801600822401,0.7161405992949396,6.166368700931484,2.749684263678016,IV,378.25822019883276,3,07/12/2013 11:00:00 PM,downpour,medium,1
25.543477626143396,90.03410799010341,Arunachal Pradesh,Changlang,1529.2250476371087,19.021152636813,316.704896143779,0.3127552975739192,0.6593675930041061,91.20773803298117,4263.930837635031,3578.932286643113,107.90862268500223,25.033184591556136,30.680227250484272,44.28658815795959,1.5563214697268632,1.0062807600893837,28.699037360888447,dense_forest,0.7038466322502234,2.239011383341882,0.11193317630677434,11.591986650622637,0.9907132932361731,V,127.7435541679079,2,,,,0
25.358011039822536,94.08959413052729,Nagaland,Wokha,328.37325475639784,28.788206968792757,188.65904305028667,0.48882513044460674,-3.5117478845107026,100.55876330422605,4276.3581135337345,3010.6496475851764,114.49275319087096,42.4277844802474,35.120492124793934,22.45172339495867,2.9121463392904015,1.350697274131805,36.42797690031719,dense_forest,0.3376156292218006,1.0805890257657467,1.7111017923908942,1.4771454525429848,0.05,IV,316.91183914389387,3,07/29/2011 12:00:00 AM,rain,medium,1
24.34270420077129,94.39813215729866,Manipur,Churachandpur,2472.4318557790302,35.62614535701726,137.0538203843201,-4.792483568422337,-0.22597204796362635,156.6414613185007,3738.0674900031736,3043.7753518707536,147.45662710231574,37.04099001280131,30.17043923024522,32.788570756953476,0.770498642911636,0.9230409030433124,38.533630965929326,sparse_forest,0.4196836024909046,0.24322631533492542,0.9168855363555358,3.549631448795844,8.179889213057475,IV,185.4091844469774,1,07/22/2011 12:00:00 AM,downpour,small,1
26.428209928410958,96.41035101140127,Meghalaya,East Khasi Hills,2308.3083435902395,18.121180695401293,160.64796928149357,-1.0505897439562846,0.2524743952561854,45.30152247488013,4703.170693202788,3233.121885088266,49.38877480688696,28.13411917146729,40.59029674449957,31.27558408403314,5.235329314317595,1.3751326187128874,51.36559080792104,cropland,0.4291081753217929,2.196706134250567,0.20688557849002756,6.8061079349983675,11.84658220900025,V,31.870187942027528,2,,,,0
28.065456054136412,97.07735478865176,Mizoram,Lunglei,2229.7413525316138,18.778672461883517,308.60731848798946,-3.0011736806811435,1.2605693833503495,57.105235900057814,5642.093818923083,3945.319769090172,43.763295873551954,38.73104111226519,22.199293018764603,39.069665868970205,1.9640830850331183,1.1926757916882345,39.836919334415626,dense_forest,0.6042079531939655,8.64209438774732,0.9471565755686422,0.5748748608825123,13.70905820100668,IV,132.93211482018563,1,,,,0
22.874070061351105,88.22870151481204,Arunachal Pradesh,Papum Pare,1716.416438079081,9.3324109113743,330.389009559029,1.5030671047044861,1.4680970883128892,38.76753797157587,4272.82526557955,3388.3846660119593,65.9668091055444,41.66534267674588,37.518721735151956,20.815935588102164,1.52060437748133,1.0529527534777996,28.044531484597368,dense_forest,0.4291648064578223,8.158598448100058,0.816562137090474,1.5155208062269865,16.726135555323275,V,130.90163012905344,0,,,,0
26.04743845629158,94.79300523555949,Nagaland,Wokha,2067.0215706778918,28.980356094765387,61.4274420534822,-1.7109267671398598,0.8851034018904533,106.95786431558051,3315.2281922893762,2474.115223024223,130.5933027036382,27.75040877286048,45.913321109101794,26.336270118037724,3.206291096468443,1.2831741651361488,44.43872501793866,cropland,0.4582654424206419,1.110736452829803,1.0156923013798829,1.4968085268334277,2.5682261627437706,IV,121.94116875493498,4,08/14/2010 12:00:00 AM,downpour,medium,1
25.316712906428894,93.43084661320096,Sikkim,East Sikkim,670.2772069548531,0.0,242.41064357355927,-1.2251848573491175,0.39160027091659066,2.6036587994282447,3437.309148862913,2260.1355990788743,95.83113585976696,15.550079120177413,24.236295017520664,60.213625862301924,2.860979176218335,1.321072661232587,27.806187062176498,dense_forest,0.39042527558624573,0.6499347280183606,1.1293327567978242,0.7857754003061672,8.689887639321087,V,362.5731995808018,0,,,,0
25.244270026097304,93.17430011795547,Assam,Karbi Anglong,2403.1428289919277,18.506364009893744,235.43860397697495,-1.354407908444611,-0.14753868156979882,43.945931013484945,4006.654287050587,3232.622763582165,69.45345777098322,36.641534899127116,40.54761381732192,22.810851283550967,2.374334529894993,1.1602167707434132,29.838108511582604,dense_forest,0.3733453702146166,1.144219386964346,0.6911824995565171,2.2590096371970287,2.549954487084195,V,144.20307919750593,4,06/15/2010 12:00:00 AM,downpour,medium,1
28.730785904259175,88.49810087881485,Meghalaya,West Garo Hills,3522.6689429650887,20.30289871037695,353.6969082984188,-0.5153520205761543,-2.251814650674646,62.47486196270667,2173.89162874824,1661.4741560892153,82.56644972060434,34.96357126231357,36.04146733497763,28.994961402708803,0.9124844558078526,1.0986202332871766,21.24385967184973,cropland,0.5942277510187594,1.0602252673214962,1.346740369295902,0.679040832181113,10.820927028140838,V,315.71308302821825,1,,,,0
28.890381518786533,96.46060246339823,Nagaland,Mokokchung,2387.3822626716105,0.0,189.45965260649714,0.18048617771723358,-0.9945579887066016,15.920816153437311,1676.0286993174793,1203.1777173486312,77.38063338676378,12.011702832161113,31.716992005710274,56.271305162128606,0.4052553535471422,1.341057819728465,30.12631282792049,dense_forest,0.6103643454544924,9.273853281809869,1.689908639380235,0.10768828245821321,8.865855449617248,V,97.83893521195942,1,,,,0
27.881251193891142,93.32375075307105,Arunachal Pradesh,Lower Subansiri,603.255930756421,29.51801829235688,75.03543088138309,0.5201404907981442,1.315900914461797,105.6132506765498,4520.186090003677,3584.820019406758,88.82854038340938,34.16209714960475,26.1172594804407,39.72064336995455,1.9387194905633691,1.1277849377349862,43.074781072241,dense_forest,0.16887816966654073,1.5339733855314777,0.6205497250580171,9.528665497058649,0.05,V,173.03292424339037,4,04/02/2010 11:00:00 PM,downpour,large,1
25.055815495020997,92.36275641096574,Meghalaya,Ri Bhoi,555.727957364901,22.414383554165553,104.12223865808141,-2.4804387398772647,0.12711527467740535,77.51680761699852,3206.807441455867,2710.5529128654975,70.47149433679738,32.50583213575158,26.86971244674493,40.6244554175035,3.3321870305729178,1.1637019770657109,59.20658978228605,built_up,0.508650029705227,5.3639433332243005,0.8356652157201212,1.8284084021191929,4.564535215859548,V,271.88507043327144,2,08/19/2015 12:00:00 AM,rain,medium,1
25.14248263683761,88.44168633598353,Tripura,West Tripura,668.7417670906964,15.491521857481072,37.42190263655433,2.181378136855802,-4.190963457448035,68.59491502522913,2419.4737742740917,1953.946615779132,58.31228063157966,23.473790178523338,38.81854467580235,37.70766514567432,1.5816827203233703,1.2064854019704816,45.24001578342711,dense_forest,0.37940471500184425,0.8822868735669234,0.8241041687504945,2.4086574002632135,1.5905265622948859,V,207.44647775637827,2,,,,0
24.228185029193895,94.07655882536493,Manipur,Imphal West,4107.554761245618,38.40019675265181,147.85798356937593,-1.7568590770892085,1.875770978807642,111.73721408805565,2206.0367692781642,1708.1513814625766,68.81752429898329,13.904459878109721,35.60948451700219,50.486055604888094,6.392947677126305,1.430113086854688,47.67522309901352,built_up,0.27223275932327334,2.299831706425628,0.9340991696493259,4.837984590899167,5.076802131158118,V,139.5364290552881,5,09/10/2007 12:00:00 AM,rain,medium,1
26.867154888356595,92.89142406628382,Meghalaya,Jaintia Hills,386.89834476935175,31.460035785889104,214.51514921692052,0.36920373579085425,-0.041016570385051555,87.31746562564938,2382.2144864821666,1882.4991085891193,39.02191500948584,19.050709218264217,35.16282156536513,45.786469216370655,2.155537682366774,1.259411979478025,29.749897298735757,built_up,0.5524259676658173,2.446491242466295,0.3101050619706647,1.7044190669209611,0.32114143181570387,V,217.39934035590187,2,,,,0
22.21791484122758,93.04994693829019,Tripura,South Tripura,782.1007001319314,25.59282884604471,17.806204607002044,-2.5934374514614067,0.44692160500855294,106.91925490946562,2637.771976879643,1737.503659497919,65.96785057197559,40.63058424286643,37.14647217360811,22.222943583525456,1.9992025043007133,1.4478477462612318,45.30340654539578,dense_forest,0.4429859376617897,8.782506327255085,0.6040015371549443,0.7379630147705367,10.578357356303075,V,151.62946313114108,3,,,,0
28.925206134462123,90.21460794440743,Nagaland,Dimapur,393.94956554150997,28.620313895727698,73.95607833600282,-0.3488665096766675,1.105269738884552,104.1818255976072,3067.56971305337,2112.748669471416,69.70882217900896,34.256504206142,19.306615262900152,46.43688053095785,3.6659592260947425,1.193477416335439,31.273423842562018,dense_forest,0.591641116640312,1.936149235246164,1.550808429355655,7.42362846366332,1.2072127252896316,V,73.73200061226763,2,,,,0
25.31591674747119,94.51283617915955,Manipur,Imphal East,1525.627694272765,25.290615273333223,294.0822815811444,-2.4385176341204913,-1.0202674194379262,65.93789881406613,4787.786450177241,3535.4334233788754,78.50752583000832,39.20794780051955,29.594202254302886,31.197849945177566,0.7889015694984103,1.311869550547686,32.37545627029556,cropland,0.2848680269508932,3.9669819069049037,0.5680580336783274,1.5078919963971051,9.970971214219182,IV,93.52343866262919,4,07/29/2010 11:00:00 PM,downpour,medium,1
27.99208146555833,95.3660349947195,Nagaland,Tuensang,387.297065741615,17.548684602956055,169.20568590199926,2.151536368767213,2.2947595190763455,53.38370170040277,2700.7387459835527,1980.1607303132353,65.8216120516625,36.49957048665852,43.97419440821267,19.526235105128812,1.9005783071104516,1.280558604609592,46.99226190620239,sparse_forest,0.587241176986741,3.6869989489155,0.6878831427243655,0.6154041231367643,11.136047508327698,V,84.32385079904479,0,,,,0
23.771447630969746,92.71174663872044,Mizoram,Lunglei,3977.726817293922,16.80954593792744,289.6872238614449,1.9278395918035809,-0.43492180483221066,61.4941780226402,4010.69099776655,3163.080354167352,73.88268423109105,37.527594012955745,47.66323449230538,14.809171494738877,3.63033741610934,1.538792880570168,36.50307924252338,sparse_forest,0.42918403132173,0.5564682224299144,0.9159318902510315,1.0252722321263192,7.037416346996039,IV,144.60683364060625,3,09/13/2010 12:00:00 AM,downpour,medium,1
23.812463224169633,95.42756735645837,Manipur,Imphal West,632.4803767903796,34.445790037387,337.9702651632616,0.914779098402984,0.34620421074350927,130.11640684147648,2875.495730131165,1985.1988787180906,71.64032394121688,22.982346702871805,34.87824038647012,42.13941291065807,4.387701146839704,1.4013510130766202,39.462123938563664,sparse_forest,0.657845720382622,1.6352493995406892,0.5022700117986169,0.5297171214606697,8.155786998660375,V,74.92630654283079,0,,,,0
27.365362734308903,88.76791591656902,Sikkim,East Sikkim,5500.0,20.631413034566723,189.1516838098604,2.147793755671357,-0.5274562106538102,86.76695263253583,3297.2468122310665,2322.1511400471522,152.35528066158176,33.956158873680806,23.28917567783818,42.75466544848101,3.804412486536507,1.2853475878611662,36.662590336757376,sparse_forest,0.37276453227356426,0.5461843240317829,0.7046835956438787,1.7703599895375668,6.5256233298323085,IV,117.88422535426541,2,06/27/2013 11:00:00 PM,downpour,medium,1
25.622907884732747,89.4224731155339,Assam,Karbi Anglong,1590.383902531642,21.508190227888257,257.2678520389653,-1.1722986241729514,0.5534193323677226,74.08244694935613,3438.097993788186,2700.856866841218,54.809588917515924,21.819061989099943,31.02222881118582,47.158709199714245,4.894743417664539,1.2313901718702265,23.18760944789036,sparse_forest,0.8372695156329011,1.1541772155505325,0.37973826183091997,2.344931951636694,0.05,IV,55.417477805276995,0,,,,0
23.752639723345457,92.746126621226,Mizoram,Aizawl,628.2592008890318,47.17937239551167,265.6008252636695,-1.0558797947220562,-0.5126977859312276,135.63332392816912,3500.8505236403103,2880.7683337202197,84.72076112480758,23.165063556968438,19.492971494361324,57.34196494867024,5.022594607112308,1.303034004258827,34.91851518853426,cropland,0.41232754460708476,0.15392612391081356,0.7594576535658486,1.1720271682527512,10.070665840510546,V,75.47197290342893,1,08/27/2015 12:00:00 AM,downpour,medium,1
26.889196408184333,93.21287714232587,Arunachal Pradesh,Lower Subansiri,1063.2550755132684,17.321278201572348,160.27256301428892,-1.8712871990525874,-0.8101797183572794,47.69769239760728,3748.284907167416,2724.804207657647,100.59103337279232,34.010074931944104,25.222579102037358,40.76734596601854,0.3714183087567311,1.0511377681657406,24.87864784676161,cropland,0.4775746796529422,8.559501915709056,0.39421994861042076,3.278005501206102,6.23796168044789,V,129.1214354835095,2,,,,0
27.368437280472136,88.6969964065505,Sikkim,West Sikkim,640.2482911096992,29.771465742680366,188.19188718496892,2.790657169218536,-3.022234717403554,102.87387663489318,4500.019469242507,3529.9613712938863,105.42962921862669,42.53292698878002,33.590031500641224,23.877041510578756,0.9032994057806296,1.1329155843495033,24.190727696417227,sparse_forest,0.5433887982684917,3.102112040243304,1.7974781595505993,0.8495766671670597,5.241368877331203,V,92.82449951514315,3,09/04/2010 12:00:00 AM,downpour,medium,1
27.441449508081732,88.55339029279786,Sikkim,West Sikkim,935.1916054358281,11.935090346644653,235.1458720603256,3.322849999367082,0.9544076371471196,51.308485884515385,2419.4491706187473,1994.7612234554015,147.6916255682644,31.61357203883565,16.166055798163526,52.22037216300082,1.0608113189326065,1.1897418333917067,31.167448159616132,cropland,0.650306351968369,0.10213059944878165,1.4061609830255353,0.8740858068004153,18.539531256022624,V,83.9418495003896,4,07/21/2010 08:00:00 AM,downpour,medium,1
22.88241483274572,96.44957960396964,Meghalaya,Jaintia Hills,2619.87811108202,15.459998878454837,211.81280821872784,0.7314669303879632,0.18593628952675326,45.56604346072067,4589.32066036219,3636.9049667794197,77.00666987510937,29.201045687509605,33.131909924170024,37.66704438832037,0.9461915049424001,1.1085829781816432,30.471512833584555,cropland,0.42913204860628656,1.8841931672858268,1.1008586697759206,1.262623903417699,11.317637458771577,V,30.49097333174433,1,,,,0
27.121117422662373,96.3709758448055,Meghalaya,West Garo Hills,436.1968657716865,38.020283348012434,286.08027941636806,-3.4452806799610527,0.4213114933435003,122.85248711646376,3438.931970418667,2433.6615684473913,36.747107873951265,39.38846759870412,22.1317440651854,38.47978833611048,0.7799862347561143,1.3350329209489684,31.840959475000496,cropland,0.541920526555326,1.6363578556417824,0.6420648901360325,4.246590335051648,0.7214126170417973,V,210.24495488849766,2,,,,0
27.70633769655617,93.50027221622847,Arunachal Pradesh,Papum Pare,854.0224431666762,16.92466143334329,17.58993642248228,-0.7148620719899442,3.365249949567205,85.15900550034878,2644.4954245314857,2236.613101815961,74.31986099016464,25.375967974600268,32.23548941249214,42.388542612907585,2.258582226312667,1.382991363001343,50.63247168910014,dense_forest,0.6921021468556844,1.896341924935891,1.4749673864930237,0.5576088550195257,5.190503364248244,V,282.50995751741027,4,,,,0
25.871140274651477,93.34729481351592,Tripura,South Tripura,2551.768178725864,29.494798814851976,334.31681132936234,0.22907839876890765,-0.6841179062613199,120.9880617758252,2962.615947110397,2096.9751926674517,59.764511740557545,31.719432738515447,38.67158519508268,29.60898206640187,0.7031311513838239,1.2851809977740836,34.36472347821541,dense_forest,0.4457635478941072,0.19646893695799872,0.5606359093679164,1.8985903653222684,16.112635218305346,V,183.55619979894095,0,,,,0
27.281537806771077,88.22851694293522,Sikkim,East Sikkim,489.79068654529976,24.97346240627385,310.476473449603,-5.094696068029689,-2.161226490923352,107.70298563401592,4104.574538829672,3300.7617621558566,109.46521996571735,31.092341726104582,34.15416996797641,34.753488305919014,1.6413967897754087,1.0887722736793681,31.642778683544055,dense_forest,0.27806611366403533,1.1265808356047275,1.5458271578051201,4.759431357402088,10.003146806585779,V,92.11303564586957,2,09/01/2013 06:00:00 PM,downpour,medium,1
25.916002181790404,94.8061712225506,Nagaland,Dimapur,379.6234710463978,34.95378669282766,121.0477625812031,0.7764246724091302,-0.4474164585356849,75.56743502455339,3493.4688623759907,2647.108153823414,44.185461407962066,22.84533244513132,33.26227208436495,43.89239547050373,2.5756259861907425,1.2697745604823893,37.54717329321224,cropland,0.5956152732968534,0.7471744862034275,1.7939762282750389,3.8668083529929937,8.267515054678785,V,441.843762471617,2,07/06/2010 12:00:00 AM,monsoon,medium,1
27.7053630248834,90.70146108449003,Arunachal Pradesh,Lower Subansiri,985.1181510788796,14.372025501952537,112.84723074161077,0.9250541580024764,1.1239237072952601,61.325512846449655,2371.9733870206487,1814.220621779208,42.517646939424736,55.660168630669446,44.757937010686355,5.0,1.1820776783369291,1.576782581577646,39.992228263621406,sparse_forest,0.32377447102049706,0.13216638399175623,0.17230659805684567,1.6832860375231138,14.275412717555733,V,43.24238110236303,1,,,,0
26.167150108451683,91.67727919469053,Assam,Kamrup,3333.5270270366564,41.930805948884576,138.3874918340733,0.6150775405696802,-2.7649832651418373,165.9883393064441,3402.034505150735,2390.3184536684103,127.84400325946766,44.606110762123876,39.65295395220178,15.740935285674347,3.2817488943309274,1.1005197165238572,42.08223030322481,dense_forest,0.26795799644066165,1.0983355777243886,1.438440729808224,3.144698671573823,9.683812111119162,V,168.92414735631593,3,09/23/2015 12:00:00 AM,continuous_rain,medium,1
21.902228444113703,95.94084055917452,Arunachal Pradesh,Tawang,1278.5388718443864,1.8664260010773752,198.51757061914293,-0.8841807731671628,1.4993108395418036,2.3243814906346607,4773.5855823233815,3512.247630139987,43.97344275437155,28.619720714297976,49.157870574541505,22.22240871116051,2.969137010475835,1.5981379717982716,36.88614248225773,dense_forest,0.6755169343282027,1.2601977698491071,0.5049584184285594,3.226289130326237,2.142390916469932,V,87.29812116642034,2,,,,0
29.076131600305622,96.38805016808202,Meghalaya,East Khasi Hills,1280.8949770745342,21.647310406406422,215.10434360821023,-2.1227593969011083,-0.4100447471482822,76.87579540750691,3918.8596282402236,2582.8971347465435,72.048257259134,30.359129038417628,50.90216280768363,18.73870815389875,1.0095503100569878,1.3304943859015272,38.70391787746689,sparse_forest,0.5004881686777177,2.5383812914712136,0.36323441070795726,1.3005897331137837,12.950042875925623,IV,115.88175576109043,2,,,,0
27.13870605190631,88.55306980631725,Sikkim,South Sikkim,939.0998321077257,30.851223579321292,334.5667148652514,-2.249836195977387,0.03433743644619791,146.3791660829744,5731.3370685532345,4306.154485753824,106.09918178665961,29.40205167041079,34.82178149918585,35.77616683040336,2.4482105249384367,1.2559280054070145,29.525219623380092,built_up,0.4156506433027114,0.1278014701790982,0.599228656284639,1.921195635784403,1.2127405791730494,V,182.30585438054445,6,08/20/2009 12:00:00 AM,downpour,medium,1
24.95534765802726,93.57598518065633,Manipur,Ukhrul,1452.4709123462546,24.76021988078974,292.20151234055345,-1.8236921447046797,-0.04396139552687717,126.2958060145456,3807.137064663815,2751.558060733811,89.97565998234481,19.55797931190201,30.00576461093501,50.43625607716297,0.691130272279064,1.3085272548794433,33.90210606051377,cropland,0.3842242692405795,1.1626113981847188,0.45453243275385796,1.9863882078024908,12.179274755817026,V,50.4975232696536,2,08/26/2007 12:00:00 AM,continuous_rain,medium,1
28.766375346920718,92.08362743707467,Assam,Kamrup,2669.522579620429,18.813196510690588,174.0183054818076,1.8870879525201023,2.197533757340773,52.38432595521456,3724.575151404505,2526.87774229541,74.29773061032715,25.03697737370385,29.05955558553627,45.90346704075988,1.5836719564318988,1.3313708058730138,32.6756086660763,sparse_forest,0.5473370553229239,0.6925148607721494,0.7622073472298911,0.07767351921172125,0.19486467971942353,V,317.30819898753435,0,,,,0
22.19129388415012,97.03928310678197,Meghalaya,Jaintia Hills,1553.0404098002743,18.3787627159353,331.83426914864225,3.3311126422485966,-2.3533572545217485,61.874971940543354,2513.0820848414405,1730.8683737861465,54.89691967046818,29.09884982717907,17.233790756908054,53.667359415912884,4.461683763003683,1.5400631831681777,28.727537866698174,cropland,0.525304840391572,0.6525633024657504,0.9731161676273223,1.333510094427115,12.834882902203912,V,225.11421615252587,0,,,,0
23.93948894070865,97.21760132254812,Meghalaya,Ri Bhoi,1792.7271444748285,11.90870472089656,262.29777744845853,0.7790137980199976,1.3883669976027015,40.04211028958983,3050.9863219754006,2448.416363600004,64.46015243350075,39.72661563283092,33.30936452770352,26.964019839465557,3.4221465306991967,1.2871481166166536,35.418248559882926,sparse_forest,0.5926349359293521,0.5701479258366845,1.6495402714655232,0.5912969561453243,0.5014509195644968,V,158.3099968037174,3,,,,0
22.361961713729727,91.93159217282586,Tripura,Dhalai,930.0238414642571,23.598277113211658,62.18005675858875,2.596618388117674,0.3080103939314404,53.12065554144221,3033.0173974652726,2259.5865330232004,52.514768238957515,44.93698261188591,36.464679594838714,18.598337793275377,2.4168932700268546,1.1843689356081617,16.987425582615515,dense_forest,0.6154077799035612,5.438703712458068,0.563943686978639,0.41784922726132423,15.135272911837916,IV,164.57969648643112,1,,,,0
27.297532888258928,88.25608714623485,Sikkim,West Sikkim,2214.345345824933,39.31444375811344,225.072267275967,0.6569004082118752,-0.6781636071231181,150.2332926681254,2105.8776268757597,1511.0363857538575,72.91990087119805,32.734413886767335,35.9482980379024,31.317288075330275,1.6870238773198867,1.4288007202948652,36.33437650848071,cropland,0.4568030064934975,2.711340261606192,0.6385301672326518,1.0841307626332883,8.448255391720501,IV,53.15565018049726,2,10/12/2016 12:00:00 AM,continuous_rain,medium,1
29.254176531203882,90.1023535849592,Manipur,Ukhrul,1450.3955337553584,12.576126983251646,70.75772604235527,0.2365786470196614,-1.888919480031975,41.64853579786741,2035.5044680205078,1598.4105478768245,47.09544524132959,37.04794825530258,29.10593448894901,33.84611725574841,1.552629753658176,1.528448667884724,30.58121801376591,dense_forest,0.48533446263178437,2.3204643571061183,0.5163020677546698,1.1153531032714663,9.768102226796756,IV,220.74039767537812,1,,,,0
25.468659315250946,96.5841303557832,Manipur,Imphal East,542.4432017072232,7.383154171534278,223.48477079479036,0.20817925828474515,1.2615741666794373,20.993096862843117,3945.144195723794,2860.3165233818418,83.48959427874219,42.40582587712331,40.806015360493134,16.788158762383553,3.143435453067481,1.6919488828702045,28.137265891857496,dense_forest,0.717146760577462,2.297518920311943,0.19391672205348387,1.4662326462793946,9.511487664850945,V,112.9359676906929,1,,,,0
26.2182998388927,91.4880392015121,Meghalaya,West Garo Hills,599.5564902993293,48.47026421437531,74.7777983204698,1.8421741705697225,-1.106882031159315,181.19691747336367,3480.7971609508168,2331.1955995688586,81.03704334908625,21.35957131639133,25.175281715699356,53.465146967909305,2.937628772073733,1.3233915691100377,43.089395119365776,dense_forest,0.5554456201254638,4.710121164905389,0.058364094579135085,0.9379200407782923,4.590696545592889,IV,235.29184228221396,1,,,,0
25.758460454414777,93.84268575622987,Assam,Karbi Anglong,752.3981087134167,31.113671401943513,193.9660842181408,-4.382596413959365,-2.0994653259038882,106.78283303777577,3347.8587356657763,2299.074759068328,88.41223218568175,29.066267076576707,22.7974718622237,48.13626106119959,5.149249119480814,1.1150400084564482,36.22758047130066,dense_forest,0.432284843299035,3.8706801015269594,0.47572623389243573,0.5971133339156733,40.97119215317315,IV,232.93620336392888,3,08/13/2011 08:00:00 AM,downpour,medium,1
29.142022683898595,93.38138073776437,Tripura,West Tripura,3069.9317580214356,12.702048697896792,16.517933471569094,0.7131896213255223,-0.11108072565158615,29.263956467755072,2880.2834419769815,2048.0686474906665,43.31416028986956,17.017330093603356,34.96651300886282,48.01615689753382,1.983644890423681,1.5503874250667773,26.46402386037169,sparse_forest,0.47313435110336494,1.4910544904766485,0.758220782956573,2.046977589477054,8.427829073507516,V,307.41328974609604,0,,,,0
25.00999467272815,93.4264592867604,Assam,Nagaon,3140.085568979926,27.54865180835253,257.6507548415072,1.3134307743989417,3.254013768072523,88.493941386957,3604.500532908653,2488.0831486244037,115.03730626716708,23.973304273989342,36.338039420280616,39.68865630573004,1.3041256095264282,1.2669397699413096,16.838467578559346,sparse_forest,0.3373774890502182,1.317928196774489,1.5128089895850079,4.892571174178274,0.05,V,305.2493394255465,2,05/12/2013 12:00:00 AM,rain,medium,1
22.505986179931305,96.45953359826248,Mizoram,Kolasib,1740.7518857952,18.768211822290425,82.68677678661017,-0.7501939268496922,-0.521794987973232,83.74687093910433,3042.6313012799324,2569.675421052526,48.98599524278417,20.821468645882398,44.589368443159266,34.58916291095834,1.3466382481380446,1.5429525232401422,38.40885910720778,dense_forest,0.5188473556145605,0.181402003551531,1.4772984124836475,0.5204807245111585,14.418804431676524,V,273.8541627844507,0,,,,0
26.163502384771835,91.64064351625198,Assam,Nagaon,791.4891314500348,38.802847342616694,59.36826545177596,-4.33992513131638,-0.17963352975535885,122.67644594684349,4582.9111754092155,3211.193552261701,110.32482297837649,28.33744902713263,21.566745903399354,50.095805069468014,4.042137458801484,1.4400535910861052,37.301234339538375,dense_forest,0.2236951668802617,1.18118491294329,1.621491354751734,1.4738674863555539,3.767166754367021,IV,116.57333857890461,3,02/14/2015 12:00:00 AM,mining,small,1
25.64754617891969,94.11946461336748,Nagaland,Wokha,2394.213222701661,25.551349799196082,166.02411679158138,-0.15351138203904058,-1.5934587324703078,90.960434151958,2950.9209072610715,2440.4895032711324,133.1761229875361,37.39238194402524,46.08337090849816,16.5242471474766,5.326860044198794,1.2638333710065188,33.6957199362316,sparse_forest,0.46035565484778557,1.1857440240776815,0.22161889478753968,2.22557367636029,15.380871039241962,V,126.2557068050582,6,08/19/2015 03:00:00 PM,continuous_rain,medium,1
24.663979724207596,95.83054014713717,Mizoram,Kolasib,976.888669696771,27.011627361459524,199.22868755032707,2.0628008126785753,2.101703999307163,117.55293981703396,4217.506677826819,2785.1363510856145,52.80767900396002,13.574689699270266,32.38331971491037,54.04199058581936,1.530906215326671,1.4714225010737816,23.61504633486573,dense_forest,0.7227314715379629,5.7835595860364695,0.5610354609296596,5.4860958089498135,0.7365058458409802,IV,236.0187038374298,1,,,,0
27.90991433046412,94.25368781918449,Arunachal Pradesh,Changlang,1749.7185800764762,11.795864228145103,268.5386636451294,-0.34920566185413926,-1.2709014376850183,35.27172712904296,3285.4573489972163,2780.1866437473686,116.20596365720192,36.42888095337725,44.25058310643587,19.32053594018688,4.749948239411201,1.3115906012730887,35.10408730364243,sparse_forest,0.2048698129696673,3.8094482261151335,1.4172451983166598,0.5959673280524582,0.05,V,125.83320450956236,4,06/01/2013 12:00:00 AM,downpour,large,1
25.86578341636334,91.2359682078001,Meghalaya,Ri Bhoi,796.3985520052687,37.262662791334684,215.50591003592928,-0.06910560455486074,-0.25313766738233345,138.68280439402082,3230.335581121839,2125.7142589159075,100.5313314425058,33.91454687660267,31.214026665328365,34.87142645806897,0.7842004530496907,1.1582352016579316,21.386473486572935,cropland,0.04435307565656077,1.1877166571709683,1.334559036733068,3.346423954339968,5.81903421355841,IV,81.03942134937225,7,06/09/2010 02:15:00 PM,downpour,medium,1
24.746722424357063,93.5476322611526,Manipur,Imphal West,2768.6255699868816,48.891119574791894,30.320318739204502,-0.9597148171090055,-0.5816239476602694,208.19154063985258,4489.913320808597,3300.3856794973417,130.1763835001247,35.395428103485656,15.475608653044194,49.12896324347015,0.6808828311651186,1.0915487775581174,36.87619314841816,cropland,0.573093959073373,0.5930407534401001,0.8333640584035916,4.20067586809618,19.080863965252746,IV,130.03234478879074,2,08/11/2015 12:00:00 AM,continuous_rain,medium,1
26.039731291200138,91.71039467066025,Manipur,Imphal West,1256.0450849890628,16.46056589788153,36.812401829670975,-0.6155896732195821,-0.6741451264425287,74.0492706717229,2659.649595573628,1779.325405850569,53.594800538502184,39.001232788998884,44.24771028556765,16.751056925433467,1.1922005188612157,1.1698228912676936,42.07086333645437,dense_forest,0.2667068893876079,4.3647119004924395,0.27262926699705997,3.5680942116301444,0.7228385922331516,V,67.0954351921568,3,,,,0
22.065329183284263,93.60813020520874,Tripura,Dhalai,1568.4597816438525,29.45417203240494,267.15299873620233,-2.205832091682728,-0.031431697163754616,131.93312644542766,2761.3279306689865,1908.6031949767494,73.20624321842556,12.515467013196059,42.602800342378984,44.88173264442496,1.313349226255183,1.137400608220655,39.533982633404214,dense_forest,0.5814149147910239,0.7296894347758998,0.5843355125486326,2.4648992930210776,10.927888573525168,IV,262.9192022540478,2,,,,0
26.117588428527537,91.77706577224242,Assam,Dibrugarh,1092.806124262638,34.50495019485701,176.85939517562528,0.8047054134082038,-3.0623799619982255,121.61665160387093,3629.1749677087237,2456.664139624075,104.63566084815444,33.19204405368256,36.98946213213997,29.818493814177465,2.6415071440397373,1.5210759346603062,32.614942924735324,cropland,0.34659741260082744,1.3372447016588092,0.5363585816322277,0.7407002286182979,18.107390126544757,V,168.29556214414276,7,09/22/2014 12:00:00 AM,rain,small,1
25.004452320584043,93.56710674274589,Manipur,Imphal East,1882.81296308204,19.942466379912442,297.5613654747349,-0.2782211405982239,0.9213907467549429,64.73806871455895,3227.700149940099,2517.5136155263854,93.73852408705616,41.698402949243544,24.097516697771297,34.20408035298516,2.0558965411591967,1.3017752988219775,34.74539208811529,built_up,0.4274953899236068,1.607466209830438,1.3421046753975705,6.405791325146387,4.009350705832913,V,52.39162848353043,6,07/24/2015 12:00:00 AM,monsoon,medium,1
25.442668788215972,94.00648855427376,Manipur,Ukhrul,391.21391677521916,42.67787148491146,72.23222592734918,-0.3904285560285641,-1.7937868557838241,161.51391104420802,6152.188483193087,5057.017451604446,122.14971713247104,16.45396895732991,32.458143284794474,51.08788775787562,2.4671856134425267,1.358206969335606,33.90260472918325,dense_forest,0.5749389781619298,3.5848790092236045,1.0845011568622076,3.911413738767027,11.562329873209464,IV,416.7686612936759,2,07/22/2015 12:00:00 AM,continuous_rain,medium,1
25.864206099231556,90.12186435397503,Tripura,Gomati,931.2783201904267,25.546127082702604,177.01111290896569,1.58201753320934,-2.349388498084376,64.02256644875922,2431.4393224841065,1865.7781751606929,111.55320722154994,30.594793871328164,39.029709368197004,30.37549676047483,7.456715373353225,1.2726321396127187,26.15704005615376,dense_forest,0.5413505128272618,9.082719014292303,0.34064009688550945,0.6362420005810331,7.172487226726104,V,63.69752733719839,0,,,,0
24.60717904749648,96.45755746889392,Arunachal Pradesh,Changlang,897.2521080603045,19.501760618693023,157.60185802160507,3.212332394050764,-3.249346578024543,72.70228751550145,3288.4639050037476,2230.8030784405896,59.58752468615428,29.788802201770977,31.702310058175982,38.50888774005304,0.6024715004816154,1.360585440951338,32.5950206451805,cropland,0.5488294267464401,7.38417204422793,0.4650672190669708,4.512848019454737,3.2456002645005277,IV,32.08836537283831,1,,,,0
28.92176731215052,90.64907596155453,Sikkim,East Sikkim,2305.3158200955495,11.672817981630152,357.1812380525629,1.6191995653953986,0.6294953531779366,43.994541305153476,2680.318240434729,1882.7813705835615,50.938765320303254,27.550988449940085,29.217873381445845,43.231138168614066,0.35784120567429484,1.3781209188110883,36.318250961124086,dense_forest,0.29663518493162416,2.7681218622779005,0.2076390564662991,0.7015544170522718,6.132507196726208,V,57.89385177562696,6,,,,0
23.402780018953383,93.23645393792255,Tripura,Dhalai,1883.8881569483976,12.578211636732082,265.6783664808782,0.9457182201207724,-1.4457875344142912,38.560321936389286,4034.949736126334,3098.4272081621107,42.01674439636158,18.570838005769648,23.10792561040256,58.321236383827795,1.8221723233259377,1.3526006621856985,27.93303523702884,cropland,0.7576386865797616,0.4573383113275944,1.0057317267446484,2.6037756594551227,1.4945398171023545,IV,32.36070635184444,0,,,,0
22.51497234172295,92.93277506008249,Mizoram,Kolasib,2168.5245342586727,34.97352882448036,45.90667462365188,-0.7223435461052198,-0.1635151002733899,111.6678126181051,3993.8428333545116,2790.5354457247918,236.41171071098483,32.80498954259056,41.02800956094916,26.16700089646028,1.4413916764840902,1.1457013553248783,23.25242157081182,sparse_forest,0.17329162910188456,0.6882626315985871,1.0305434590310734,0.6045757095935752,6.922780484753607,V,111.27807753299149,3,07/30/2007 12:00:00 AM,downpour,medium,1
23.441153386798096,90.35731141369088,Mizoram,Champhai,847.91348729781,22.150689000860076,192.35600587766476,-2.8479396545128344,1.2273005446816967,46.07012446269445,3791.6319579038286,3159.7208223865846,74.37705103307216,29.784665782293565,49.705281042840866,20.510053174865575,1.5344521473346722,1.330670986496416,33.83813605464804,bare_grassland,0.8089416938799681,7.0985760341456565,0.7280853646349634,0.8956484671916926,1.9931567742135246,V,23.170117045709716,2,,,,0
25.1504621174718,89.1244379694642,Assam,Dibrugarh,1003.1486058069815,15.02232401030023,315.46735178710486,-3.1974909781452925,0.2622046920296002,55.75930053519141,6434.4563635623235,5350.009427203755,57.00434612985652,20.84360500359375,26.236800385798947,52.919594610607305,1.7918406593695362,1.3364156528000246,37.08916572203088,sparse_forest,0.686899423658418,0.44442465006787923,1.5670771104112298,3.7915211093647465,2.554812407417248,IV,185.60185564310933,3,,,,0
22.47883821860068,89.20902948373377,Sikkim,South Sikkim,1704.41335072996,25.786530754575615,89.08492053105873,1.754307351282118,-1.4810566863071442,77.83277969906378,3742.727525648007,2531.6808123135625,43.85282568658053,25.34774296794105,44.42137455652369,30.230882475535267,1.4692330980675872,1.275540884789146,30.645125013867954,sparse_forest,0.6592223283653511,1.028117932246597,0.9195344214792032,0.2575839321062818,0.7743210316158007,IV,117.58803744124131,0,,,,0
25.308290606434582,91.14559417185716,Sikkim,East Sikkim,811.4453730670232,16.43248399362182,87.33465935048173,3.7162152046953847,-2.6062202756910327,58.403412122812405,3019.683370810524,2125.712520930436,64.57673055525933,24.634203572032252,45.29941990810231,30.066376519865443,1.1247018931756165,0.9518862888934554,37.62144931173425,cropland,0.5928385773110185,1.7653232866324373,0.865458651333746,0.13741941205948066,3.277525165427682,V,221.96590988362092,2,,,,0
25.50424701743185,94.23576784580922,Nagaland,Tuensang,1676.947279048873,38.363865260183125,31.215675714383305,1.8173524659166733,0.6909136668205547,156.42582924171558,3851.005009849917,2699.810141032338,100.73362328458461,36.41492063402705,33.28055742497895,30.304521940994,2.556136258326601,1.2583344452609198,31.75934441742946,cropland,0.5209795058152629,1.4149983975971325,0.9340440960767209,1.9815362085767605,9.218763830605646,V,243.7304287882027,8,06/21/2011 12:00:00 AM,rain,medium,1
26.19742369522856,91.74205811374429,Assam,Kamrup,1420.0757632442148,27.93595012044529,246.89813745441603,-4.133657153618238,0.7361023211302387,78.60536353708866,3635.799440993649,2594.2827763869573,114.78887283003961,31.58768642053251,51.56039445596939,16.851919123498107,2.5611872625039127,1.5316287189302156,38.98108793255388,bare_grassland,0.22441464297913538,1.2125385403905877,0.1868428983938852,2.7166774740389994,12.162236134697032,IV,273.66357035772876,4,06/27/2014 12:00:00 AM,rain,small,1
29.454222138709966,91.66515855500208,Nagaland,Kohima,987.8739308136148,26.60598275114596,79.30005931405807,2.2176217894878847,-1.0489075576308027,74.25782761910091,2491.4302179087676,2116.4395879542203,38.56686765039931,34.06317482333265,38.94535680657778,26.991468370089578,2.534964904700131,1.5453359193994527,29.137350164271027,sparse_forest,0.40851411662522735,0.44775644006469517,1.7439074436524493,0.35710183539736645,9.918344827597874,V,153.78084883977405,2,,,,0
28.457225769092997,95.89098544619141,Arunachal Pradesh,West Kameng,592.6775985010471,23.250375560023507,76.40394034307562,-0.9888880307718169,-2.8727762120284375,80.47938535246485,2544.775425462557,2027.9922835229354,162.9021535010229,15.858810746328736,49.73803434968079,34.40315490399047,2.0408775179792573,1.1715306831769803,44.01143423707183,built_up,0.5422550885966987,0.8367573440984389,0.8528694990649883,0.15791606526619542,10.766431985821121,V,110.20149307069788,2,04/08/2012 12:00:00 AM,downpour,medium,1
23.54640824553214,93.40482832893267,Mizoram,Lunglei,1490.031238278563,32.50161005818935,3.6577480301340115,-2.5120767207832952,-2.7935044178417536,107.52884590341965,2396.34063504624,1918.5703061374934,111.64503196734239,20.390043914614235,47.535457684455,32.074498400930764,5.79484971780704,1.302260343127923,45.08942333537988,cropland,0.177700947753882,0.44079376341265064,0.4661632125948834,2.047382097149874,1.5178031644350993,V,71.53705640917235,2,07/28/2016 11:00:00 PM,continuous_rain,medium,1
24.945286592361953,93.84747046607251,Manipur,Tamenglong,781.9809445983882,57.662703754688025,27.923382228926425,-3.8322937783405484,-0.60242110099381,149.5202748097519,6422.503885800666,4703.721201880421,87.5861899574557,31.90277315353605,23.6780368602387,44.419189986225255,3.4999711369012707,1.2530546294793306,47.83364423781647,cropland,0.39922407559848505,1.1814459299886833,0.9038459091032288,2.939354292637982,3.1861377000563333,V,181.26199188102743,2,06/19/2008 12:00:00 AM,monsoon,medium,1
23.381983982631095,93.01592512608642,Mizoram,Lunglei,1262.403911387042,15.066630891169211,315.7951380283691,-2.234198815739515,-2.2228272553179274,49.55723532009344,3405.9938848063894,2239.381206096841,86.62354317190633,24.781348433993422,48.328900563353585,26.889751002652986,1.8837040104183034,1.4912163036004404,49.90490214379343,dense_forest,0.368312707235116,0.1376294260365028,0.7009921429898107,8.757823194063528,14.816755068057912,V,141.69286651933427,3,09/13/2010 12:00:00 AM,downpour,medium,1
27.513577090236357,94.68229456575669,Meghalaya,Ri Bhoi,533.8344951053043,34.59546911615058,339.6397855542856,-2.913301287581859,0.6607971388897824,129.56562187721676,4020.952941266629,3243.410116303271,90.35798168943859,26.1745484610012,35.41501118814313,38.41044035085567,2.188877031106487,1.3565949438942273,37.76804330742255,bare_grassland,0.19528780426334863,1.3197857476090795,0.7915315078428484,0.6956741147900912,3.9935193053566076,V,45.157397766307305,1,,,,0
25.79627204858394,94.55519628730754,Manipur,Tamenglong,2451.2481039840745,11.750899592527905,240.12540664198823,4.870986272978169,0.41823656052817526,42.90926909038423,3446.3840917381594,2847.8822704586496,70.39879681615962,27.99061923469669,19.39348778385529,52.61589298144801,0.3892593197576097,1.3515084836004967,35.89372335364802,built_up,0.6770910261672896,3.16722969440625,0.9717424775498005,0.17548785155149194,5.370252299321236,IV,107.80875398369349,2,,,,0
24.222937894888855,92.72525274349817,Mizoram,Aizawl,900.6748361204966,27.990600825318857,30.54989431204607,-1.8549890129382496,1.4975431883397143,108.18727844441591,4410.215125784638,3631.2534598695092,158.0153601448468,41.64533535286935,19.77452789733252,38.58013674979813,3.4475223445208134,0.9,29.541588686402353,sparse_forest,0.7325754947957225,0.7274979574322455,0.7355595072717132,1.1031373961750481,6.448874573138093,V,113.54798577951263,5,05/07/2013 12:00:00 AM,rain,medium,1
25.699768739003222,88.76149187717867,Sikkim,North Sikkim,1590.6461609491655,6.978972605600276,220.29951966517018,0.28509491050449265,0.8767220880532616,42.20637118508561,3048.5383235633835,2094.468848516527,82.0642002397675,22.29273941990231,8.545555733313712,69.16170484678398,2.2908453028689024,1.1332490321840054,16.70498945424758,dense_forest,0.5485653992159871,3.755826596320153,0.6112067175649487,3.0030385211464616,1.7481699750431061,IV,314.01504432359565,2,,,,0
27.919172870335228,96.41830664710457,Meghalaya,West Garo Hills,2967.6268357370295,14.828927724662874,128.56138152215885,0.9743120675971197,1.1806518678231075,56.07823080985404,3912.482716993312,3187.429131150217,58.41949194408993,41.2252177449738,35.788013364915436,22.986768890110767,1.6825165731132354,1.3019776236776053,31.76341880294926,built_up,0.3331793572469942,10.821892805643374,0.4857503393088733,0.23390036181498364,0.34618553870328195,V,182.3912502029998,2,,,,0
27.910135108980256,96.17432837326785,Arunachal Pradesh,Changlang,400.45985407252914,25.02874847745277,352.1055487067893,-3.4382043085629217,-3.5874737206235796,102.49019297808375,3147.2654790679,2612.288759090729,105.01956460763583,14.612857848346778,47.20362381630385,38.18351833534937,3.544247712986706,0.9028641289179837,47.90914260699012,built_up,0.5226233199675495,0.5743813163725684,0.8280883771895197,2.373528332668915,1.2283041093693896,IV,297.0526889768142,2,04/21/2010 12:00:00 AM,downpour,medium,1
23.684131787071117,92.7409871068255,Mizoram,Lunglei,857.2614372472145,29.96295106353242,324.2965858866667,-0.3845526046172908,-2.8024042253809998,86.46112056008454,5885.209907883132,3825.813411287517,81.6962532165494,29.243581316211124,10.988453697507568,59.767964986281314,1.5738563277178856,1.3077350579252889,30.863904638680257,bare_grassland,0.19441978882396796,2.413478125563807,0.8470034226732538,2.0603375689018906,0.05,V,172.37984053722147,3,06/19/2015 12:00:00 AM,rain,medium,1
28.670571367339726,92.38278505089508,Meghalaya,Jaintia Hills,615.4041204154184,5.200783438155007,95.68976250476003,1.55284220654214,2.059842955104879,13.127608471783166,4356.633506686696,3382.4257265365723,57.02284059910348,31.490371806178388,31.084303652421568,37.425324541400045,1.940343561153186,1.2980786413029857,48.30160585104384,dense_forest,0.8696263165165632,5.262400939357905,0.12302893306101248,0.6743358887007055,4.143127032885575,V,259.7664858663459,3,,,,0
28.186729442386245,89.78900394447649,Nagaland,Tuensang,1806.23853661646,21.524927611940576,356.8290007917303,-0.9210209295862432,-1.4997733003493174,108.30278277818525,2464.466842878456,2076.4816634355416,68.43566458339532,31.248937512529707,39.52439687738274,29.22666561008755,6.839040533454328,1.246885675148518,43.567531983307894,sparse_forest,0.6604938303225449,0.07945513239069871,0.5503677623838196,0.40093153077757465,3.309997414693539,V,154.02054088220132,3,,,,0
28.704162454324774,88.23120674770017,Manipur,Churachandpur,618.8228067877286,26.81306061629495,141.37299732732734,-0.8899916483000221,-0.06409164016914637,67.7541617504295,2505.72131246748,1689.5119885343254,50.08842384114092,26.189985869868902,41.16466705083188,32.64534707929921,1.9475578347283986,1.0895836789744378,31.240901085243618,sparse_forest,0.8863385159541319,0.14809045848655522,0.7263782377901769,2.6821324676335125,12.03957273224242,V,144.5705540615617,3,,,,0
23.80582588955518,91.48885142530702,Manipur,Ukhrul,1614.967661824516,31.268151616426017,359.73628180023337,3.005281416470056,0.1382964850750658,114.22945247142343,4259.427540233279,3027.4901338155237,128.97343480584408,30.351170182800242,29.29150925074387,40.35732056645588,4.269545443212189,1.3468356258637153,25.130212547638177,sparse_forest,0.41692463694936494,1.0662219672081652,1.094095705444586,2.2112925411373974,1.026305189178959,V,101.38817005866137,1,,,,0
24.24277149176672,94.09796322710126,Manipur,Tamenglong,677.1994219256579,18.760384056346844,237.5594443466464,0.6575944346660518,-0.7573384675024232,55.80355096889254,3759.7769005649557,3030.6771136962507,107.85063589582583,41.82397045097012,25.876855134021646,32.29917441500823,1.5043403663746602,1.334077472954184,43.190500585599615,cropland,0.1884736807423066,0.418792922063544,0.784165430440269,1.4571339523838556,6.653156993455616,V,624.9333290085511,1,08/01/2015 12:00:00 AM,continuous_rain,medium,1
25.561435448264604,91.86484446816563,Meghalaya,Jaintia Hills,1651.1145333499148,32.76991957015897,155.98138933608328,-1.072788130196916,0.12898180704645124,133.41187692739368,2668.413046147576,2113.882061206463,99.23130003845094,20.469714199292188,38.51440938815699,41.015876412550824,1.111877783655471,1.3549110616896831,30.87773464193799,cropland,0.5485398734707434,2.1937601448299007,0.28745284219228034,0.6850488637274681,0.05,IV,207.52175534015507,4,06/28/2010 12:00:00 AM,downpour,medium,1
25.29639247867356,95.44565825601845,Mizoram,Champhai,2096.8340205210934,29.7880420615043,249.1429487163221,0.6080470043169387,-0.016405386647298886,127.71068059849114,2915.483336855068,2322.3561307955833,72.83463440357912,35.79362711254125,28.63894443488077,35.56742845257797,2.5546743788852933,1.5234845551581244,38.472791774731405,dense_forest,0.6893811440820582,2.0210237563499227,0.6510235649278324,3.893266448764942,5.301457715114441,IV,381.33526826251165,4,,,,0
27.541825890668576,92.91507424045211,Assam,Dibrugarh,840.2271985347862,11.765500908856492,172.71872302584518,-1.8707475018908444,-0.5103507753194324,51.74397614951885,4499.260674638875,3756.085296761628,81.15255635619303,15.52575737938808,31.1610562660464,53.31318635456552,3.1467901933203906,1.136292968294437,33.29680238198177,dense_forest,0.540582529656262,0.9517817829157598,0.717330725146728,0.6387648643304421,2.2749043001600984,V,126.01592852471987,0,,,,0
25.068865165446514,92.35914516578106,Meghalaya,Jaintia Hills,833.6220478211526,6.719286540767854,112.0219051054917,0.22659995604405825,-0.7166216309091866,26.959010253032297,4330.52224677359,3627.54512560852,67.96944958126043,41.58134173943132,46.084606401271934,12.334051859296743,2.5314138806225652,1.3008137712566585,40.620633151315175,bare_grassland,0.3413545290047476,0.5113692584252664,3.673006061522881,2.5584424170325004,16.822130792863128,IV,58.762842842465204,3,08/19/2015 12:00:00 AM,rain,medium,1
25.987648953930115,94.54658786420428,Nagaland,Mokokchung,2662.637024634278,39.804925520012745,342.0004745481318,-0.46631364728424785,1.4999255758645087,182.73587154171884,4242.573872598427,2809.5887113061262,115.09429861364902,30.78862629106747,32.78235663511296,36.429017073819566,3.8611542179228726,1.285565002080565,42.26330408899535,sparse_forest,0.4744458090054317,2.079066912142141,1.0026516432437393,1.1396078171282815,4.869061216898673,IV,48.00765365343322,5,07/26/2016 11:00:00 PM,downpour,medium,1
21.808856101623267,94.39751938486111,Arunachal Pradesh,Lower Subansiri,609.7371098711731,2.448284919432906,179.85794601913082,-0.7577037563882854,-1.6869579079493446,2.7569734344048964,3471.2346301319467,2890.294047852626,50.72441512214404,18.274853150055655,41.566399900559574,40.15874694938476,5.598924403296649,1.2187627974738329,30.214395094375444,sparse_forest,0.8401464257534297,0.317955054742066,0.8651032842789474,2.9863721579818576,33.117251023421574,V,107.86072544927465,1,,,,0
25.317725496755468,94.0370180050924,Nagaland,Wokha,3300.55379894799,20.36458053192119,20.702955505492618,0.8054897711274644,-1.112937634976738,87.26821646311214,5184.287116899695,3651.8313449577495,76.6357907908229,31.742859342910684,18.821898539148002,49.43524211794131,2.498886909674973,1.2188091560876813,56.68274252053982,dense_forest,0.27362065469888697,1.5414264651294027,0.7309380493352355,3.018731388352805,4.668265560903142,V,103.96516059466137,2,08/09/2013 12:00:00 AM,downpour,large,1
25.590885311242953,91.85977025003142,Meghalaya,Jaintia Hills,816.2375847247628,18.076429911923537,207.18898456182788,-3.7049645416870662,-0.8325715145146726,62.69258362866165,3271.2068361736456,2252.882103410754,82.74928836269308,33.40337901087888,46.970212383388464,19.626408605732657,3.911676757135594,1.245764195943296,41.2359520343982,sparse_forest,0.5292698374654293,0.012865883148809694,0.9165899202100889,1.5972626372084604,1.5845245478159513,V,161.25273097396146,3,08/26/2007 12:00:00 AM,rain,medium,1
22.823721996226247,93.82425358334804,Assam,Kamrup,1763.9990222981726,25.87577173446227,274.3655954778176,2.5509325625465125,1.243148788731048,93.08611449735974,2779.599331666923,1993.615158031605,47.403183414962456,21.702136185535075,37.89444390382667,40.40341991063826,1.4369378421239338,1.2581370920398962,47.23877258276489,dense_forest,0.5965546809978369,2.3334213028113657,1.1868122204574039,1.4257900992480732,7.61098661853757,V,372.7564780663135,4,,,,0
27.74870145481274,92.57440910832567,Tripura,West Tripura,1132.8351089711591,13.954206146408687,220.71700499632504,0.007726604613973435,2.068068577460238,61.005883995236964,3737.2066955323553,2778.6792121425506,33.204390040814076,25.051455360639284,28.73310869685868,46.21543594250204,1.1467370053085884,1.28789286254686,36.57167708439235,cropland,0.26253779558503293,0.0888345885745831,2.184639503216009,0.289012054557826,5.189356969980712,IV,31.946885940497438,2,,,,0
26.974351008387192,91.94507604435815,Manipur,Tamenglong,1311.127069297089,17.91005673870259,96.82318951672453,2.6860615005411135,0.10581380760891404,74.61547406830337,3271.91293087475,2491.1133865084353,61.48750035994267,33.192729315915074,65.79569689156202,5.0,3.708169845217359,1.2979882191724272,20.808174356778622,sparse_forest,0.42730636540309397,1.5220257122873733,0.40752980861976146,1.103635965726728,0.5570340909767505,IV,169.559464042285,0,,,,0
22.281475391811103,96.9959446110628,Arunachal Pradesh,Tawang,1112.6544298854983,36.41142916848356,102.29175358262073,0.20522617210604616,1.8416061850754977,139.55543967928458,2429.7095397924486,1912.3788724142835,47.730853746199855,32.62155829200078,47.26590883045254,20.11253287754669,0.6932846194854169,1.5506079886876285,39.89377701675213,dense_forest,0.4948117299845248,4.210418850601749,0.5909800766650576,0.3673037750651954,4.712702202454722,V,110.58558200485513,1,,,,0
23.795065431242637,89.22556741795454,Mizoram,Champhai,958.4904254700937,2.9753758878575773,219.00580135014005,0.22963902463688882,-0.7554184289358166,24.9760610552975,2393.479010698995,1929.7888827734955,96.57585339521297,23.97215452094635,42.30282167228075,33.7250238067729,0.6297104932410373,1.2074622262584418,17.36152684246231,dense_forest,0.22961033528968705,5.0935361110927335,1.8196365193770399,2.479221384376426,1.3915807762930807,IV,105.02473874549374,0,,,,0
25.19770894818321,92.99150977620918,Assam,Kamrup,526.0278623754207,25.09740806046883,228.43005719390135,-6.571833718387148,1.2681839700867108,117.71805076105699,3670.0548089437702,2826.1677601224997,119.36240394021824,34.83676370765351,29.45491491691896,35.70832137542752,1.3378546233226967,1.4351166866885094,42.49269630827884,bare_grassland,0.027595771739532926,0.5981549596295187,0.6805506846925591,2.5192589775023007,2.2359370567128702,V,335.1259262781701,0,10/09/2010 12:00:00 AM,downpour,medium,1
26.10614846189296,91.8224667647319,Assam,Karbi Anglong,1569.6905192625145,35.38182654937836,318.45744836268267,-1.1386559219549037,0.285916458769385,110.61662474681575,4471.929956647482,3564.7321830281503,114.7447343006221,52.92027793530749,34.543686081940386,12.536035982752125,1.3614180860976361,1.5874410262707006,38.05511145233885,dense_forest,0.3911709336280733,0.8011752283766628,1.5889682653726713,2.3818503071268364,0.05,IV,149.4944584614406,3,09/22/2014 12:00:00 AM,rain,small,1
28.008646116412436,95.27568448804898,Arunachal Pradesh,Tawang,285.17382898311814,24.523033564167296,264.0961552582569,-1.95158928360401,-2.166558909708871,72.31332683471496,4224.29516106277,3064.4891419206338,35.215700055190936,12.421757090172912,44.21820911638127,43.360033793445815,0.7063571991814668,1.2731465665738015,49.85142826505571,built_up,0.5495429462656523,2.122028965037983,0.7372252452843702,7.417289571579403,4.550343195619553,IV,43.59087089883165,2,,,,0
24.819594187895998,93.55810053719625,Manipur,Ukhrul,1788.120757174676,21.174964178231292,211.6710237993975,-0.18282665284343924,-1.0077738745926696,72.86935294373083,3789.797335174385,2531.6828855256113,123.5488231109821,40.45707311661799,17.908272341336556,41.63465454204545,2.1280557688868584,1.3932084231020052,40.62783659047277,dense_forest,0.39156064422866294,0.10225457679840973,0.8081582429115053,7.513289327788178,10.060516952259565,V,105.59925639455395,2,05/31/2011 02:30:00 PM,downpour,medium,1
27.31170578105436,88.18494159561179,Mizoram,Kolasib,2083.259252640747,13.947237066251734,272.5848244645281,-3.4992688558757914,1.9031369291330806,64.61122972755227,2470.983548660214,2095.894630728031,31.795234456330906,31.957642585730994,28.93316068093758,39.10919673333143,7.864256829919458,1.168602161209596,36.854716597260904,sparse_forest,0.640471950382519,0.21208608801300155,0.3689159016496102,0.39608235388962737,11.324490144100263,V,120.42809922094568,0,,,,0
27.55583065613511,91.9701455064105,Arunachal Pradesh,West Kameng,1886.9469219410562,32.924727517836146,348.24963809255996,-3.548804253677065,0.835131903120115,119.22235986327603,2772.649886062187,2303.2562309757936,121.99772480300459,26.413472629928908,21.765474615575634,51.82105275449546,6.481467670833196,1.472314581834035,35.39200639343984,cropland,0.3167032031340403,1.2945061978764425,1.5761349731104455,9.443239099152498,2.1031227604393177,V,71.9937170625829,2,08/05/2016 12:00:00 AM,downpour,medium,1
23.707370256629858,88.73133672164106,Tripura,Gomati,514.4434179681682,13.518402046919807,83.85603019848811,2.2682981495423515,0.5135643425596348,54.63093206801659,2712.221179694051,2137.9986426010823,77.13410006248583,22.09168826319009,32.371597606691694,45.53671413011821,4.700500023768732,1.3043662368441056,29.334805645818484,bare_grassland,0.11344516118211911,2.82823967995115,1.0062491973087695,3.2468539666195624,0.05,IV,244.45394214126762,1,,,,0
26.821974014265166,90.49608433467488,Nagaland,Tuensang,1065.9813138621384,14.838159677818938,309.8368754234828,0.4562296062860907,-0.5919563990552492,44.14370980900078,3041.755235905858,2129.792736309373,32.820543930565584,22.450421884786692,42.67260456205663,34.87697355315668,3.3251461934067166,1.2787030166014044,39.381755413835506,bare_grassland,0.6477779545165413,3.429875535223231,0.643074553950647,0.8949393845599464,12.01366584454305,IV,112.88413453717925,2,,,,0
28.116499193546446,94.1260553443973,Meghalaya,Ri Bhoi,602.7531248204041,15.940921378758555,195.84878959778058,-2.60937634084162,-0.20236122185831074,75.09785124136138,4287.010179637301,2930.091099124219,56.08847428707521,31.898449196171253,48.32217903982053,19.77937176400821,2.1915748131975064,1.3912826134507943,28.913729224583783,dense_forest,0.5658321786503513,1.435768438634838,0.35127185759491875,6.002930241665051,13.762447556154582,IV,200.74318132566424,0,,,,0
27.10096392186594,88.39375257077623,Sikkim,North Sikkim,1510.5011183534407,11.59587047995078,125.83646566633097,-2.6478628509547493,0.1978310539711584,49.59964404425876,2439.892733008142,1795.9891476919709,140.16218537761895,43.991988434560355,28.77743437342119,27.230577192018455,3.571157924194217,1.390940429849302,38.356264810509884,sparse_forest,0.6952382433017126,1.5452157000144782,1.4008393549633902,5.095384985262752,1.466608099102369,V,106.38397749274988,7,07/19/2011 12:00:00 AM,rain,medium,1
28.33366190136613,93.91849570518136,Meghalaya,East Khasi Hills,1387.7889010766996,29.143256470995823,218.00997785371584,0.8024302503050966,0.2930319376761904,123.27622589207746,2649.907114771227,1916.475287167351,112.09990238696814,23.404919177737078,36.22608209193852,40.36899873032441,7.3339380863186,1.2215328194795596,23.02375153474354,dense_forest,0.8238461417740393,2.567283917939889,0.8182429835473951,0.34892465699044406,4.733056215531556,V,317.25632986804766,2,,,,0
27.66273611224352,92.53247966674428,Nagaland,Mokokchung,1789.947503381089,19.628326898569718,331.16275615336775,0.19258086721222206,1.8144480698267598,78.95425754941105,2499.0175535732506,1999.6578212246525,52.29273414524324,13.290644770155868,49.89748196584729,36.811873263996844,1.8533991196782904,1.2911554901435907,33.663972680147616,bare_grassland,0.5910870413475238,13.138710555577536,0.16571929269695906,1.5953494350509683,6.07008592165922,V,229.19092374828585,0,,,,0
24.42312199813815,97.3712574285469,Nagaland,Dimapur,1343.9008683435302,11.847246201904483,339.6112148655545,-0.6624421534806961,-0.4142470025927125,30.26184026105644,4460.949572510705,3255.0059555347084,49.70901112650667,41.84360275131493,31.404673388326202,26.751723860358865,2.5214958152540885,1.1798028336602735,41.99648084217724,dense_forest,0.7772581050103624,4.139717233679451,0.057585461214436244,2.3097124396804722,1.1529381637949843,V,490.3945226962528,2,,,,0
24.451182910627082,92.33482396347658,Manipur,Imphal East,1725.699332813182,34.23248159963525,303.80193936121066,-3.34226979183305,2.4890402720443237,159.624581369559,2475.458017860819,1873.0157523565854,116.47903685850436,30.79959587395386,44.48511650551098,24.715287620535157,4.551499527843393,1.4326422132292955,27.360809464083253,dense_forest,0.607552058657481,2.5235163618043885,0.42789843382522785,0.8202237962472109,10.433461154215431,V,166.83584169783796,2,,,,0
28.64077025978107,95.89893200134216,Assam,Kamrup,435.7616074125625,28.106595354676287,188.14873205860283,3.2110209925187676,2.7058997811425733,111.81187813584398,4092.93061221862,2667.6332675528747,100.19765098172878,24.125226559478257,20.749945182307314,55.124828258214436,1.9776198162979228,1.0864854871862664,41.91634013703932,dense_forest,0.5688826043242526,2.569627096304627,0.46752132491044884,0.5446841280725745,2.7391538635863886,IV,151.22658260545202,1,,,,0
21.966601406897077,89.31110017843247,Arunachal Pradesh,Papum Pare,3680.2119946582397,4.714878867721284,172.480944663366,0.7596304355832615,2.128666740200471,11.387747615756279,3471.1740889682123,2458.455673476071,129.36991020974364,25.06986373731366,30.835867091717716,44.09426917096863,2.2169991232124207,1.2436115922165414,43.926822203603486,dense_forest,0.4442559000018417,1.21652783791696,0.6371207955421094,3.385567165898907,3.8827418180906887,V,189.651620174016,0,,,,0
23.733299392962522,91.63105424540214,Tripura,West Tripura,1619.3268337166362,1.3415549843045866,319.55652852698864,-2.5613565167413834,1.2313665975999335,3.8223874708271257,2655.0367829347897,1852.3336921251218,70.22764915121282,18.795924378342292,21.826065446781026,59.37801017487668,2.1085387913379514,1.3476112150693988,33.64845482470218,built_up,0.5826296081267403,12.207017893488842,1.7803900332330684,0.26416530895842083,0.4911630423581211,IV,334.57367525864254,1,,,,0
28.359486040087756,89.59639091498072,Sikkim,South Sikkim,1990.7408839191455,30.526889420942,116.83162028773582,2.0599087200170048,-0.25440872515233603,112.21341361810077,2297.119673058227,1788.157422409146,40.24116017728309,38.89415062002271,30.577374553119874,30.52847482685742,3.1807829555991094,1.4326835562168039,31.47093752907796,cropland,0.5729203613968995,2.171639456533766,0.4433676270183486,0.234880805275005,0.6335769527980952,V,186.56908624444134,0,,,,0
27.681118112408786,88.60663656903095,Tripura,West Tripura,709.1211241226803,14.21160775359779,332.85130182480987,-0.3476091079570162,-2.5549934000057344,52.36208318038307,3366.696180674304,2266.2501419751475,85.87890909919707,12.086254413893496,27.4612987205243,60.4524468655822,1.3254477947240864,1.148685863913316,48.41380769429239,dense_forest,0.4148568101488686,3.708440295456649,1.016011735943511,0.5783434381194378,4.858172133110538,V,79.84677866852984,0,,,,0
28.73534565537779,92.47202641305427,Arunachal Pradesh,Changlang,2510.2204852004666,18.09293665682323,331.21363942570434,-0.049672301738283214,0.16363986298628544,37.88425775246686,1990.8399737874415,1490.7365185999881,42.57763760342036,25.634088019562846,25.201704811530774,49.16420716890637,0.8943929388061608,1.325719565260368,22.950017597187475,sparse_forest,0.9327798600675021,8.14421596261227,0.3237134170429341,1.0941055678952434,3.6732712784284076,V,106.27837263718332,0,,,,0
27.20616020792753,91.59392991699058,Tripura,Gomati,778.5622203947021,21.30934458655238,116.61807758146453,1.6591863142052214,-2.6773584765098914,51.87646803791119,3925.659726860918,2869.3609025267315,75.34137195159369,23.04109401288768,29.104605963510494,47.85430002360182,3.3607283930535172,1.2794969209073719,40.626769314364054,cropland,0.5540308097516136,2.9899303574122214,0.9482620969650948,6.4699115399254215,1.4276718246297213,V,353.0400923935615,1,,,,0
25.648552913407542,94.4832583225778,Manipur,Churachandpur,795.1896834664923,25.37568606233058,33.3320380918981,-1.177078088090744,0.7657830635541731,71.80471007446657,3290.1506904232456,2260.148317664546,94.6427962499981,36.858854000538415,26.559301025573465,36.581844973888124,5.467211204284406,1.4564518513273703,37.863680741632635,sparse_forest,0.771070956789829,0.6836038398774966,0.9745504583810454,1.5986830449895972,2.1069827815047404,V,16.678806845024003,4,10/08/2010 12:00:00 AM,downpour,medium,1
27.30995228438516,88.62338521031872,Sikkim,South Sikkim,1063.4063998351317,15.729055782074793,22.477256917220465,-0.4114989711701073,0.35823509270659304,47.52474063071721,4595.825162892239,3054.836648753732,99.9591625237532,34.208259822712044,19.180031383472198,46.61170879381575,0.487710031900495,1.214979124744832,30.422749274821143,cropland,0.45697580828252793,0.13134393125551444,1.3748449575136532,1.3057997492697904,16.81685062806315,V,212.7925956931045,5,04/17/2010 12:00:00 AM,downpour,small,1
25.63785825592973,94.1439935799665,Nagaland,Tuensang,722.8233436926234,35.41373106653809,353.2424240455778,3.0706685985084157,-0.4372848697344044,146.92811664842424,5577.633125119447,4487.268781681074,98.87461550139258,29.099376576689416,18.039694468555194,52.86092895475538,1.773659641474135,1.463526320437421,26.110073447476122,sparse_forest,0.6621258524507198,2.8017385073038312,0.7515945891301838,0.15731126433590606,0.05,V,69.07266030496746,4,07/15/2013 12:00:00 AM,rain,medium,1
24.75451015774624,93.42436014340106,Manipur,Churachandpur,2119.471854267914,36.609972077624086,71.96227250497232,-3.3913215752265646,1.3171229337780481,104.55719870866362,4348.801719169141,3350.1866336998582,87.57582738688154,21.01094513955134,53.82233736160099,25.166717498847675,2.3736164022321184,1.3489792328688879,39.024634154233645,built_up,0.32901623086236753,1.1689451115231424,1.7140036261049552,4.953690480811859,1.720401486939957,V,72.38560085844708,2,08/11/2015 12:00:00 AM,continuous_rain,medium,1
22.162599418996468,95.21607244022522,Assam,Kamrup,1731.3109537061748,22.966238929642323,20.405181420403405,-1.4416773495964892,-1.9016758682286652,81.22525963480261,3317.4913679329375,2165.1621028898253,60.54725966335637,29.374381514689563,44.1447394018677,26.480879083442737,2.266974395293745,1.305135462938921,17.25811037293873,dense_forest,0.5862708570089344,0.11891279248752097,1.1296494058252575,5.106019889341839,11.2986015800399,V,93.89085745937945,5,,,,0
23.50599416160894,90.3761202320391,Assam,Cachar,632.3249096254972,23.02860258236815,67.22398166456718,-1.707571872701546,1.2433485307226742,74.8507716368233,2599.7609194731867,1993.1131133466604,158.42362320674107,45.648510871317086,28.004763033810306,26.346726094872608,4.842831259640522,1.2103756304513016,30.57355661249059,sparse_forest,0.36734223408363753,2.473055894593048,0.7560010865976485,1.8746757886289047,10.232346225262754,V,230.91754151094892,2,,,,0
23.98671788352338,90.74201966364687,Nagaland,Tuensang,1277.6074160787684,27.372768154596244,342.3525211082735,1.3518812794144504,1.6904348711226156,117.41753920404912,3219.468516645544,2453.3630915750573,70.17947207418061,29.197591857894256,21.30355574830599,49.49885239379976,2.5796891545952616,1.288007632771901,28.485336177725436,dense_forest,0.29816036189765704,2.5546216452938704,0.05,0.5317147199395326,18.713108261017563,V,80.3134905293337,1,,,,0
27.569170043481492,96.29209654352216,Meghalaya,East Khasi Hills,1880.3785980584955,9.965635391288107,232.7556162694557,-0.6946159938179939,-1.4368193183245042,40.53865226847803,3705.370466018491,2413.988285103761,56.245898549221366,32.77849343278869,40.43929996318864,26.78220660402267,1.2431375391622617,1.1349926301218602,27.024188351562017,built_up,0.46018342380878036,4.376110301585869,0.2860172873475408,2.903160854902734,0.1837571289142847,IV,124.69019677321637,0,,,,0
25.587110474033917,91.90300041528695,Meghalaya,Jaintia Hills,1211.7986983443252,27.58709008885508,238.8392654912426,-0.20218168592551897,1.2528088521714873,120.92785008718559,3801.143425435604,2772.97259768285,77.1226397037328,35.48385306245491,50.23816073005088,14.277986207494209,0.9665957761759658,1.357255690381876,47.257086125954444,dense_forest,0.204704779287327,0.5465244382497247,0.8786966216216241,0.3024455980473039,4.988022158923174,IV,80.8517783150661,6,06/28/2010 12:00:00 AM,downpour,medium,1
25.79817303308464,90.58563345270355,Meghalaya,East Khasi Hills,1535.994650126237,35.08998666153976,322.99714275665184,-5.25339025799478,-0.6905912401569448,154.09388584392354,2792.4016895489526,2037.2817636921304,80.63571989071494,30.057419998618826,24.635397218923437,45.30718278245774,5.497796650327871,1.27514564749344,42.83775660991427,cropland,0.5331202557493064,1.2408184432966243,0.24823219631966256,2.1938768014423133,5.370336761136804,IV,105.27307197449515,6,09/24/2014 12:00:00 AM,continuous_rain,large,1
26.551632723539218,96.4661220900612,Mizoram,Kolasib,524.7488158014554,0.0,160.38705162195384,-2.791552459351944,2.9780382149732874,3.555705008770512,2711.3499559992256,2040.0479416585324,57.708659971809496,19.327565963986004,34.00703210354323,46.665401932470765,2.2022574350705297,1.404119213396236,24.705709604017855,dense_forest,0.504947387958751,0.6214362504336548,1.200986678914437,0.3859169595848136,1.6503942680408858,V,151.84364760118385,1,,,,0
25.020448876561424,94.35451728339018,Manipur,Tamenglong,771.0336257991014,52.04200077144329,160.51203917354852,1.6295871459492233,-1.5729738564793334,217.0899023755692,3970.8593293017116,3048.8607122777844,112.70892888341373,39.123007229492025,22.58848009370601,38.288512676801965,4.711887933438848,1.2520354251330754,39.450614378509755,built_up,0.1539835051499707,1.3304945011319198,0.9321406710755453,1.3755456334307714,3.4399234304548187,V,37.263064520144546,2,07/31/2015 11:00:00 PM,continuous_rain,medium,1
27.356291786161165,90.40050377435387,Assam,Sonitpur,1225.8205780166238,20.671912300167236,124.53601775533491,1.3033585984874447,-0.9184700162321878,102.87533361280938,3356.6731003427235,2457.3507612848143,37.79183740146799,19.907246258326914,29.590240222100803,50.502513519572275,1.0254933480852693,0.9385410403717042,45.12929363524046,dense_forest,0.7613847663316006,0.5236056279220502,1.3465326444295016,3.9128827351913302,9.3659485984547,V,63.27928075998926,1,,,,0
25.375738581308493,88.121800299846,Assam,Karbi Anglong,1419.4604561951573,8.163345351510856,106.58960845331498,0.06902191161279765,0.29555132914269133,23.025138861809314,3245.3744238553677,2305.004244148743,42.89785181271465,35.99856386083554,20.37861876108734,43.62281737807713,3.339256207591831,1.2282003577927263,31.65115724807719,dense_forest,0.6296974763805722,7.075694972643061,0.5422099528407659,1.7555418415805488,11.777998120001422,V,162.60143939745623,2,,,,0
24.81696922282256,93.53139435547564,Manipur,Imphal East,524.5488294495333,22.96797394005738,218.78364529486083,2.0649413956399427,0.7439218762440188,117.49936087092424,2919.7936034865756,2197.491236054411,93.74101976883111,38.76530887280258,8.13116967866605,53.103521448531374,2.247413362629046,1.2539069542078927,24.576918716471592,cropland,0.31426282326966204,0.5332993154866028,0.5705535486886015,3.915960524866915,9.914951187868041,IV,96.32259708131522,4,06/10/2012 12:00:00 AM,downpour,very_large,1
21.693364994877065,96.30022124624125,Tripura,South Tripura,348.81157633733307,17.461630951808388,165.3160142628246,-3.389571451823645,1.457184779504067,75.4607781951986,2777.607746909823,2267.3959087944318,93.82096384220704,40.37715750970287,45.95397942579649,13.668863064500641,3.030854641654973,1.419570699833778,41.55390616111246,bare_grassland,0.42761282740186696,2.754885314049374,0.34259933071249915,0.08872761550632693,10.994905779545695,V,70.80028429620194,1,,,,0
26.149014341489806,91.86068989621342,Meghalaya,East Khasi Hills,700.0969665541227,32.95331125815194,126.38536032512917,-2.95407967876155,0.48814261023859384,106.25662231714834,4090.1471929447775,2912.9380447988583,80.92030070709906,30.94115022508956,24.00473922251082,45.05411055239962,0.8159237910047018,1.2774047191411537,60.0,sparse_forest,0.1611796194824911,3.0893800365289077,2.635854441743335,1.6552592283948961,3.2726689828616577,V,613.7169219420011,5,07/19/2016 09:00:00 AM,unknown,medium,1
25.517619361551986,92.29156845986671,Arunachal Pradesh,West Kameng,1849.4937708124799,25.11802681504915,69.64620828740075,-1.0819108334427787,1.0479160192898156,99.5124762428162,3367.835895336682,2735.1147899752527,80.8780967994439,20.70824617780668,60.19539962984476,19.09635419234857,2.001415874780551,1.3831863403384872,35.5716100022229,dense_forest,0.4197265181342901,4.6029028006041415,1.0118187111292494,5.339973439948739,29.108236665986794,V,54.983467913952396,1,,,,0
24.715971966103794,93.41748416348443,Assam,Kamrup,545.2605096614709,43.84416156588062,186.7495268205786,-0.7816248249604555,-1.5112405377906255,155.58166588571657,5434.737403303931,3766.8630241583246,93.62311669021764,39.0881380633684,26.85647645891021,34.055385477721394,1.194085067088493,1.0481840736969297,33.904630902282044,bare_grassland,0.287672392556768,0.3012951362018874,1.2913497110986012,3.778032263035977,8.09813939220771,IV,228.88769808150357,2,10/21/2007 12:00:00 AM,rain,medium,1
28.150714405386452,88.36252377641003,Nagaland,Tuensang,1614.3046332850063,23.810935157351103,271.6557687318458,-0.746134163929722,0.7704042134438134,73.85961690960842,2681.5405528882147,1782.4885231626472,59.30725633701265,28.58545016801815,27.454228855176886,43.96032097680496,0.8251334919742935,1.4609220479349336,32.42568514721681,sparse_forest,0.6837954802370462,8.59810208613714,1.7599888303994833,0.21462727348212807,20.430733112829934,IV,173.37272475427312,1,,,,0
25.527518831694184,94.1680277274567,Nagaland,Dimapur,2991.0307179544934,8.479280951385876,17.40129356958485,-2.059726659833175,-0.8576977882572894,42.96832565780073,4195.720737202303,2865.651433134595,102.08729205738283,29.696431717851812,43.346496130474385,26.957072151673806,1.0798047396852073,1.34180780829014,57.105420604226744,sparse_forest,0.25971411419426293,0.4766216474490639,2.042843977289875,0.9278183548504908,16.00316221979916,V,322.1862820344021,1,08/21/2010 06:00:00 PM,downpour,medium,1
27.14707384870742,92.12141811952107,Assam,Nagaon,1638.891480981541,19.191454439365067,54.680713375379995,1.317510915302213,-1.0149968683227075,80.1009835652038,2352.516934683642,1563.9448384307882,86.15708146988078,31.728409028119103,35.12298156136082,33.14860941052008,1.3936691397723355,1.4121597330346765,38.90313096128032,dense_forest,0.5698084429341365,1.1090517049498678,0.2096504110029498,3.808830111145806,0.6765336451413513,IV,71.88531774071382,1,,,,0
26.713256621222406,95.01618962989647,Nagaland,Tuensang,1165.960528725507,39.15040510432824,19.49771226626508,-2.091962378645217,1.6800956489025514,91.90961970091159,3824.4685290215966,3026.5394893511584,98.42555197074725,27.25307763252247,14.273945098754483,58.47297726872306,4.153339228277272,1.4622456993284834,39.140463901766985,cropland,0.46227265393055295,2.175888832846587,1.1022247607499724,1.9073966672407279,6.531916961698014,IV,317.6019927685437,3,04/19/2016 12:00:00 AM,continuous_rain,medium,1
25.505429199506484,93.02192246574594,Assam,Cachar,919.9245967680579,33.80773623919614,26.455559198410427,0.013674395329066336,-1.592496193669959,118.80884561052488,5989.213700899329,4879.06051681278,143.20069725903073,30.53673282848341,25.70583936549342,43.75742780602317,1.5597719791259317,1.2311635427432646,60.0,dense_forest,0.5221240134490683,3.115177970363192,0.4020807969657884,1.8381254375612055,0.05,V,76.82755363099042,2,10/09/2010 12:00:00 AM,downpour,medium,1
24.439904742766046,88.05005261608964,Meghalaya,Ri Bhoi,170.02002868262866,9.755552750260659,154.90183124484193,-1.6374153725212357,-3.3895658149348065,34.04190295542074,4180.29601908726,2866.859021722799,52.87134004435802,24.049150175941772,46.2635773260472,29.687272498011026,2.5258831634232117,1.3562151254600112,31.90609110170611,sparse_forest,0.5028158319579016,0.6313381666025666,0.39739557385656676,0.793413719726433,1.1289849518155506,V,81.00861612971313,2,,,,0
25.103433809650536,93.64405687403334,Manipur,Imphal East,195.29703460091923,16.196771454848854,227.16664447174898,0.20900958938170758,-0.0653679816445275,75.71842848130808,3819.727144485504,2683.5387640671975,99.57115697657886,24.08199449124417,30.609445174448602,45.308560334307224,3.2272861539652777,1.4694238954113585,45.28181718228617,bare_grassland,0.310991918851955,3.624097331922414,0.8508115213150554,7.329048508883932,2.678273756968056,IV,220.62800890377838,3,06/19/2015 12:00:00 AM,monsoon,medium,1
24.221763812090114,94.63470248641826,Tripura,South Tripura,1056.8830658836432,12.173567756783072,31.002785490664696,0.9743583521366037,2.7845905659124845,41.1997730172955,1908.3290966417562,1321.3645029726717,51.2540868626297,14.945720817892736,36.80041275863152,48.25386642347574,0.3184418155609241,1.1118912719518725,21.193310205637918,cropland,0.6650361707487631,3.104502078474847,1.5834806915105109,4.414781752202389,8.912442088199947,V,36.25570127275606,2,,,,0
27.441079706716337,91.68783881855677,Nagaland,Wokha,2381.4224606226862,0.0,125.43821211667844,2.552221154793271,0.9639996456775367,0.0,2195.5354635839235,1608.957065289324,123.36498153952381,20.64639891831777,45.14179309621745,34.21180798546478,1.234887077828497,1.162044797800475,42.9460012688194,dense_forest,0.7801554505134348,4.5730522689262765,0.14643545715311862,0.7643767723704014,6.505361480026289,IV,380.5373705228251,0,,,,0
25.97578704818096,91.14927699902583,Sikkim,East Sikkim,269.45271287586843,31.679538403882596,212.17112824029113,-2.468393511886428,-0.13345280098922765,133.13235918318,3215.776194242089,2500.731115419704,62.29655685482286,27.927060372441993,34.581591612157155,37.49134801540086,0.5694726250507307,1.4230572159518997,24.162321471117302,dense_forest,0.43200829690408615,2.93097769767594,0.3451769822190608,1.2161127277083297,0.8508631785845837,V,114.33427975591805,1,,,,0
28.75502003468504,96.37744986462441,Tripura,Dhalai,2513.2369804930545,18.300464215728365,140.58059135713717,-4.301162207542387,3.0399757953914364,61.571907942360184,3318.3001067294804,2170.262301963334,88.80079422871646,22.32207870891224,39.422482276367106,38.25543901472065,4.104680443394174,1.2854693328395905,31.811137748768274,dense_forest,0.22280916089056096,0.18788051270418826,1.3527463521348624,2.241455358300175,7.260818207272065,V,258.6053983795303,1,,,,0
24.068204725614613,92.597738546607,Tripura,Gomati,407.41605937152906,13.72472623818134,290.9453769464253,1.0486160954909989,-2.433322068941007,27.713217061953248,3520.3645592297717,2654.793228159895,32.6571213965243,30.896467340029325,33.27441478743326,35.829117872537424,0.4093649293221164,1.414542464202399,16.334769791193608,cropland,0.4547800593860857,0.673825383075613,0.26816647186099335,0.5065390170197556,8.238210781032553,IV,348.1350160519602,1,,,,0
24.222126749214013,91.45656629556392,Mizoram,Kolasib,899.1313072920603,29.727172769789316,241.6971845067529,2.7609983957031092,0.5795366285363603,132.47893967513588,4227.807241468606,3495.6909936425313,48.341139090057126,22.75253770373208,32.94972990242021,44.2977323938477,1.0349770681650574,1.3258041490833166,32.03342992813623,cropland,0.08518012849362311,5.7848936112473055,2.0077060538867135,3.204141863475139,2.185185899746631,IV,223.97994547447385,0,,,,0
24.943560165753272,94.12089183432127,Manipur,Imphal West,1900.4907618939528,21.249736881613366,11.253128293981337,-2.477997591836761,0.6890617279911215,72.61033949475785,3940.9604309411166,3223.6020181593935,108.44022261321682,45.72013259862085,11.541835213473933,42.73803218790522,0.6149836720857437,1.0988022250436593,46.98723495397458,bare_grassland,0.3862361043855934,1.0640651634053413,0.7027743866971392,0.30402016872136944,3.664352762068192,IV,81.67613573757853,10,08/01/2015 12:00:00 AM,continuous_rain,small,1
25.504801924279832,92.03569313809611,Tripura,Dhalai,1497.2965328262856,7.078207784692626,28.267536698715002,0.696968796644609,2.269407498302768,20.683704015427594,2855.5621779471503,2022.698165950734,57.78486117787254,17.392450357925004,45.272968020940624,37.334581621134376,2.4536407926763855,1.214246836471595,44.849149988450876,dense_forest,0.25716480306875283,12.429632713238206,0.35813529715405834,1.868712124785269,10.100758076569356,IV,247.7457209617718,1,,,,0
24.834762402268645,94.8418612494793,Sikkim,East Sikkim,142.36086080751727,10.938255056187614,47.388931905448146,0.17448757021225508,0.08379064263332886,39.252765587810984,3427.689167991193,2477.96809438222,107.35287164675101,27.485425181690655,38.60923004051419,33.90534477779515,2.555332281874149,1.3751066352844865,40.86994287492898,dense_forest,0.4514926733430025,0.7815809297189912,0.24557915988992277,2.701602706118364,0.5097433796379224,V,26.44364333167704,0,,,,0
26.748910667043347,96.26224712790702,Arunachal Pradesh,Papum Pare,1721.5704763758017,37.32926730524065,242.05252725091026,2.669780073358283,2.1428461361178135,144.45900025507234,1872.329957465317,1503.0454626879055,140.10561254542642,27.574052223139592,37.0835682947863,35.34237948207411,2.0103964384620077,1.1091858102586125,35.870563604340056,dense_forest,0.7068384845737528,0.09869213954235904,0.14350302114899302,5.5013042670617445,2.5341179061888273,V,120.35407266258716,2,,,,0
29.36553281459291,94.11431603924838,Assam,Sonitpur,141.60428324713735,13.637131309111826,218.45250404997287,0.866485764136491,-0.6034356849908555,38.840207432486864,3131.699503537732,2219.958366866755,115.07911800770214,40.38252378276126,33.471256242831714,26.146219974407025,2.7012051210865207,0.9405999693526762,40.60973740830265,dense_forest,0.6059435430069798,0.2837943308634783,0.5787989849006533,2.8636891387280654,10.03944920178291,V,169.19642574027478,0,,,,0
27.460561677435415,93.04422593515766,Arunachal Pradesh,Changlang,1119.2172136645324,46.15190580871288,16.611366589403342,-0.5480388451749616,1.5789177783664554,167.72635742180267,3007.4303949246946,2233.968483915077,117.02634562104478,37.31419043020782,40.427201011264074,22.258608558528103,5.4578738002467215,1.07934494487581,26.34977611318058,sparse_forest,0.3976301440252834,0.7711694014211569,1.5580125806810845,3.937270787670091,14.6292045307714,V,123.8306807275786,2,08/15/2011 12:00:00 AM,downpour,medium,1
26.31207622925618,89.34233541651311,Meghalaya,East Khasi Hills,1374.2927345491712,8.798152271155306,37.708182463315886,3.763235452088941,-1.9840978454566751,32.61441097691994,4410.077950635337,3446.1092443288107,83.17916337749776,22.945694501888536,34.05571047663728,42.99859502147418,1.9896347880827068,1.5765990329301132,25.953062192336322,dense_forest,0.4511399971145105,0.42960659640087817,0.47203058065023956,4.851851694033897,2.142052845585543,IV,28.064234479349548,0,,,,0
24.355647079219715,94.10555165881718,Manipur,Tamenglong,613.9617543490962,11.199346302778078,119.57673326789316,-2.0625539911449984,0.2842799364492623,23.95044984373467,4801.621619106067,3413.1181562658053,193.2836850681454,20.023132516291717,39.94256095368323,40.03430653002505,4.396043690804991,1.4207843764643977,30.078789964202088,bare_grassland,0.244279030340323,1.3745572271133875,1.006218704081582,3.6866297660923557,10.631400174564208,V,177.12553229047143,5,08/01/2015 12:00:00 AM,unknown,medium,1
21.73087262533238,96.20267866558618,Manipur,Imphal East,667.5298926216564,6.85064375705606,298.49385753443636,-1.5766840996817266,0.30961482384642125,30.58460230596988,2648.6780762758767,1944.1531653708487,62.31662492328807,22.77852937590126,28.84221227178831,48.37925835231043,4.882917789475925,1.4349378710131817,26.494245715573484,dense_forest,0.3485601592295684,9.896947351940302,0.154320907382212,5.196312887896798,20.277631817015923,V,197.56039535221294,0,,,,0
26.755648895786404,95.04299315850143,Nagaland,Kohima,1163.2179571654262,15.681869540544536,311.02751508090506,-1.808436707660746,-2.389827319627959,66.78439841003218,3942.5014699345875,2782.2327593637665,143.1766710446016,37.99210164303119,9.30284534332792,52.70505301364089,1.4527787455556365,1.4240554661648945,50.990814141045696,sparse_forest,0.10900118405503792,1.234390121733567,0.42317758545695006,3.2726247981570107,1.0954561630388002,IV,176.62708666593588,3,07/01/2013 12:00:00 AM,downpour,medium,1
24.996064934168384,93.53707177352616,Assam,Karbi Anglong,325.8923154735351,36.943503372192104,30.296481397516924,-2.068977397610329,-0.6244321378373324,127.132192779194,2344.439329935704,1780.8263340620795,70.65597753293622,29.489231367351337,37.42750783393164,33.08326079871702,3.813928371683999,1.3341354362116404,33.240099489187834,sparse_forest,0.47199945954177575,1.089685373304315,0.6450166306090568,3.213084098349364,4.380498582075495,V,89.93819706661137,6,08/20/2009 12:00:00 AM,downpour,medium,1
23.944581075620185,88.30414563506852,Sikkim,South Sikkim,2634.973436003371,15.153178793625425,154.9528827758249,-5.498411356199204,1.5086560976989645,74.22407074306905,2324.855235562086,1577.181598271734,83.8362663662634,24.54555958913818,44.47443257313559,30.980007837726234,1.4685325932528808,1.2518561766649643,37.426282356165004,sparse_forest,0.661510522694055,1.0483741411570606,0.31992368993091674,2.999660679189127,60.0,V,105.40274470145843,1,,,,0
25.610167111252757,89.1024375493456,Tripura,Gomati,391.41232401556874,19.654861077482384,48.72790827969461,2.3044025146076974,-0.39080679152197173,78.44560963153349,4794.114758098445,3545.583812982148,52.49795260178939,42.28458175677641,16.75426055254697,40.961157690676615,3.184539349755291,1.4188179133897758,52.31029083059713,bare_grassland,0.9332015217419691,2.9367667433411277,0.23106553117813036,0.7866223144608042,25.318143405550128,V,303.33147210235427,1,,,,0
28.387216642681913,93.04673156977428,Sikkim,South Sikkim,614.5076873928974,16.946482531778166,100.79297342708497,1.0317552014429354,0.9320625654588253,51.60981544744848,3525.2976100223987,2498.046878306686,45.86393193286496,37.41972498165221,43.59140054031924,18.98887447802855,2.829642393628762,1.6013338690508867,38.51895688906967,sparse_forest,0.6507348581728274,0.08643246698131044,1.0254416666160597,1.7073095890766974,26.869582994535506,V,216.58033240824878,4,,,,0
25.612498866168004,97.06107374622634,Meghalaya,Jaintia Hills,1089.6461298170077,24.043278717213198,307.98599926880775,0.08481804303286178,0.13317177620327156,95.27273696648115,3232.957634049909,2353.7843582984283,133.983345098474,43.07791239084012,58.21658882324477,5.0,0.5770922678429284,1.2908403302978078,15.374092204091777,cropland,0.4351403075494954,0.9276736434524617,1.0046910293216769,1.8122605604465967,18.250152922459502,V,195.33686637633903,0,,,,0
26.243053199111753,94.89726785865301,Nagaland,Tuensang,557.0846986080282,53.339389223385325,77.52742857625755,0.6126205428487892,-2.0728181702338078,240.3445991751047,2386.7652140266646,1830.3900908692829,130.86993954040415,36.680885793859595,14.811404911307845,48.50770929483256,2.232119093854405,1.27879913869455,35.187812497158355,built_up,0.29036774663871884,0.5553489047584973,0.7288720399196276,0.5457431790922979,6.760363624491635,IV,127.32076878836047,4,08/14/2010 12:00:00 AM,downpour,medium,1
25.369689766469993,94.46314233556191,Manipur,Churachandpur,3955.434039874056,25.56681796219756,326.9405587903265,-4.839625095708898,0.04804042064154995,95.98865281852339,2685.0622640789716,2073.4168235684197,113.05966241526939,31.92840648787746,29.906299297572648,38.1652942145499,1.030563369683917,1.113330674742345,43.22745156388839,sparse_forest,0.19972953893075485,0.024635675026569593,1.808285592240416,1.5026485033787351,22.382826377775743,IV,276.28176516659397,5,08/15/2010 11:00:00 PM,downpour,medium,1
27.192421733005478,88.52034192977112,Sikkim,East Sikkim,1442.734023152919,38.16665931297278,13.848032996935537,0.7466671817481849,0.030830833272582875,124.07854168553564,3539.1630411218257,2946.976778986397,98.55976736387892,22.718338160866555,34.39428002086382,42.88738181826963,1.2361742150137947,1.4643087039965907,35.99949310456364,built_up,0.32370267487987003,0.12552712845972944,0.529432913738473,1.2972897395957186,3.9476051134418615,V,46.622819014985396,5,08/20/2009 12:00:00 AM,downpour,medium,1
23.411453805580475,91.40629593251754,Tripura,South Tripura,474.67773666817317,19.21247783653784,286.1137400923493,-1.9766086932630427,-1.2551306156138093,78.87763189239581,2726.857129861298,1874.8574733552082,44.0476700641417,31.280251279906413,36.617170674862166,32.102578045231425,1.936567308268036,1.5395806908511425,37.812331144276904,dense_forest,0.5137857051118222,3.688029584634344,0.6070942988118677,1.1530900345738395,13.424286395892192,IV,197.99018789591025,1,,,,0
26.118184868160167,94.68089113075781,Nagaland,Mokokchung,530.5543842677629,51.16425043748558,208.65268901345706,0.01855013234158709,0.13866644719563592,189.6996957775976,3930.8050895224246,2630.3435400217504,164.00968015233656,36.711734810674116,35.59389457760024,27.694370611725645,1.7703906467537753,1.2439925263254779,48.07969376820393,built_up,0.6226489285865775,0.9279952611142562,1.4473372953386436,0.44526221366343344,0.05,V,138.42662836149,5,06/07/2013 12:00:00 AM,unknown,medium,1
24.21141492547796,95.41284621917139,Arunachal Pradesh,Lower Subansiri,1112.1437432573016,26.38743746066568,209.29114610744443,-0.6847676014953831,-2.5063264996140266,84.86662758095551,3451.3529420958735,2835.494120378666,35.67871952367405,40.28247120891599,37.553716479642745,22.163812311441262,2.4829677196195,1.2175598465804913,29.793874863249236,sparse_forest,0.6255043017264215,0.6789938267576117,0.7784218865214285,3.2434717714303565,10.946574675314022,V,366.9647113047143,1,,,,0
23.20877842051474,91.16165991203898,Nagaland,Tuensang,2544.2850617257036,17.146020177227282,351.4064868650105,0.20462704569381293,-0.7915061331085453,45.38040572999189,3081.1327268199457,2382.758691804546,31.90584473613424,35.78878547691655,44.544748458943005,19.666466064140437,2.08371997241562,1.1216629387576358,38.36648636633518,cropland,0.48085725838082627,9.857420874150465,1.3363727283003182,0.18229052010890706,1.0876084965868384,V,329.83175097319406,1,,,,0
26.957570739112068,93.06817811078947,Sikkim,South Sikkim,353.14648554552,17.371317698026694,138.00312133938306,-2.0658401316513166,-1.6701094803478451,80.11668550706557,4979.344258171477,3275.2760247492974,73.80100824670127,31.85627692928105,38.34550222545394,29.798220845265007,1.055586692037169,1.2667607372015541,31.472988420678806,dense_forest,0.418844092393239,4.9847787100014145,0.82348267765125,1.3117863132983187,21.292458232132354,IV,102.1025805803738,3,,,,0
24.809796935172287,93.03254180350632,Assam,Karbi Anglong,590.2687470422711,26.60152613250229,284.46473466269623,-5.096443152781335,1.020457180521996,79.91358849116038,4009.2010123748005,3336.601219117975,115.61820020145056,25.49480436698546,30.248608074585118,44.256587558429416,1.747787714086,1.445981111925655,34.229726555324035,dense_forest,0.654769777138406,0.6286304990414335,1.9413744521713026,2.991955014967518,1.5086137008381688,V,164.24801355204988,2,07/22/2015 12:00:00 AM,continuous_rain,medium,1
21.79779870690019,91.16793521785534,Assam,Dibrugarh,1376.9948295047855,19.78336539278062,134.2889691293982,1.6365445835086438,0.5311858706291052,51.35092097000023,3314.841116644698,2595.981608562193,35.857009302368,20.511290515012423,49.677250914193515,29.811458570794066,2.348895285225637,1.5059256860922496,24.72006948972898,cropland,0.666932703717936,4.04651213033482,1.565905150299054,4.289284702216954,0.48847614038275605,V,316.68315230784464,1,,,,0
25.491297380491783,96.70881714527786,Tripura,Gomati,1734.226726633885,22.04436905528562,61.06994253491703,3.252542276246602,0.5755437748219777,96.17389941362826,4505.106666227069,3116.017426492393,42.73600850806952,24.18087407600531,33.35326153469264,42.46586438930205,0.704827503101011,1.487602700482133,31.571874202138357,sparse_forest,0.4214360936624913,4.571181393450908,0.3585664817820763,0.5136573317918448,25.802598380683815,V,171.7282780311747,1,,,,0
24.70538736131992,92.23352820481331,Tripura,Gomati,3117.172430655766,17.977155711957,299.4984565807433,-1.965025409458656,-1.3254310837425218,58.734103134819975,3885.703101254123,2996.6204682854577,67.89078679010802,9.558235894838088,31.77422784068431,58.6675362644776,1.725257342540759,1.2110630146201218,44.77566496602575,dense_forest,0.701309804614926,1.1947190973290338,0.07897874397704863,0.6658088589857727,2.652241991893224,V,310.46069096948156,1,,,,0
25.573497029069188,93.15009352713028,Assam,Sonitpur,3020.7872442346784,12.548895170082481,280.3080660338896,-3.6508750989477816,-1.215890373734207,44.12117220695385,3321.587666018688,2386.3749248606946,135.25451150306765,35.28625591171583,26.921869087122346,37.79187500116183,3.4773583925290477,1.4269745939417944,30.638231662227874,cropland,0.16666201083092896,1.0210096542162566,0.6379529347129187,1.3295646507952164,0.05,V,122.30177807784371,5,08/20/2009 12:00:00 AM,downpour,medium,1
28.481343159420277,96.55026407131665,Arunachal Pradesh,Changlang,2405.659242844999,7.755108186753345,61.84266242081043,1.066472189514562,-0.588103581389424,15.637335129017849,2659.6255464573765,2158.865067267322,36.31448895962798,31.153957948493105,44.13907665914762,24.70696539235928,1.975201640436332,1.3660976895058299,25.649371087875508,dense_forest,0.5808208795545456,3.080582251450921,0.24628589783451985,0.2431527339579892,10.00787590014305,V,90.16519158799335,2,,,,0
26.180176499237806,91.82343605157101,Assam,Dibrugarh,2666.806600108375,34.283190715008146,217.79161314186237,-0.5048776663942659,-0.27026527495578423,105.87478625951563,4237.359238499272,3014.0715650840625,84.23147475442113,43.478459733902355,24.064024368752253,32.45751589734539,1.8436870196279345,1.1121818752240027,37.431363460132886,sparse_forest,0.40695938113971347,0.6906481404204492,0.8785774104905912,2.7682707730298683,9.894507993542469,V,380.0162188820315,4,05/11/2013 12:00:00 AM,rain,medium,1
29.38607786974419,92.45056563339422,Tripura,South Tripura,461.2365306613382,13.400799221047377,245.79172464995017,1.7332339990462702,0.35968095718247267,66.39153009548394,5219.83461095141,3638.0276154316102,57.61718902597419,22.616092314784126,25.927596347979453,51.45631133723642,1.241681817742576,1.3024146682827438,29.75871159135237,dense_forest,0.6242523535912903,0.013504881857478692,0.4278984322232564,0.9649763364897491,4.695840958917913,V,40.13702019377483,0,,,,0
29.317279060832426,92.11132349280652,Assam,Karbi Anglong,2947.500515143195,26.995043810443654,145.9384896322692,2.0750480314178117,-2.327795352801045,115.4071931955713,3543.5375005470282,2792.185764765228,94.68278663616663,26.70907465282556,5.12524783694208,68.16567751023236,1.0380201811993672,1.3169454023781793,47.634249640859245,dense_forest,0.7318105390037914,0.043213109760034424,0.16648875455920745,3.092025874500728,1.4314202511821454,V,46.08844327232718,2,,,,0
22.59807441929093,90.51585052953179,Mizoram,Champhai,1537.810176193259,12.67857261102728,215.5052653638276,-1.5621703402804665,-2.045970739072521,19.660269541618753,6254.1405297641695,5230.8302351889715,53.225664646210404,31.409047614459855,26.849562914410264,41.741389471129885,3.56997789522693,1.4663920823104544,29.59074275879474,cropland,0.45402889776518063,0.1336264959707661,0.8041716244804942,4.352186748391254,7.465662722207307,IV,191.30524336368842,4,,,,0
21.702496980897983,96.8446189838748,Arunachal Pradesh,Changlang,473.50395609383503,21.662000073072747,238.7670847357896,-1.968105461291654,-3.039878423607349,55.94201928774479,3583.290830776157,2871.475698939049,88.83533912181042,30.255748942485415,23.872736400257892,45.8715146572567,2.8093647256095964,1.1973805679391367,40.13025622073191,dense_forest,0.5043350453167738,9.779384286217919,1.569543985902396,2.7479447648272903,14.120457995881251,V,59.56622743172724,2,,,,0
22.584364134658916,93.74096502806036,Meghalaya,Jaintia Hills,1016.9540552310608,17.67386016205418,264.2266432932989,-0.14370841277600077,0.11706214138077531,43.59299588650419,4267.589604353798,3480.3748090672552,47.86008214563495,18.395494617058823,35.545379676411436,46.059125706529734,0.996623333505293,1.1727860728044486,32.898066072711856,sparse_forest,0.5443700730503553,0.983148715405708,0.8522619308270856,0.9050349992530315,5.584094257353175,IV,369.39241012401817,2,,,,0
29.13926107732637,92.92018581604799,Arunachal Pradesh,Lower Subansiri,1391.9874993811559,2.48171076708938,227.12975641908616,-0.3913554773663407,0.37281212379919004,15.325088673543732,3266.5426745998934,2748.66619271475,36.12616166317112,25.116387248812252,31.428363693221748,43.45524905796599,3.640547412695142,1.3276600169401525,17.76685694145767,dense_forest,0.6336068228885257,3.9411121593324374,0.18887487594464242,1.5236420246340519,5.251557146414958,V,238.1446176044833,1,,,,0
25.295696604325713,94.00299954659343,Nagaland,Tuensang,313.166621016654,32.81187368686722,342.0448074527378,-2.0139451027203323,1.395297602857332,82.9491243321421,3649.873047385812,2564.399815515043,74.33789057102248,46.81924675184544,41.942873142504716,11.237880105649843,2.737160419167401,1.3850783290990147,23.747095096522933,sparse_forest,0.3657792934792387,0.10645359644835395,0.6902555074282141,0.16278135984812622,8.15424837008949,V,66.49055656933399,5,10/08/2010 12:00:00 AM,downpour,medium,1
24.753574974979358,93.11534155081272,Assam,Kamrup,964.1822761187296,40.919280150430396,307.71092539456987,3.89899447358804,-0.7907617594822911,114.33417201245656,3311.5241168288167,2677.7917180920754,81.7790889318751,24.538624174458967,27.557485923292894,47.903889902248146,2.7855232780760546,1.7,44.04700639195592,sparse_forest,0.6603649996896566,0.34135845829050915,0.8199399613211171,0.4234911580951875,8.17053279041158,V,178.72952823669195,6,09/06/2011 08:00:00 AM,rain,medium,1
26.158838938516503,91.79258035100693,Assam,Sonitpur,2148.676505352294,38.782345281200534,137.86530040934943,-0.044279374950419254,0.8953768166356051,104.27436052722861,3913.2583331729993,3305.193207923137,111.63157049484255,27.323316425954623,35.178100081811785,37.498583492233585,5.147371308701297,1.3408521854191457,42.93109734604642,built_up,0.4662852369782496,0.5254281667449837,1.4765129949392093,0.4022573432413615,0.05,IV,44.18956597337584,5,06/26/2014 11:00:00 PM,continuous_rain,small,1
23.729929861148058,95.55472758256697,Sikkim,North Sikkim,903.7165637910155,20.920839104931176,162.3592757397879,-2.440518213066996,3.3408097988889387,66.26731769405215,3028.553142873975,2350.7100371038473,23.32604841798863,19.135959508091084,19.24416573138253,61.61987476052639,5.474712545451457,1.7,32.913962087163085,sparse_forest,0.5641622640164553,1.2182122028373168,0.48528570457106546,1.3474484686881318,7.741382719954019,IV,87.04627851151544,0,,,,0
27.733458226119023,94.9914456267633,Sikkim,West Sikkim,540.8430030899117,31.674921588690502,157.9903009136255,-0.8923511263689786,1.450340311291846,123.33848752967057,2571.835341646146,1929.6334647516276,38.042398780563666,33.30183347797362,22.451225347649952,44.24694117437643,3.514848175887125,1.215720082527816,33.607446930517284,cropland,0.6323619235447518,2.3009554064844338,1.015595621192095,1.9419516109260018,4.655961064248236,IV,265.6648111989217,2,,,,0
24.4668269413211,92.91139019877988,Assam,Kamrup,1589.269325683941,25.434332815605238,125.60337587870076,-2.1907711207304517,-1.272652332973081,79.81505529685313,3017.7066018484875,2417.0954311646274,68.25886304232682,30.11047428495814,29.167488104150884,40.72203761089097,1.091255955645036,1.3917842138510548,17.398819533832942,dense_forest,0.5400848090968795,1.6408832664319393,0.5180628954821975,1.8965715468662847,7.857156136217618,V,161.068777812399,2,,,,0
22.74197170732696,91.2322439656197,Mizoram,Aizawl,524.9751553656079,41.54189006053406,66.16545645995113,-2.897606960944167,2.367093543095102,120.65232540866883,3558.0966714705305,2886.550763055529,66.76133332329749,33.76452203604193,50.13351177341771,16.101966190540352,0.20261752864421803,1.0465075044480152,22.30279250131145,bare_grassland,0.5389717975815126,4.295397972155489,2.599488208177439,1.9571006615449273,17.490555398621908,IV,106.52356219862865,0,,,,0
23.68404645781687,94.0253153163277,Assam,Karbi Anglong,2101.5941777727685,13.251724369351036,6.800909679392517,3.703269982735706,0.1232693251711472,27.459690966857643,3800.775675399743,3078.9507785683654,57.36398349580157,26.09646972393913,31.709647590799875,42.193882685261,2.9192526068575657,1.280380953943745,15.32770894618275,sparse_forest,0.6593479211387928,1.7691595000215172,1.3028722160437194,0.1847164478416112,26.139290341826268,V,143.7330064313212,1,,,,0
22.51058360514541,94.68074244425183,Nagaland,Kohima,709.2050586451377,7.9603093971483965,243.67021237331264,0.6213630322041617,-0.9551172364768843,26.633334784493094,2492.2377752914845,1783.4871115618369,32.11397804014543,38.326985593591345,40.32858994164678,21.34442446476187,3.97190213909977,1.2208932608757948,44.34210373125271,dense_forest,0.5718986777526615,3.1391658355862706,0.3807033224577929,0.32421930996804743,4.217288241038092,V,180.49385760223805,0,,,,0
26.538257527768064,93.05310211731266,Assam,Sonitpur,2043.73036504273,21.212043061484053,54.687787335176246,4.550185148704262,-2.4555777159019287,62.40857699276806,3214.3552719904287,2306.130492496593,158.4018882404809,36.100864124737,47.73966053961354,16.15947533564946,1.3534091318385768,1.299456675673423,31.69513510602477,dense_forest,0.42543387474766403,0.5710091300478622,1.4073494258329764,1.3329031849611765,1.1558716027306142,IV,101.18672814191788,3,07/24/2011 12:30:00 PM,downpour,medium,1
22.429422674551628,91.91620801568635,Nagaland,Tuensang,1536.403297912627,24.421103180972576,284.76723197205735,3.309102925513686,-1.4477890751831548,89.41129411234942,4110.514735524023,3069.1474587013513,42.948210583939954,31.81159493375025,32.65393086876372,35.53447419748602,1.870472669671092,1.4577212852173873,45.36407803282947,built_up,0.4465218192045179,11.141863442284208,1.1612494090191905,3.9287322443389057,5.867868259945489,V,86.82850349646587,0,,,,0
25.5242595941991,89.39643994063361,Mizoram,Kolasib,1241.7453346247362,14.561311668376588,180.61789010230387,-0.8702063331837394,2.864488427305126,63.11442916321638,3286.0176824549394,2436.457097802546,50.831421721145674,23.15360529121967,38.218891485704596,38.62750322307574,4.1080629766536045,0.9,35.275814722675996,sparse_forest,0.812151989213942,9.895952529869815,1.6239435580720114,3.1716118356946,5.25669780172213,V,152.49878528492093,1,,,,0
25.528094958517986,97.19868784366695,Meghalaya,East Khasi Hills,2009.6218054406816,24.13968643731657,270.0485545564291,-1.5970906304971486,2.473562830203853,53.808693752954646,1911.7127017676094,1593.9994922865042,54.607138685566746,19.03013089204584,27.65598382154141,53.313885286412756,0.6907515281761585,1.1903031703108617,24.58651654110718,sparse_forest,0.25025994579398264,0.8435202368852628,0.47418420121004967,2.2208519715238078,2.965131068871859,IV,203.46425006162468,2,,,,0
29.432375305736315,88.3387954504492,Manipur,Imphal West,1258.590471970493,17.461356901285484,284.07557853314836,-1.8855463301389128,2.9865947425310315,55.395000314203706,2994.8455741474218,2277.198114092997,34.88977427710289,30.008147584414893,44.935198087218915,25.056654328366186,3.6517004380712774,0.9054660930302433,26.362827798308608,sparse_forest,0.6063422186940507,4.809720984940105,0.30668942381515185,2.668507821919336,1.7416315539585843,V,137.30681384279313,0,,,,0
24.71858270901306,90.61411056035573,Tripura,Gomati,2636.77662959873,29.56365389103583,232.6677452003096,3.6267660819866254,1.265296427575926,100.70077875772289,3338.9249418193517,2209.1919700326166,36.83140478923014,15.874615169313417,43.51691468207624,40.608470148610344,2.9526111785170603,1.1909570306369874,36.79294435618562,dense_forest,0.7027429326519704,3.0083293764411465,0.46546173952607933,1.679805580393642,3.0771582456556614,V,103.08978507240187,2,,,,0
25.233539242370117,92.34530643307788,Meghalaya,East Khasi Hills,2347.843948403386,30.03712485804533,78.19793320459758,-1.4810182949867308,0.1465739957660635,118.63886801844431,4523.1424957847485,3420.0420108201247,119.82588211878429,44.97821075507089,38.000336121111204,17.021453123817906,2.4156856635119084,1.4692023479285863,40.73804676965966,dense_forest,0.40833725806809484,2.3678477499385706,1.2212907215988795,0.5740027219052064,0.45363665195278813,V,214.31645579870707,2,08/19/2015 12:00:00 AM,rain,medium,1
23.057511153187637,91.7192772909904,Tripura,Dhalai,1196.1711641740199,33.52671732762402,166.0123729541997,-4.812555485133077,-1.3245271660384643,76.21671574286097,3108.9550119341843,2634.3872961328907,102.666591035093,45.77508462303441,9.862522249325568,44.36239312764002,2.8658417436618984,1.5890273162875366,20.06017677558355,bare_grassland,0.1647100643045619,1.4255622605286613,1.133258795002462,4.107788868234507,2.5884342437829106,V,144.17358541797182,3,08/14/2014 11:00:00 PM,downpour,medium,1
29.33674221804406,89.50421606320575,Sikkim,North Sikkim,1872.258937609531,26.493971267508982,17.027363632906383,0.9382874753077473,2.151102065583938,75.88215476103045,3452.790888009767,2512.6951822233978,64.36911710878127,28.281471474581412,45.2892116081732,26.429316917245394,2.334547885018038,1.1600698167496337,49.29721261286555,dense_forest,0.5744358035685648,4.7199640693688725,0.4788993197176017,3.605266701842506,2.8837353011211966,IV,221.6822995927602,1,,,,0
27.645838921733496,93.82728241298452,Arunachal Pradesh,Lower Subansiri,520.2443662190783,10.311183856323744,243.96747894063063,0.2239133828899479,1.1071864604378545,31.43837473807298,2902.7891002293545,2464.603589299044,82.0463771808993,26.357590095092352,37.66146486923377,35.980945035673884,2.1181454585127515,1.237430270476689,52.373154805497045,built_up,0.2804841735904393,0.45643600584718186,0.5838236083507237,5.833468150030906,0.05,IV,147.50627377645137,6,06/12/2016 11:00:00 PM,downpour,medium,1
24.854957507395515,93.48922517305937,Manipur,Tamenglong,1807.1509496238975,25.44319129661399,97.47069445185036,-1.1010818201807073,2.0118270434954537,95.9179798297748,4485.8088546715735,2993.8388999701074,120.48738210480076,39.68010124055414,44.38615004456833,15.933748714877531,5.382267522932229,1.3545194863454222,47.51354537631756,cropland,0.5146300274677014,1.5084073072134392,0.704327231794599,0.2494447873891463,21.199650854054084,V,171.42578685874508,7,09/01/2013 12:00:00 AM,continuous_rain,medium,1
25.934040589936977,95.40341492257663,Arunachal Pradesh,Lower Subansiri,1423.6275243366717,39.4575383008152,285.6724172390612,-0.6814270270617568,-0.2860457978532572,191.35292256570875,2471.4477766912414,1659.342231160052,71.6965290714212,32.158374190863135,54.395528082866235,13.446097726270636,0.37726456980536893,1.1562590723324235,24.29569110997043,cropland,0.7309768580769666,1.676908785614363,0.37868913883084443,3.3361367524057965,1.1525034816520834,V,252.83918937562564,2,,,,0
24.67613127271408,92.48125300057586,Meghalaya,East Khasi Hills,549.8740452882304,40.562152007992765,231.3428238540397,4.573553623894874,1.5451063264487612,144.13339022336896,4167.783965026397,2866.4871605360695,48.268782154083006,24.888798381461942,47.21660165356524,27.89459996497282,2.6540196267415217,1.5693391095804219,38.00848404349195,cropland,0.2764360126489025,1.820949377964574,0.41790283068899764,9.684895485300277,3.0703779337279933,IV,121.91234455830353,0,,,,0
25.574756931224456,91.86568414128944,Meghalaya,Ri Bhoi,881.958502519558,12.936225601992891,294.29460138713813,-0.4601635004662945,-0.04940562027794876,35.77023999893656,3043.930195974717,2123.2076391026026,141.27391913593897,25.14272439282046,32.295471794783865,42.56180381239568,0.6418974477430923,1.3256828771456834,47.601327814791624,bare_grassland,0.41027997536617533,1.28225412367159,0.6238295407039562,0.556207726944295,0.05,V,287.6248034370125,6,09/23/2014 03:00:00 AM,continuous_rain,small,1
22.469158596973223,91.60354768975559,Sikkim,North Sikkim,1545.1245976955095,0.0,112.4321654101138,0.5330392502250059,2.358278394226551,14.521173470419589,2278.5097064953143,1853.0303207275883,62.66048998308818,38.141654311220606,44.58427255303631,17.274073135743087,1.0122669269817806,1.2082139293099208,27.597929919126504,dense_forest,0.570368288333291,3.425285620896897,1.2117681814320973,4.2511623982972635,10.938160854448183,V,45.10130674841094,1,,,,0
24.871517191710232,91.51010768235192,Tripura,Gomati,1279.4545147116464,4.468382350842392,299.9792733782436,-1.2860351463211699,0.8996548012048446,4.990424416081066,3148.0725920403665,2247.709557459575,59.343820816631904,27.32634102524155,44.31367689429868,28.359982080459773,3.919671284887759,1.269810758339684,35.295621115088515,built_up,0.4477356805599532,0.9483257556073772,0.40549367415165816,0.9214938663210293,12.588997301440406,V,166.63699867232492,3,,,,0
29.378829776485127,97.27758102863746,Tripura,West Tripura,4017.7726120492543,13.56548177496818,38.71160428914465,3.440528638264956,-0.6481878473472463,59.50612749299456,2878.6663223982714,2115.003006337666,38.04567617823444,24.988512420757008,44.0424190398916,30.969068539351397,2.0467583653227313,1.1204804854830122,34.38228845927268,dense_forest,0.6182331539489441,1.0967978756488788,0.12574072757618163,1.212863158418838,1.7265723950319416,IV,120.73094392987156,2,,,,0
26.722380908390498,95.07336818674077,Nagaland,Tuensang,594.5323051666641,23.38889969119401,318.26019997575577,0.644095141120367,-0.6216549969528206,100.87235557295749,3657.5021769292707,2393.158992831567,82.07000047513206,40.00000320619859,25.477306855392644,34.52268993840876,3.1066784326202916,1.500964517489397,49.89713676600374,built_up,0.2816555364261851,1.6594232420251551,1.1629690826484291,1.7875942774560256,0.2669119751383193,V,169.04352260237047,6,07/19/2010 06:00:00 AM,downpour,medium,1
29.15293155739215,92.01961541951867,Manipur,Ukhrul,1663.2727955726752,10.461032637467056,93.93688272885097,-0.47742470391374053,-0.28410571869922524,37.54146125708659,5920.601585013552,4327.783139725295,26.18910556500561,23.16327348575333,40.62034719487371,36.216379319372955,1.8572330542582287,1.2175350763072397,31.555675049658937,dense_forest,0.5655681747522842,0.4401133921658553,0.3930700158212863,6.395769929952606,0.6016562169376317,V,280.05421507135026,2,,,,0
27.5828203649061,92.89574412993002,Mizoram,Champhai,947.3569656168306,0.0,202.46024144326108,-0.5530343881916225,-1.4579333511829042,3.1076548246677205,3124.7131219800444,2560.482143020242,52.259070797677765,29.614833325524994,53.56018046638265,16.824986208092355,0.9492961259385014,1.3859227469054614,35.04472175297682,dense_forest,0.8598953522991843,6.11924565988315,0.40782832025430854,3.4959768963848905,6.729368035132128,V,143.55697116073787,1,,,,0
25.314659848023908,94.07232354422001,Nagaland,Wokha,1400.3774689670706,48.93882419296298,280.22937014726966,0.37364530687989694,-0.79814832971067,149.11277626823517,4493.415953480601,3308.1827599871235,131.42974614773203,24.600809000051992,13.053023553538386,62.346167446409616,0.65639678681878,1.1692382651749922,51.82382659443997,dense_forest,0.44210961358621287,0.16919225564385584,0.876609433317208,5.6205278187157965,27.111051960989645,IV,349.86467976863514,3,08/09/2013 12:00:00 AM,downpour,large,1
21.936070687334226,95.96487511586784,Meghalaya,Jaintia Hills,595.2534101906706,41.50605088201732,103.86550801330198,-1.5024352329598334,-1.134592931264178,144.82708098185282,3851.630168534487,2898.8843102379833,81.33653550907094,24.959685150264043,37.91718903133367,37.12312581840228,3.7734477567444342,1.2641680244093945,25.982652066812765,cropland,0.28826239796836317,0.6954247399730765,0.16141956626930234,1.2029468300088113,15.637605182758572,IV,188.57413240448622,0,,,,0
28.877010251419915,92.85421975225377,Meghalaya,East Khasi Hills,1030.7103228401738,30.14296007606766,329.46084126927144,2.209948572359607,-1.103127856000201,122.04126307350583,3839.3547350859108,3102.75805994965,108.17669782474972,28.06002278979697,58.32557938824798,13.614397821955045,4.565139236491506,1.5471350956116405,28.821321416628113,cropland,0.6016391950395806,0.7224159004814887,1.1369116767869067,7.607677460476304,5.884766484072565,V,54.85508773908761,1,,,,0
25.54291207414165,90.17523996939227,Meghalaya,Ri Bhoi,1044.0827571424152,33.0221109922372,321.14272010362953,-0.004487124662469144,-1.3164939006600964,135.84454841326112,4362.196220091339,3440.3523888989594,101.84351750240313,29.037562552824873,39.8036326561291,31.158804791046016,4.151940726294245,1.296739492470697,42.43361804552135,dense_forest,0.6595765130165793,4.103397559802678,1.1890608005075232,1.0631962445379626,14.586049641941262,V,237.65617509205057,9,08/16/2011 08:00:00 AM,downpour,medium,1
24.91304753896958,96.4174300837309,Assam,Nagaon,524.6581619896037,19.241679268529616,138.41097631611302,6.403549215052568,2.2860081211050094,73.58828518847707,2673.2771169062707,2190.3147237331195,141.07380939344085,45.95149083400948,38.12996177831935,15.918547387671168,2.2991445793063674,1.1836911652873365,24.29460772142629,cropland,0.4127105184335042,6.21114939334867,1.060020888949094,1.9496974400840688,0.19129662707105874,V,54.98737303724383,0,,,,0
25.169677011012254,94.45090519789612,Manipur,Ukhrul,1374.9845599497912,32.19176495934177,302.07333179817533,-2.1486592911620526,-3.3456741204171108,112.56273518806861,2458.605670366825,1954.2344616951782,140.79088973903507,38.2121621957493,38.721383360637674,23.066454443613026,1.39881651910619,1.3947489699779334,44.64392540735275,bare_grassland,0.3921393504354063,1.8539064807838246,0.8127988309238795,3.8241093412883282,0.05,V,17.74608819720506,8,08/01/2015 12:00:00 AM,continuous_rain,medium,1
28.293511198176166,91.20479389929304,Meghalaya,Ri Bhoi,835.9426651569356,12.770137129735776,121.55500524080611,-1.0097147712560233,-0.08664910854014257,49.838623602580846,3736.9735559693404,2885.1311740053898,37.07178558039048,24.279511157207715,39.23647707763615,36.48401176515614,1.34009983567867,1.4933449683467577,26.90054603416438,sparse_forest,0.4588344871533109,0.7597384350279561,1.105856234166294,3.5053307953632604,1.179756023040605,IV,883.6437784335683,1,,,,0
26.174535218222797,91.66408390537107,Assam,Dibrugarh,1204.3978942202257,25.730286989139355,231.37090566853342,1.2315013369750818,-2.2782172157296467,99.08859865207754,4747.541321949597,3581.6669502166096,100.93649420995644,25.664911677733688,29.177439561026944,45.15764876123937,0.3242330285206204,1.3584044171368113,37.59276676717725,cropland,0.5113738317231837,2.460930355820527,0.7153606918489503,0.9576086764402908,25.901670505391838,V,239.02312328776463,4,10/06/2013 12:00:00 AM,downpour,medium,1
25.350292594395242,94.00898461318312,Nagaland,Wokha,285.6579165006484,27.06402898625156,162.6841361946041,0.014736176015632596,0.43016581761790595,129.43972543965782,5877.8097303558125,3879.679600435727,123.00011639884346,22.00747093492955,41.466303688284015,36.52622537678643,2.862799473337502,1.2454142653403022,24.088858269218605,cropland,0.46664034161159906,3.016604208765638,1.2536383368974418,4.212266427139852,5.00322215699674,V,133.17201296856243,1,10/09/2010 12:00:00 AM,downpour,medium,1
25.514799594826684,93.88248139585853,Nagaland,Kohima,374.14298872459074,11.761186947329476,343.01023640176754,-1.7640264373324777,-1.5194362396961336,37.46622504023705,3362.1298200994074,2399.328633301144,72.57410245563493,35.23448256161261,42.287544934386894,22.477972504000498,8.165871434916578,1.4588731389236018,39.31672191564185,sparse_forest,0.5463007945065641,0.4243258342984644,0.7908512145728388,1.9714316606808464,0.05,V,219.27025531914492,3,10/09/2010 12:00:00 AM,downpour,medium,1
25.453890728392874,88.95954250608483,Sikkim,North Sikkim,531.5651911371875,16.286825243528135,60.281799076840045,-0.23795021369255656,-0.39067596305024743,44.69350463047292,4624.249713230819,3472.038452349516,47.350830739265525,35.76274213785657,38.490283305382825,25.7469745567606,2.985909645701873,1.163174054576367,49.79182445211487,cropland,0.5381985685920747,0.8395595467726992,0.6274467521623006,7.318453720938193,17.11332374448945,V,226.46925393941535,2,,,,0
26.82129199722846,95.13455898182832,Manipur,Imphal East,2070.326375659507,29.234372603211455,321.01198747728205,-4.549147161693727,-0.2736599758084974,117.58360144410739,2640.650946663078,1750.304639310338,72.11305842494582,43.23197532530002,31.77904953338478,24.9889751413152,4.74142640304212,1.2587311358332731,23.437264708150312,sparse_forest,0.731481889725824,0.3814993401748651,0.08494454002017174,1.8450226268606131,0.4833339670048372,IV,201.5485068085166,3,,,,0
27.33926036986012,88.22088402656844,Sikkim,South Sikkim,583.592927618561,39.98292393783571,1.118751383356944,-2.6050883236987943,3.1819641109630554,91.04692434235615,3200.948874622652,2087.010547170724,180.8190451323147,28.75515100678195,34.26601931076216,36.978829682455896,2.936834779472851,1.2770325506503113,53.63038727731087,sparse_forest,0.521492425306626,0.8931553428275777,1.7389509312763651,0.14007014359568426,3.0740227985989494,V,898.468444499519,4,09/01/2013 06:00:00 PM,downpour,medium,1
27.64443505702902,93.9312381368125,Arunachal Pradesh,Changlang,614.8127656718564,28.494859445146275,216.09588438785488,0.5420900897258052,-2.433355160416227,137.11918343385724,3474.7946474153387,2772.057283646069,107.06153388729933,38.43760503332641,35.54257015984757,26.019824806826016,5.1389295467335865,1.1109460824052433,46.21628726323585,cropland,0.2802011635425336,0.8936434470247978,1.2297107197995516,0.43996032158833803,27.059819323031498,IV,66.3698554749835,2,06/12/2016 11:00:00 PM,downpour,medium,1
25.103640230404196,92.90434134798974,Nagaland,Wokha,337.1273205345714,30.26769259156999,51.86147337684127,-0.036341982382500845,-0.12213262572693473,123.58425842003592,3803.7264811452455,2520.4558307948323,52.824508464697246,34.850864621530434,21.322497124205654,43.82663825426391,0.830655368214038,1.4964323052027597,35.907996883291844,sparse_forest,0.5549980861062,2.501375531481566,0.8089419965905033,11.96888861426286,1.2776280400644688,V,214.35180076607014,1,,,,0
27.056701411127293,91.16960339192215,Mizoram,Aizawl,850.4127756095795,18.984080183037925,312.5126104284471,-1.885454951345173,-1.4401625881011793,49.16632709605409,3367.5129580779176,2421.4707510631633,70.81132828900894,23.015512658064022,38.67606184509098,38.308425496845,10.939434297275064,1.1054069692557071,24.60429014541686,cropland,0.6445854682125483,1.4059582421048002,0.851606488770247,0.13718499268997789,8.471349958576571,IV,265.5664948290462,3,,,,0
24.647275776254794,88.69237201738949,Sikkim,South Sikkim,1501.1626249533963,21.681904723189696,2.2410430865476227,0.38058166773922214,1.0827315798096797,60.27875705712945,3625.985664065612,2461.375083159748,40.80953398030675,31.664453994392638,29.886241246412443,38.44930475919493,5.040856039139911,1.525522437775861,5.0,dense_forest,0.43139533658440143,4.013777646125201,1.0725897101532567,0.6684641297745006,4.496954165779783,IV,103.69740831343725,1,,,,0
22.68173128656994,91.25617469684843,Nagaland,Tuensang,296.5029750497288,26.526453823098578,156.15155058112222,2.43341853955913,-1.6220711955899894,108.92629889069374,2473.814498515441,1879.2302167304604,98.32372046553517,34.62109034580905,20.407553756408653,44.971355897782296,4.384431279041886,1.1979772846946,46.93732491127163,dense_forest,0.5922144823595942,0.304842727468733,0.2641509755724619,5.254943120078378,2.1596644971454393,IV,276.16729589080313,1,,,,0
22.159296174054635,90.29729009327339,Meghalaya,Ri Bhoi,588.9564074014263,38.459063189542604,351.81794025694074,-1.7632849731496925,0.8746923911647884,104.7046355806735,2475.7780140473483,1641.1211792035665,89.54340024485019,33.11320066654091,21.398226303833425,45.48857302962567,5.3257760628933175,1.4306064945672017,31.74519522205096,sparse_forest,0.8099556200981948,1.2240252966102068,2.0103903839292823,0.6865752093798687,23.686570536181602,IV,75.06172168224647,0,,,,0
24.413825794679784,96.3729743213064,Assam,Kamrup,936.768582910778,30.122264626600604,174.63042618452994,2.4215414331221923,1.0020285016477752,117.67431178215149,3049.08926612573,2459.4408612977245,50.7831089431176,31.737594454320227,18.267252619905825,49.995152925773944,2.315408426319299,1.470029829199125,24.267163972734387,dense_forest,0.3211327150724368,0.39056143597057724,0.26836273568024543,2.8344354098163054,3.48460322483079,V,431.8072966252003,0,,,,0
28.276282798059786,95.41653601925152,Arunachal Pradesh,Changlang,1369.5083105056226,40.30662240216339,156.14338851135918,1.5292289279674962,0.569787529664644,120.11952680775977,4775.766084633206,3398.8590443906437,62.02292490987964,32.87124157798735,36.002247978534065,31.126510443478587,1.6760851338286151,1.2335630919407643,41.532319506845674,cropland,0.018123243549561407,0.29607442107852533,0.5943570994247978,0.4642340994173589,0.05,V,160.46412731138554,3,09/09/2010 11:00:00 PM,downpour,medium,1
28.299651965562624,95.89772276443578,Tripura,Gomati,303.2665971197879,16.39889635497609,152.9742469165888,-3.017867482390519,1.6959105134576227,47.84284333158915,3477.04636581177,2405.880416471489,41.70316984218336,34.66587466085312,35.70404269354395,29.630082645602933,3.271062829944871,1.251338008011027,36.61578897444649,sparse_forest,0.6752626529909036,0.01,0.6360115458312786,0.6945231755092302,1.1384716155371104,V,228.3002863935637,1,,,,0
24.967717008949773,89.67138545734586,Nagaland,Wokha,2260.0924095314595,10.597496015803982,296.99289166948313,-0.5473611403090556,-1.6775186093592316,21.052080561347537,4221.8512929277895,2764.4446392091154,28.96018804704584,27.98799343225493,19.2659225924982,52.74608397524686,2.0343302451855356,1.2590819487500804,25.04021402000822,sparse_forest,0.6856001582232885,1.260377880748047,0.622239482230775,3.1084163672688634,7.021436367806652,V,103.4190972990786,1,,,,0
21.78394281626948,88.24971309401407,Nagaland,Dimapur,3103.3741363812055,21.529670116737336,70.34410270725762,-2.653860835795152,0.2404361105222101,86.75913574185464,1450.9511969455052,1158.246277774691,57.191629313448686,37.38929512517619,27.245485539739615,35.36521933508419,2.085783469205045,1.348980850453994,15.64362339811898,bare_grassland,0.4739804997277193,0.5884838961333434,0.145154082740109,0.4283109894111401,2.0589186685401444,V,250.83827250734066,1,,,,0
21.52250041216328,91.13816941236198,Tripura,West Tripura,2457.536575621602,15.576555298169755,220.65714484267653,2.2994771921148844,0.3937949028210618,73.16603844997559,2836.248094294325,2024.8784510828173,32.65335857668808,26.227842157568638,31.51909779582945,42.25306004660192,0.3949629359461409,1.4552466083200057,31.095955532463037,cropland,0.4420784374530198,3.8946968130069353,2.271383764827774,0.49996215904279057,5.311772691154193,IV,160.94014481803208,1,,,,0
22.662351857238846,94.97662811959958,Tripura,South Tripura,1546.6535896944813,11.658166311941091,270.70707904059077,-3.10229893802098,1.4686715908540622,53.69313699210785,4983.295190414763,3593.9072098831803,29.699572808825444,33.71070075535825,33.41327851150343,32.87602073313831,1.6878814139729157,1.5505807709245092,39.3364191712365,dense_forest,0.8635475018755899,0.49197092176659285,0.7352195335684297,0.3871076775501058,2.326249278808662,V,319.12226864136125,2,,,,0
25.87279554295109,96.84625312912037,Assam,Nagaon,1196.3920539276714,10.534287031514495,148.7968679373225,-2.16388254970723,1.6832961169990628,28.20100302351865,2733.5752261052503,1959.6312657781646,100.30013005241463,25.766142303731357,53.01786618204528,21.21599151422336,2.754729255942128,1.287525955679601,35.374332778215276,dense_forest,0.3863422685647564,2.5552350385087617,0.9796550744551716,1.9627880824566077,1.542848483666301,V,123.83881655009927,1,,,,0
27.910903881314283,96.23770144418384,Nagaland,Kohima,234.1569733956508,28.16754115414745,351.26381703555074,2.5855984099528677,2.755433482216099,115.44559491137197,1987.8519750439932,1389.6981846417277,50.749519718329324,44.17427480727348,30.37515852645178,25.450566666274742,3.7114320846374182,1.373215094788548,28.808241896092078,dense_forest,0.39212880276599027,0.1360708710469055,0.7723590376917564,0.6437762590177047,3.374036319471039,V,124.38229834825665,1,,,,0
27.372596544124008,93.04897392433017,Arunachal Pradesh,Changlang,521.999173400751,57.489574133076154,116.29616919126269,0.7638865810166435,1.4769191189622874,232.86404449544057,3945.2974705065103,2772.688603325788,88.41831012606946,33.542175017652895,48.3521025576963,18.105722424650807,6.930511302565537,1.518984748133581,47.53020421849392,cropland,0.689174702284725,1.1012757033628573,0.5742278079210312,5.545997797622144,40.43741308564751,IV,182.68874778852438,1,07/15/2015 08:00:00 AM,monsoon,medium,1
27.02820792987473,88.43073778510389,Sikkim,South Sikkim,2474.8426074174463,36.8455897650764,100.55413568859707,-1.977636319666882,-3.6620752307451823,149.4841347722555,4512.250638212026,3501.1875326725803,51.91652476638484,24.181051433149886,26.46963412573175,49.34931444111836,1.6100873523790489,1.3544540042372335,45.525493032721926,bare_grassland,0.5427067757787698,1.3476378354792171,0.8330466907757386,6.896857371025467,13.995571897350313,V,185.0315059684327,2,07/07/2015 12:00:00 AM,continuous_rain,small,1
23.204172741481344,89.0726287764853,Manipur,Imphal East,1591.5512709778404,48.92394824370268,18.18787415485998,-6.875961689228615,-0.9268238824273096,197.42002216270726,3599.9629498825916,2752.5379092311796,89.15184552651827,38.607634644039116,25.330381610018335,36.06198374594255,5.031251229996207,1.6685788120526495,14.634966452225644,bare_grassland,0.5031936033480143,2.3362275996433235,0.9401050440363443,0.6858022438037539,1.5505907893744586,IV,121.89707740818314,1,,,,0
25.42800891765924,94.10097878093484,Nagaland,Mokokchung,1211.8547061973297,30.412152947545557,168.30468584084622,-3.304099965180183,1.284071761674931,102.51961863892797,4484.235088146964,3310.847034561941,133.27420451624351,34.14307976635031,11.596620525832666,54.260299707817026,5.323771691689419,1.1408593753499516,38.0911218755159,built_up,0.5709276565923429,0.6679460964257086,1.123921012678005,0.2871393491880821,1.4399306269994767,IV,25.058502805155662,2,10/19/2007 12:00:00 AM,rain,medium,1
26.601924189152633,88.0593208338522,Meghalaya,Ri Bhoi,154.92296689324283,21.043960075348927,318.2274784494405,-1.0424135613355296,0.4591988373769701,96.65022251199969,3259.355554477442,2172.7546246798397,108.85538033105861,23.914771341261797,13.053171956587857,63.03205670215034,6.358673405793895,1.4183679304144432,31.96307466491376,dense_forest,0.5989743586222884,0.5044951538669374,1.1065488599053397,2.380783428978472,6.984350142587917,V,63.79891462351908,1,,,,0
28.614712890619376,89.37099491990095,Mizoram,Aizawl,891.3621837493127,0.0,70.2238893546323,-0.20584810530513162,-2.6449053554005166,0.0,2308.1444801893313,1939.4216363365824,107.33415454894302,32.777683404028515,14.14868061744243,53.07363597852905,1.2309091845066042,1.3076127839666913,29.459892160287268,cropland,0.717061292033151,4.911719134717087,2.4116916243590967,0.2854408984481345,15.074571909121387,IV,163.61453130530813,1,,,,0
24.74718540113209,93.38578197560214,Assam,Nagaon,2811.7702481263245,43.422360145544744,314.8013778978154,-2.0652293374231547,1.0066463615786239,156.83562343987046,3432.076898902599,2312.177341570456,102.65577379823577,48.73536047597773,37.20095453000374,14.06368499401853,2.5583650358741243,1.4791015830505885,36.923144518569394,dense_forest,0.24178090308252653,0.7068769112932408,0.5452101390349328,9.59439048653927,25.770636109593408,V,107.12391123234059,4,10/08/2010 12:00:00 AM,downpour,medium,1
27.39989679159212,88.94069104760327,Tripura,South Tripura,466.24188709384566,29.36331503660354,9.530907998210383,0.5039315554434495,1.6135045622576565,80.44538855751831,6215.652569424158,5172.640881560247,112.18981038150343,31.1231526393042,34.154013051122966,34.722834309572825,2.6226667680496822,1.2379270904885071,33.514536257461515,built_up,0.38573558334237223,4.25056311250235,0.916561732219257,1.0840740568820202,0.4468821500066937,V,249.01948385842235,2,,,,0
27.322111845279508,88.72715380717538,Sikkim,East Sikkim,282.4894119105684,43.895341473103706,269.03511950762515,-3.3800766780081704,-2.7494283137591298,137.62465269053718,4647.58938511801,3144.6914844818166,92.76774518835563,20.50851524661046,33.21122028728003,46.280264466109514,1.3217154907093107,1.2904907661989276,36.76796172564002,built_up,0.37919049516389214,1.734600057842797,1.246674021959581,0.8189257648122172,0.05,IV,262.20775424692647,1,06/08/2013 05:00:00 PM,downpour,medium,1
23.31037141723694,89.6147459796971,Tripura,Gomati,1779.7873335356628,15.4072701761279,45.310970456494275,-0.42707461985826134,-0.658741903583451,35.97153987956899,2446.820975865243,2058.6524292508234,33.33728478121738,22.146799797532605,29.63747301363739,48.21572718883,6.18151433802881,1.2353002511496611,42.02510330348705,sparse_forest,0.3734438362098196,0.2696784621561551,1.1187108292991306,1.0230206294570654,8.786898524281295,V,314.00407157147447,1,,,,0
25.61220835737146,92.79464327237761,Arunachal Pradesh,West Kameng,1381.7142891579456,25.776392749147103,52.06253919369104,1.4765739220725023,-2.6010399504855535,97.31488663614996,2605.222420965472,2111.2860559195665,46.620780332273654,29.16133099254681,25.612638198837278,45.22603080861592,1.9012888955978866,0.9602437121715885,22.32684847890797,sparse_forest,0.6265551756685243,2.533651491202472,0.366564782635581,1.9577423849484314,1.1165534549688811,IV,263.69091510411505,2,,,,0
22.27130212435346,89.19792609958307,Tripura,Dhalai,1808.1265622115209,22.747007655062845,10.174469589392796,0.3362264549582159,-0.605676983882516,76.12299428712582,2760.919916378237,2011.343981096736,29.70699099852786,5.0,52.14612046992534,42.85387953007466,1.0246795282012877,1.316500142657951,33.31691777142272,sparse_forest,0.1579547439129782,0.6140464585369283,0.7295630506062927,3.480131195604593,10.192567280400285,V,61.95512996887273,1,,,,0
25.195425088801436,91.06506916784316,Manipur,Ukhrul,891.1422317297769,24.895467506575976,227.39636703593436,-0.6999693097355013,-1.215436296711227,61.35258358581496,2618.9497513783945,1873.6627569188797,145.01239649144406,26.00520806329068,32.76987103792357,41.22492089878575,2.953304823090379,1.2238016279713244,32.62985537041427,dense_forest,0.7641007201391876,0.47712034050371754,1.492411391589198,0.13501055327673975,7.309393754263647,V,85.48852155709571,2,,,,0
23.559088031145766,97.33502931169008,Meghalaya,Jaintia Hills,847.4566500916155,14.489535037890246,31.137656475764256,2.0899242357555243,-0.5050995124136549,59.97694306915686,4644.851528180063,3202.5255260155054,42.96568736079202,16.061848438892522,42.826063249701406,41.11208831140607,5.406199801234302,1.5157682498122007,45.260303872298884,cropland,0.6092349106074055,1.0117421534812756,1.2857567662011122,7.589703789764281,6.35276421954816,IV,170.0994169478651,1,,,,0
27.369523551646697,95.03170941146648,Tripura,South Tripura,567.259852872271,15.18099856864085,257.4271083196273,2.115792695131037,0.2720869960898734,45.89320275416867,2713.3281687154686,2234.7477794114875,44.33318602408859,17.086210405375656,53.54779894474589,29.365990649878455,0.7029640087904144,1.0354705286187824,30.59047209017706,dense_forest,0.560455180681754,0.2383081524503678,0.5849404359864437,2.295917306942703,7.136630534240956,V,47.9165991936116,2,,,,0
26.514007951461153,88.00548755582258,Assam,Nagaon,1004.9111647101086,17.46131472793701,274.2575444593265,-0.3116090013791654,0.06235959192736703,75.06994482264474,2859.741425401152,1868.9078286635965,63.52551642618516,25.79151728006658,31.297833770165376,42.91064894976804,0.6859585796339268,1.2138525702516318,31.32443580523876,dense_forest,0.5463577760163186,5.716966809826153,0.6404006223386575,1.4237204426052996,19.55516157547268,V,41.50482805694318,0,,,,0
22.77568402852891,88.92673648658632,Nagaland,Wokha,3069.515195277555,30.38769057018518,44.66319149167966,0.8701698148848678,-0.4556328079609219,95.23215579907581,3011.7481628529586,2007.514167888195,74.5180962971229,27.626895781151877,47.16066937385513,25.212434844993,1.9955709059141782,1.2047829161914183,46.082131655555656,bare_grassland,0.5005683666121286,3.8554357669446446,0.32007219036036033,0.12503881654443025,3.1934990087091695,V,128.8828848977491,2,,,,0
25.826016763479995,95.00741417174576,Sikkim,South Sikkim,1096.7519197438046,10.976142191222849,93.86202166588122,0.24995286983226575,-1.2120271343950266,56.24013479915365,2989.431972461877,2165.356817558705,97.82062846319388,17.84409475153108,44.65536336798104,37.50054188048787,1.3197201718024025,1.2159632344655824,46.14362410469412,dense_forest,0.6489184691812894,1.610086648656385,0.44688698562134105,2.2462972951303923,6.512097769188103,V,155.76656599316036,0,,,,0
25.50976850604264,93.97325948513658,Manipur,Imphal West,2005.9540201469972,43.121555678106326,178.08245250061532,-1.6481615217286867,1.158588072361064,196.03529050040353,4063.67605859934,2878.2396032734378,157.0641326526636,50.070435125523744,26.971281351452596,22.95828352302366,4.602987218006173,1.3581290851525223,43.176716689507224,sparse_forest,0.13305011807930467,1.4517362156495253,0.49582909650382334,0.028132716079292394,12.751488631918813,IV,92.59747078786019,2,07/22/2015 12:00:00 AM,continuous_rain,medium,1
24.300281275871992,95.67035028895995,Tripura,South Tripura,389.2569292291905,11.01922362428219,138.23139264343035,-3.650354384686693,1.3638691467664057,29.884715679790748,3902.3497589977674,2853.561470564681,28.381401934528963,28.49541761490366,23.997869369389523,47.50671301570682,5.692784132458206,1.3137002893799423,47.012215596091906,bare_grassland,0.401919074542475,1.471485893232991,1.301229146999459,1.3763962956343834,10.511510896902458,V,108.74063449116173,1,,,,0
22.456695940580147,94.847756344747,Tripura,Dhalai,1369.2113294301464,4.632788314552155,321.665793292452,4.964641650041589,-0.5677075513816919,0.0,4631.0289574125945,3926.2449106007307,33.004462239630996,42.059310180900944,30.700454809579092,27.240235009519964,0.7643193483045222,1.2994621007801477,34.09355019665922,cropland,0.38405101563403704,0.17763108811209194,0.6543308891006379,8.33729904030973,2.1679121294811594,V,103.8188640671998,1,,,,0
23.550395573764995,90.37941598129508,Sikkim,West Sikkim,1827.1406897274467,3.241916233289407,138.11656099875898,-0.973904217164713,0.6195157897220549,6.81113104425814,3599.863101093863,2414.5680247232,79.08360639134744,27.82472186698347,32.19543241895644,39.97984571406009,2.307890829687532,1.4800713447322127,28.057358897889074,built_up,0.43861070418077464,0.4544713857244208,0.8296276658077478,1.4218658383552374,2.5463353110360534,V,84.65375163037865,0,,,,0
24.976149348499195,93.54727449911623,Assam,Cachar,1753.5799839299186,37.22225538940312,273.6423661202523,-0.7732990977513688,-0.5102950415411873,147.79219236887917,5347.886093774812,3793.191002498606,68.30851853441759,35.23374169927966,37.75876749419818,27.007490806522156,1.3954286674788825,1.2667109683577866,43.55428111299715,sparse_forest,0.28096941295062033,1.9113520588109687,0.6801095849354207,5.104039591889743,0.05,V,61.534689680397435,2,08/20/2009 12:00:00 AM,downpour,medium,1
27.512421077299123,89.9164970108709,Tripura,South Tripura,367.2100004000479,22.80001912960461,251.57252624187234,2.7087538088923178,0.1352538877126357,94.35598776318756,4005.7956867392936,2730.921449651806,62.0503196500147,7.084218491271606,39.03824869701,53.8775328117184,1.0804551525323551,1.370362140343977,48.64924562283358,sparse_forest,0.4827259393578257,0.9516842762414883,0.08366683226054716,2.615521288377467,0.08663095028617693,IV,182.15691794872058,0,,,,0
25.544595594595126,93.36630017209376,Assam,Sonitpur,1851.0828217712335,27.830793363233138,38.72471613809236,3.526361952956591,1.041259280239137,95.39055397321124,4468.924701012144,3338.5641262616996,83.77429607406728,33.36608975954802,29.62232783081219,37.01158240963979,1.6311991720160617,1.3696292295778472,53.892872178028355,bare_grassland,0.8668021295341878,0.1548295308681402,1.4179419087351646,4.46834037871045,13.50720293521007,V,186.35363264445445,4,06/29/2011 12:00:00 AM,downpour,medium,1
26.164150814080266,91.79079541180161,Assam,Karbi Anglong,1022.711156591275,38.17414080726995,311.0689885330064,-0.3368497336828177,-2.0044950376588067,104.57173424064817,4834.40571775416,3429.3888290783525,118.80440184133454,33.01266472149953,45.782742571513765,21.204592706986702,2.101710738297002,1.4196450150100932,28.270962357848585,bare_grassland,0.5334193164971659,0.6604434092200879,1.3825695103046938,0.5476803625295746,1.2762162585773145,IV,103.3214476185118,3,09/22/2014 12:00:00 AM,rain,small,1
22.240593534751618,89.81329380847073,Meghalaya,Jaintia Hills,582.5794079962151,9.276265353840202,222.79643750456287,-0.3940704491980031,-2.124333441279208,27.399387495623916,4497.908955243005,3256.910905324359,64.0744332128771,32.81331240933484,24.780602804577605,42.406084786087554,0.937134988099706,1.5000725309316714,32.34869703839266,built_up,0.578852535991219,7.2614648848742895,0.23112987086242814,0.5347857401800145,0.8886973649374303,IV,72.09496817564846,2,,,,0
26.95907036828458,96.38456099525892,Tripura,South Tripura,1180.9879723717786,23.349347552636903,113.30773849257578,-0.13488273373897494,-0.6737664323855481,84.16447511815109,3214.31538899265,2424.2113415247672,27.776701230527348,26.8268457862634,33.57234903555166,39.600805178184935,1.9251638725394147,1.2153173033778044,34.01034414141169,dense_forest,0.6549773059881642,1.5584072038475187,0.1505957175498823,5.662158408597605,2.70893843152122,V,67.79155010540293,3,,,,0
25.32001981863252,94.01298647882984,Nagaland,Kohima,514.0504810740903,11.85468012781533,140.2252547376718,-3.469333874140053,-0.09282852449999573,49.699478909072354,3915.533274333413,3089.3827116677185,69.9072373821612,19.658588285591218,24.16950410176949,56.17190761263929,5.979849521344397,1.2576838208043757,55.75312432539193,cropland,0.06539773925996067,2.5438053093118356,0.43896420105923767,3.617909094641283,0.05,IV,141.49013012752312,5,10/09/2010 12:00:00 AM,downpour,medium,1
25.569300652671473,93.85858986498214,Manipur,Tamenglong,1099.72355806219,15.22221166304968,111.83865858306282,-3.563777477270342,0.5424648740633972,37.55691080078242,3985.3989432908934,3065.2829992222564,119.14404535276014,26.874646355865544,46.15131962243958,26.974034021694884,2.3357205104765746,1.364801979612729,38.782598095073766,cropland,0.2851501731324749,0.03408928856347518,0.2647735109286512,0.8285565386881766,2.5145876357123838,V,110.12452828579387,3,07/22/2015 12:00:00 AM,continuous_rain,medium,1
27.158380544608054,88.6403200312299,Sikkim,North Sikkim,287.1606972580895,29.459233994506896,238.21257723278316,-0.15388749801362656,-4.674965413547783,93.99037623657429,3357.1257813145976,2214.8015774108735,85.61690735682892,33.465732048898566,34.6969055311938,31.83736241990764,1.8444177736737406,1.3191136046930552,37.76596008125045,sparse_forest,0.3564790789025346,2.6446697182536933,0.5576600428411576,1.0613124425860758,6.7468300775733585,V,86.50028891038124,4,06/07/2012 04:30:00 AM,rain,large,1
25.208388972897907,93.67201546497208,Manipur,Tamenglong,114.32910870188546,47.27344275885957,356.68148050059614,-0.5046895381724589,-0.9449937451389012,141.22201878355924,3761.9359516892346,2691.5697601140805,97.38757115824981,34.16004270133063,55.585034243338654,10.254923055330707,3.775078038773141,0.9928826489316054,48.77171130917919,sparse_forest,0.5159791527474781,1.2526904563005594,1.189546502498012,2.0303366889296575,1.4664973476677048,IV,413.62283058655487,2,03/04/2012 12:00:00 AM,unknown,medium,1
25.151659771724532,89.7555410889521,Assam,Nagaon,1993.2640475243743,28.038295936282445,317.9861695618928,0.20495981246565537,0.32647804538055225,124.40918123872568,5291.850746308854,4208.937204237777,58.39283170932252,20.91922271796792,39.873828423273814,39.20694885875826,3.929876937381285,1.1521318634290691,41.27362742922069,dense_forest,0.5653332433388167,4.4584036358862065,1.1635587178766744,3.243710215357968,14.225213283424177,V,293.3930160279822,0,,,,0
29.302976423277137,97.38344264757455,Meghalaya,Ri Bhoi,2472.8254748032587,22.64923844512429,63.14661979156664,-3.2953391858755516,0.7861787105285369,84.22130496242187,2449.005429442519,1789.7695474803431,33.240827188302255,19.424984574438618,54.583991931988166,25.991023493573223,0.3583337297185084,1.1174825921657103,15.034303880621842,sparse_forest,0.56743917828685,2.3245116803479386,0.3777438106951465,2.878946532606416,26.49823774622055,IV,150.6149154259321,2,,,,0
25.62161858657494,94.07008661717919,Nagaland,Kohima,1651.621190449813,22.010634196038346,128.95100666711056,0.9933387821280528,-0.3153679233993787,102.71144866101523,2889.772065507203,2006.4503979321778,69.58101289254071,25.715925152893597,19.39100831204664,54.89306653505977,1.8219204928248955,1.4258016330235006,41.46013910888567,cropland,0.17160009212393418,2.7126962609033,1.0304136096956216,5.905882927234475,17.121919984328837,V,236.83516072409822,3,07/15/2013 12:00:00 AM,rain,medium,1
22.08745592049877,96.74764535506705,Meghalaya,East Khasi Hills,298.96049390128127,11.244937123498417,359.0423159971544,1.300325997132724,-0.03916708218470787,39.24372837174297,5648.496973051583,3710.1305479388316,78.7886936441262,17.25711313992644,35.78078590088603,46.962100959187524,0.2099414022876744,1.3687057543643115,42.15156246293491,built_up,0.5598051300328866,3.1847702489256884,2.16940151264892,0.03652151867466054,7.322921131420346,IV,235.9286038196585,0,,,,0
27.11107981852164,93.80961061371228,Arunachal Pradesh,Tawang,1161.7468341921503,25.35905974562533,20.592518226838013,-0.3842180765072707,-0.06264290641755355,101.00209984504941,4876.3986611364135,3795.0072296488956,102.2782473314168,20.69636620784801,31.606439495987,47.697194296164994,2.1829477109969933,1.2948381415620804,34.99590031066322,sparse_forest,0.3613803164285985,0.9664832433805004,1.0124622964110581,1.1645477273560465,19.13009394179642,V,253.46438896461564,2,06/09/2015 12:00:00 AM,continuous_rain,medium,1
22.443699600917807,90.2200995817121,Sikkim,South Sikkim,937.6227921426681,33.88739513668729,322.22253343107565,-0.7862178043774095,0.34576312099299544,135.56117812874567,2413.288158084778,1983.7567289569913,161.59708445881924,29.53376359333357,31.04094739249355,39.425289014172876,1.021124170890544,1.4077715809332827,30.60378552788002,dense_forest,0.6888633814649227,2.2165477192139655,2.4251551390002577,0.6500240016279879,7.910027966330965,IV,403.5856437572682,0,,,,0
26.488884528251365,88.53756274760516,Assam,Karbi Anglong,2121.1124022888102,5.451756402761307,162.8113076648916,-0.19164656350467837,-0.9128920597206976,24.73932176662839,4036.5676596938565,2874.12454926844,126.55162325876323,21.019055503855295,14.042911355528254,64.93803314061645,4.398780901388147,1.4036174021920145,36.87504261130445,dense_forest,0.44323032983700195,0.13265615190585497,0.2027611323459614,4.216346408998057,11.886034305777581,V,58.95632274117672,0,,,,0
25.120304829103908,94.36142572439776,Manipur,Tamenglong,1351.643964168851,34.215775628059866,166.6060075269875,1.1213166072285727,0.05848679671385626,134.423161655623,3616.3313716983284,2531.6583582711864,58.67636872109898,21.03252147679406,39.288248894531954,39.67922962867399,3.35157651269525,1.449507723347937,51.45541088370066,sparse_forest,0.14298198468643003,0.014135019589643472,1.1833095189321066,6.524550477580323,2.1011336568396555,V,211.66728563871607,0,08/01/2015 12:00:00 AM,continuous_rain,medium,1
24.797256242103927,89.65200733777077,Arunachal Pradesh,Tawang,1787.5705134896755,28.56170972977459,243.74299967835725,-1.5525025671258394,1.1581585712149298,116.36265582498997,3039.6217867968107,2434.5914778552774,74.16885879171825,29.709926086830357,24.468851914578412,45.82122199859123,2.118382164991622,1.2795155123819477,30.269820333830182,dense_forest,0.8168712410207123,1.9828154657972266,0.5198322737890055,0.09402260262223927,3.0076134684575573,V,392.1652694639158,2,,,,0
23.384437723348448,95.93320908266918,Assam,Kamrup,367.8230105337248,0.0,298.3035729755198,1.1792715363676813,1.6152244861424006,0.0,1885.464720720256,1423.9381135831604,55.05957924101514,47.65439140928433,41.4929349838724,10.852673606843268,1.59858221790173,1.2903443402362333,25.9383769269743,sparse_forest,0.5325750843503528,1.3047588582533705,0.4112950329860803,0.9080959163137142,27.069389606477582,V,54.016345556143406,0,,,,0
25.67970129549198,94.11084661514715,Nagaland,Dimapur,2339.557624148935,38.94740815288251,250.0756209071554,0.6523137587788186,2.5338502701022314,125.65809721299033,5387.93313234383,4058.642156490691,121.29656871712244,32.85531791080363,22.600770979677048,44.54391110951933,1.4148014072240864,1.267930829980865,48.75884412100534,sparse_forest,0.5732726991433372,1.1123472442690383,3.4499314069600997,4.629262995860825,2.3355338880884404,V,251.63784024401815,6,08/12/2015 12:00:00 AM,continuous_rain,medium,1
27.62480721273514,97.4742182775156,Manipur,Churachandpur,883.3845492848677,8.660396845597402,188.0687094262433,-2.4458719293804663,-0.12548512150595048,41.26476451833834,3962.442553701415,3270.211272995486,84.95933153393858,35.53640645745108,17.779225458901262,46.684368083647655,3.536638100421127,1.3845392525615228,33.943333432504055,sparse_forest,0.7975688163249994,1.5539518010662206,1.8902173064667886,2.3220081198827573,7.265860027252742,V,220.22134321736544,1,,,,0
25.669044655153783,94.12433922029258,Nagaland,Dimapur,1990.48317261011,16.95204406093336,196.63488114178224,1.4102138096758783,1.624036815805491,45.598635097137965,4347.843637197124,3517.4920016794767,122.15547892473879,27.857108762671267,22.76742821659754,49.3754630207312,0.8191489407450042,1.4528330505465927,43.0733625022624,cropland,0.5288700719836514,1.611676291297728,0.8489970083715686,1.2944008258587032,8.651546494077966,IV,240.29217776514338,6,07/11/2011 09:00:00 AM,downpour,medium,1
24.106587437194115,94.06591398207426,Manipur,Imphal East,1223.7794502008396,56.8212136643063,330.96264419291157,-0.5863415230296208,0.2268762329872709,173.50164134562982,3093.3844084619122,2134.180976639365,138.01386526879787,38.64120868755067,31.82848743280145,29.530303879647878,0.9691859330037127,1.2794492266628175,55.99467199112196,cropland,0.3930021195584512,0.4286700032715287,1.3912207670897438,8.919173152154078,4.159849068409481,IV,84.60374546031487,4,08/01/2015 12:00:00 AM,continuous_rain,medium,1
21.667574896536106,88.41611175922782,Tripura,South Tripura,474.9640328275657,6.616028318200314,207.91844985452812,1.9302532819040483,-2.818299267127996,37.73940828698217,2668.2445565252956,2263.3358655714655,49.43511655392912,34.411920678309,26.101028860895077,39.48705046079592,1.9870227962798863,1.434319375636917,43.441751102813626,dense_forest,0.8769118749841582,4.441336208072071,1.50491494155564,4.947020098890397,6.054088725407524,V,23.2613306643318,0,,,,0
25.151987821896956,92.40102428165594,Meghalaya,Ri Bhoi,738.136432692365,37.69936324631804,261.02571092403525,-0.8555272226720333,-1.4549123471884577,151.8180526648373,4014.7306816891423,2829.7825764219237,89.21016536131646,24.029743057722488,33.728678787686206,42.24157815459131,0.2,1.2518707938118068,48.7006604538966,cropland,0.34707933450255396,0.6157675617994289,0.6644799522143977,2.7818996409091628,0.05,IV,47.123264550208816,4,08/19/2015 12:00:00 AM,rain,small,1
21.51430305650593,89.5175018362294,Arunachal Pradesh,Changlang,1393.946120101284,29.05523161839923,227.32185308638668,1.9782311971695938,-2.0778760131701057,143.61671767426162,5055.1973374165955,3649.5294091321816,46.26177611680191,29.253123691404383,36.442167799604924,34.30470850899069,1.7497479906689932,1.5714394593422447,34.19967108363247,bare_grassland,0.7546790889881492,0.6617027956023169,0.6387842857303654,0.8132192953909847,1.1375314826681093,IV,267.68818957159743,1,,,,0
28.78940271237089,91.39600412188015,Assam,Nagaon,894.6970144603673,21.130512311712828,47.81449331280789,-2.1595547663273553,-2.0616753744619363,75.33076206427917,1650.4759096026785,1232.3354932437783,121.97697214622515,25.487574080874698,28.425468468347844,46.08695745077746,3.825471238378286,1.1492802389798036,36.16136832619291,built_up,0.27681316403710926,4.918754774980225,0.6157571963319444,2.216041351229804,7.826668979108149,V,99.42521191626759,1,,,,0
28.426076972408936,95.35470421380315,Sikkim,East Sikkim,1259.8213867708125,31.72203894141858,204.55034624006075,1.533373334122505,-0.04564704791629422,66.27691902663439,3215.856262984904,2452.2260507095566,55.39322128572675,18.727297760613858,38.8285251290109,42.44417711037525,4.08570636611437,1.4852471212793936,23.03836834879483,cropland,0.7765064311901333,1.4555039853414575,0.5496227720792327,11.319016193437433,1.9870045857221375,IV,54.676507563434015,0,,,,0
26.15542980636632,94.373766837989,Nagaland,Wokha,443.577947597155,31.415964703798533,167.49595646780932,0.5114859925158939,1.4999725420910377,98.52315677847241,3282.855137338901,2482.131023032656,121.37282313702381,33.456302566622334,31.46142285490495,35.08227457847272,3.4111842181361705,1.3973154528146015,42.77761786194978,dense_forest,0.19454235674727066,0.5157546423960055,0.803710907899955,1.6893012903336644,2.2532512178913624,V,133.4544787273181,5,07/01/2013 12:00:00 AM,downpour,medium,1
25.892212230353117,89.13578368049811,Mizoram,Aizawl,855.0900804294677,17.599348450337715,52.55181852722263,-2.723413453564099,0.7889890358778565,46.41069490612903,3670.789127027365,2475.417894989122,97.92642992461768,38.9542916176149,32.02909487273114,29.016613509653958,0.30444693903771813,1.6564497707594692,36.05637236007083,dense_forest,0.5553873703958274,0.4703708016007876,0.8460732236967351,9.188570561832275,19.832743680788784,V,229.3406477272908,3,,,,0
24.3693930662345,95.46586359366347,Sikkim,West Sikkim,761.2853289711506,6.012674111441925,152.2499662633033,3.034977846969473,-0.07986225410555632,21.437091882576517,2374.7688739482655,1928.2958327818897,80.46422969562043,16.760253458262465,33.29594803426092,49.943798507476615,1.2684450347514107,1.3658040567040601,26.814216020339888,dense_forest,0.6741706625939992,3.8233387697192263,0.6909606213965898,0.25017675007090967,8.649396042232569,V,95.4864086082608,3,,,,0
25.165467983868542,91.72080810990144,Mizoram,Champhai,1100.6012115134297,32.63453873461894,231.09281274481552,-2.5397323441130264,2.098869503083765,91.83000635241004,2855.0778070717015,2114.0122103335325,81.03491902930894,28.342418399234138,20.47807873651789,51.17950286424798,0.704386622722856,1.4863354929503865,32.552287750688635,cropland,0.5695852490521247,6.893068112086057,1.6437126195695921,1.5294649065849328,1.643723257921871,V,187.56477896126518,1,,,,0
25.732776791328938,90.41730330578747,Meghalaya,Ri Bhoi,476.25209463077607,20.402911378768014,358.4681651044473,1.5375434866432731,2.8234270843926934,56.3319896841283,2591.2526225965867,2169.241209664943,118.46301053905395,33.845608787221956,28.885344333171975,37.26904687960608,2.0052944650239337,1.2859369237813931,47.71945764510863,bare_grassland,0.3172902476964648,0.39534295369697814,0.6212985886875584,8.299049750806859,3.1579507180305617,V,118.58851147572696,6,09/21/2014 12:00:00 AM,continuous_rain,large,1
27.250116990612067,94.11849691836011,Assam,Nagaon,1179.0436316566872,21.26559059665456,4.576592249011995,-0.3005048703427726,-1.5802179604070428,78.95960695174527,3771.842472835707,2646.636046604131,123.27913143241005,26.936816268251945,31.484920335412554,41.5782633963355,2.5396356877613204,1.2492061565221904,26.861527520987813,sparse_forest,0.30142458716079423,1.0276368064678487,1.4446090877252038,0.1405664837297912,4.163685423750901,V,241.85624474346838,3,10/29/2008 12:00:00 AM,downpour,medium,1
27.010257561688473,93.84715545575938,Sikkim,West Sikkim,1370.7575045251283,15.996870843896629,207.06683532170794,0.29628327704348084,0.47197761245236836,79.29812656177023,3679.011254525465,2742.9026758337063,95.53070567396311,30.053248220253177,36.38419728719484,33.56255449255198,1.258372917936778,1.3294164369547388,40.762880811776654,sparse_forest,0.38863466086817805,3.5018644466292184,0.5093344673130112,0.6470118263377594,3.280583661811857,V,61.006218551020844,3,,,,0
26.10757277311851,91.9256268179171,Assam,Kamrup,135.19079763552574,38.76474448093058,46.65426071565143,-0.7860399507015092,-0.23873196576502015,149.9537949773783,3332.74952847275,2244.9523439059967,86.90463062996878,30.980841279114284,12.618356771408646,56.40080194947707,1.7584884640724534,1.3043009621982313,40.67066040604542,dense_forest,0.2945039340522983,0.12799857690672553,0.9423016162128067,1.1138459498141389,27.951227819594347,V,174.8958380657912,7,08/22/2015 09:00:00 AM,continuous_rain,medium,1
26.122637017576043,97.41170530267901,Manipur,Tamenglong,1645.7593896159015,11.10992937430058,170.12569569992348,-0.5683896037483563,1.3213351386937913,55.59177862988223,3766.2817021999435,3016.388361686938,91.35512527337181,21.015910173083697,36.11058464479551,42.873505182120795,1.7402204674679873,1.173622658986229,27.38264371343934,cropland,0.4496478699459656,3.109133648594317,0.6073071233896177,0.9170166302323389,5.629356614199068,IV,93.99176008687681,1,,,,0
26.121479934225118,91.6891115949609,Assam,Nagaon,1143.6443523671312,25.10479442790278,291.72963271555204,0.8192027828681145,-0.29115219946109394,74.30035304262881,3688.3739472537304,3024.244987355953,138.31833556800171,33.997439691272064,30.91878027445036,35.08378003427758,1.5106887504897724,1.2875424825991952,33.8549613256825,dense_forest,0.40753326727112116,0.2893864565958137,0.8943347318743644,2.5410329686483473,5.208124774243446,IV,241.7441023478763,4,09/22/2014 12:00:00 AM,rain,small,1
24.251942985995644,92.14240415032486,Meghalaya,Jaintia Hills,797.3968869219487,23.995497985602572,70.06754197585678,0.84275276042105,0.17152906022659267,72.19304822061892,3578.0844615467804,2870.373828504302,168.5578784088913,36.19827638300383,43.6964718693371,20.105251747659068,2.612562362226181,1.3319241859267859,30.253436749640844,bare_grassland,0.6150003021078566,0.899646005086705,0.8084191389741222,2.0169609583039207,4.445875928078212,V,89.94233937429628,0,,,,0
26.147148983024614,94.24929383049235,Nagaland,Dimapur,882.4999255559646,27.52268040278735,213.88288385658626,-0.7621278622116489,0.10799004585027172,108.86791926274553,5448.7253803257045,4271.45889561417,119.761761621699,43.24486429531458,23.471307554251386,33.28382815043403,2.43160218526258,1.2966272667534764,51.33163253692518,cropland,0.1486441906383475,2.971606913196032,3.305051947712986,0.08402622232660381,0.05,IV,135.78312155847897,6,06/12/2016 12:00:00 AM,continuous_rain,unknown,1
27.632893319498685,88.66533931520945,Sikkim,South Sikkim,1196.463476459555,16.77758208650723,278.83514638174483,-3.3362286419303184,1.2514759828575452,34.83392697820419,3495.837629455561,2967.823617153355,104.04333000525065,39.18022727871215,39.019496270966975,21.800276450320872,3.310467456213757,1.6416467065122968,46.701182192756775,bare_grassland,-0.004287081724858255,3.2526693396997346,0.8684825430895026,0.9057452054265229,9.093233153048331,V,123.95226386868245,4,05/24/2015 12:00:00 AM,unknown,medium,1
28.970641567970276,95.33522813606109,Arunachal Pradesh,Changlang,1308.284534032441,15.471644431766912,127.15739003186818,0.3304195728071495,-0.5175981002939267,70.62657487167667,3356.9261075724676,2193.5791757422153,64.60261869023479,36.9767373251618,26.371964431192566,36.651298243645634,3.7963749152583794,1.3287915114064772,36.725786061690826,built_up,0.4684318953563329,3.007089572726932,1.2969986656696142,4.984523638836733,5.388297449739512,V,44.883426988961425,3,06/26/2014 11:00:00 PM,continuous_rain,medium,1
25.552703079262763,92.55817580875686,Meghalaya,East Khasi Hills,1488.716189463216,23.23365522198854,172.41051411687792,2.372748388599271,0.2249931670371625,71.44356955710519,3644.366712401018,2835.1207153055257,90.05842554337798,26.74094567832111,39.0563153974822,34.20273892419669,0.6308983369711546,1.36253086414484,33.63495589641708,cropland,0.2439581748910789,0.15874801626753807,1.462061949525447,5.580820122706919,3.378646051627519,IV,74.49371734868768,0,,,,0
24.698853772790507,90.71282864101845,Sikkim,South Sikkim,1273.539248454746,18.32416077968378,278.2429804869483,-0.47255185572600705,0.928624533662666,54.49290599870848,3338.1883947140013,2225.7931587268067,45.49464431922624,27.14662247511175,21.267076276766495,51.58630124812175,4.345403324051285,1.2740454315324734,30.587430170136678,dense_forest,0.3844131411179007,3.283091808266739,0.8659747597950113,1.5081609667448201,16.74063902035321,IV,246.40052083804576,1,,,,0
27.224454227977517,92.90882976117672,Arunachal Pradesh,Papum Pare,2837.0735906660043,35.85895704461342,294.65675778380086,-2.9798655486921346,0.5104370286656086,141.4123473458002,4052.6414411373826,2702.0051121046563,84.07302739310848,36.52790225469526,42.83983244205588,20.632265303248857,1.6431309850833344,1.3263082210327946,26.790152414090812,bare_grassland,0.594981041012971,0.9918460025058136,0.47502058723032126,0.6370303874844018,5.9764480193897125,V,90.24387974613221,6,07/16/2011 12:00:00 AM,downpour,medium,1
29.143265515484313,89.41290303604318,Sikkim,South Sikkim,2770.1175559787816,29.378127865848594,180.2407802542852,1.645982779318483,0.8623366549597921,102.57916806532118,2868.073303108498,2050.111062735056,37.58916765603848,15.985033605200396,43.505384058318036,40.509582336481564,1.9129253731234703,1.0782957674400055,26.01620149804667,dense_forest,0.5697776483697151,1.9585584276062642,1.5861530904811274,3.7047379654684454,15.888114752546679,V,33.94573795530036,1,,,,0
22.715939124880546,88.05927321653247,Mizoram,Lunglei,489.7655105530906,9.162456945240923,236.52786408117967,4.710991236309766,0.37421526302640645,26.907220973034477,5035.518124493955,3868.4635136382685,61.976614159535465,39.70779702623496,40.11739495466532,20.17480801909972,2.6748221879713845,1.41328013092731,46.65893176475511,sparse_forest,0.5202043542892126,3.30733556795834,0.29920715545131443,0.12694608358461967,25.776831818459062,V,102.19792806553772,1,,,,0
25.85698077432337,94.19191526004512,Nagaland,Mokokchung,1414.8584503715515,18.521974247945934,67.76809390347367,0.41625837962825496,-0.43883827468523373,77.6640116473993,5621.972093711171,3672.839647902806,55.60292862516917,36.7704620655691,38.01632160924947,25.213216325181435,0.4935707022115364,1.3117370932801067,54.86354067695247,cropland,0.16399724581608482,0.9205890844763385,0.980580118053232,3.739542406277871,3.2683556299121195,V,265.98456261669185,5,07/01/2011 12:00:00 AM,downpour,medium,1
25.18481084489934,93.02573047918267,Assam,Kamrup,387.98629926458574,31.673251247012075,242.37035916447462,-1.5455789349048978,1.727506352479875,103.43597047238646,2217.876465921797,1513.3025291840333,88.34177601922325,31.604672943430753,44.406251004032164,23.98907605253708,4.397750194286849,1.2824503641227145,30.815445407515437,cropland,0.313315504879578,0.5397003783197829,1.2010739603194551,6.327521326330974,0.05,IV,396.5238053011802,3,06/03/2012 12:00:00 AM,downpour,medium,1
26.119800649920254,94.62093709607697,Nagaland,Kohima,2305.8619806774186,23.031217287842658,315.34290594253685,-1.231247610400944,0.2256997492859556,95.38933049426949,3177.841388708043,2561.2997737708138,146.37669413952122,25.556819383907595,22.81076818903248,51.632412427059926,3.3725348174493583,1.3753154288049771,36.24407159067408,bare_grassland,0.35064913535954456,0.8107858439234221,1.2537761247079273,0.07217876444686712,0.05,IV,99.55643601075396,8,08/04/2013 12:00:00 AM,rain,medium,1
24.94281334941893,93.51339815966469,Manipur,Tamenglong,1215.1176432900702,40.64329737669638,341.0826353724825,1.0233937644655668,-1.4356409833728039,90.53173863172286,4209.638542374841,3409.1557069362707,78.67101723560808,38.66433596491703,34.16797545739122,27.16768857769175,2.1703205539063295,1.5668702763751459,38.81933033323776,built_up,0.35741489064173826,0.338877912400687,2.437763811820104,0.0838877484360146,14.432338156529244,IV,24.430975343855646,7,09/01/2013 12:00:00 AM,continuous_rain,medium,1
25.10453523795953,92.3749825923926,Meghalaya,West Garo Hills,1957.9429873507304,12.349547078865871,283.71446205890754,-3.0800332553505405,-0.5456192565756094,39.35189821388363,2845.199713138295,2379.549516240762,86.24397367688863,31.22745252022471,35.614368366443586,33.1581791133317,0.5585835656624609,1.074800835155994,29.458867822109006,sparse_forest,0.5836070386027765,0.39564822031685276,0.9847448347139578,12.832538209446867,0.05,IV,429.28056613696424,7,08/19/2015 12:00:00 AM,rain,small,1
25.708728012186324,94.0758918983434,Nagaland,Tuensang,449.0166069908281,43.76733150668522,295.910944411703,0.4475534885527804,0.09417714468994397,113.82302387407563,4450.847067810989,3674.051568990911,175.11224968510595,25.355641616238223,22.100512044662914,52.54384633909887,1.3532262977762466,1.3283668891792242,41.09608032599979,cropland,0.5243716939952285,1.0618348693739577,1.422917723211135,1.4235528291055344,0.05,V,280.34665279910433,4,08/29/2008 12:00:00 AM,downpour,medium,1
26.143795973382787,91.76131982930072,Assam,Dibrugarh,1398.009646443416,47.455193421371035,175.64600840778155,-0.5010573455455478,-1.1578899734806385,194.39422020553877,4024.817936814607,2689.9113579240866,117.60369511978637,32.97392251807119,42.64940179321867,24.376675688710137,1.9193051410854252,1.0968103890868934,53.7910976727079,built_up,0.7004411353583904,0.8132158401060567,1.683500911276257,17.788650341536176,2.952020721484101,V,178.53282044428877,3,06/26/2014 11:00:00 PM,continuous_rain,small,1
28.850921036279296,94.99214483587822,Tripura,West Tripura,827.2703600851446,20.972575954585132,248.7822808122744,0.05910472206794752,1.4807215372491118,62.56376864106358,2970.979336895609,1982.8099309303525,119.4818286595619,29.282765556547254,44.240024922432184,26.47720952102057,3.968172337205843,1.389240270534993,35.05398013941347,dense_forest,0.4142960274625504,3.4804864797129795,0.27896310509256633,0.5279982320987717,20.295753679236512,IV,441.45644747145326,0,,,,0
28.86523847231213,91.35015287905779,Meghalaya,Ri Bhoi,1226.6517131268163,27.289824627312782,292.7136993352353,-2.9539065785126333,-1.2232043697889599,107.39902205390243,2674.320535256752,1973.1636129188923,73.3296119847474,36.800154377673756,30.829760058762812,32.370085563563435,2.2953993151485594,1.3211211997453227,29.072648293971117,dense_forest,0.49146818800449055,0.6210927474062901,0.5433917645017522,5.015731921418097,4.645165439930748,V,380.21009230477944,2,,,,0
22.144887979455376,95.16541561549914,Assam,Nagaon,1369.1792251490729,31.306227498711664,66.57187150225116,-0.5984433600964447,-0.18943201981537802,144.57104043053258,2453.1578789617697,1774.2767076142513,69.01433806300727,39.98891961483212,33.48239426663073,26.528686118537152,4.771483433003042,1.453248713611706,32.36857961452921,dense_forest,0.29109513831539674,1.272796684663834,0.49715396845640164,4.78715948891629,3.80299829308213,V,101.18537674131213,0,,,,0
25.430432585730507,94.2301172377835,Nagaland,Mokokchung,442.60849991784045,42.02303545270595,94.69707063000884,1.7536607530437711,-0.5361862288544208,167.53066175628607,3437.5640049934505,2641.985719297871,120.89329828777588,37.85415575518904,23.691235631989638,38.45460861282132,1.3236252946318956,1.0808292360945524,47.62830741472699,sparse_forest,0.6315592337099833,0.7402572934693241,0.5783330437048804,4.05630855698519,0.05,IV,253.02260572987365,3,08/15/2013 12:00:00 AM,downpour,medium,1
27.772615244242207,94.14211523381373,Assam,Nagaon,1630.3420853679977,10.236718554888272,39.17711096559478,0.603196717912196,-0.16585574836408146,45.911302973247224,3162.3512813081034,2510.4380677163085,31.545282359565533,26.15118206492724,30.134263106434386,43.71455482863837,0.6909057436283681,1.0773046643957753,30.012010832970752,dense_forest,0.3586852830474665,4.622411198719663,0.564994829514776,1.4543757100507233,3.868108852600456,V,89.74693510650796,0,,,,0
26.49197276188925,96.73359312906368,Tripura,Gomati,2094.1410727601296,20.764180946468024,101.4178680674774,-1.5883268652652658,-0.4284023026690482,64.72119308028024,2805.4921960512065,2109.074051889988,45.6044527834915,36.02382777055717,25.191972656324722,38.78419957311811,1.3010553075509148,1.1660004036438656,29.22419207269367,bare_grassland,0.33154119111781355,0.09994789666482937,1.1423983317062747,0.7899545886220928,1.202770212766076,V,190.62086194993594,1,,,,0
24.97764725738896,95.89759059208468,Tripura,Gomati,1333.5006819913976,10.272125813883381,61.61232455853145,0.9485281608213862,-1.2748304069479908,37.269064158069725,2912.5355771623936,2248.320386828094,68.70097428340824,27.685934575311695,15.255351555421385,57.058713869266924,6.698449339916376,1.2071710854643616,28.52478071731062,built_up,0.3760515198288596,1.3511470913642472,1.3768799553167437,0.9457514531442412,8.842986942149953,V,147.97284681545906,1,,,,0
29.179688377019435,89.14905398814923,Meghalaya,Ri Bhoi,408.2526328063941,6.107872192239601,192.90843582021944,-1.4965617334502401,-0.5251875376791227,39.84450097775087,3214.1338148103623,2709.831282691989,43.82892203743404,39.1096341292929,36.93021209481137,23.960153775895733,2.1865632238396353,1.3795458304433519,46.686261401529606,dense_forest,0.5071258834277933,2.0611792262710424,0.4594872436176637,0.22850934134068215,6.972839828140675,IV,321.88720018740753,2,,,,0
26.13539342536717,91.72480794054847,Assam,Cachar,1857.1088782746835,17.770783872583145,57.201287193378676,-1.6434239344662398,0.39075155751622154,50.74743043694576,2803.212522929735,2344.1219456003632,78.77502106369964,34.433374892935596,26.206997326646132,39.359627780418265,0.7326947891960722,1.2773540373498182,35.75013975964731,sparse_forest,0.3684586821020388,0.332457458420395,2.0590547419563983,2.50768889408765,8.723641438433486,V,176.3261452654886,1,09/22/2014 12:00:00 AM,rain,small,1
21.742291939329228,92.74110194220866,Meghalaya,West Garo Hills,116.14265327628021,4.720310350806987,321.66198133264345,2.940759689121134,-1.2159906700101182,0.04115086399925261,3758.256212121688,3062.5499286743434,43.36641898593801,31.14987373536083,36.33096744531458,32.519158819324595,0.30213816073598965,1.4237033800633414,31.97035699237814,cropland,0.43959568138729627,2.129320456066221,0.5513674970230168,7.234708282224736,8.671848518961074,V,208.46079188893464,0,,,,0
22.994625649697696,91.70901607274054,Tripura,Gomati,858.1462134687455,59.91474553884834,48.958988090010244,-1.7798168455804462,-2.2980854002945956,227.2096469097371,3623.8761773021306,3015.7263499861833,46.53039923198898,38.50120200845219,31.2807002989561,30.218097692591712,0.5630495578519769,1.6586856528529537,44.104245665937135,sparse_forest,0.3954412565972484,0.5058659360213806,1.280282104804415,2.3080636432179844,3.4826586388787444,V,463.32606908963834,3,08/14/2014 11:00:00 PM,downpour,medium,1
28.785384192675075,89.9391569467713,Assam,Kamrup,411.7029996728921,21.040987215743876,65.73231342719728,2.614980519841035,-1.0792918002702123,64.61479088530395,3610.4804318355427,2670.095897585045,50.732053057489416,28.459351617355317,36.435773022572086,35.104875360072604,1.2831218534616187,1.4628330646639203,38.401869342789844,sparse_forest,0.43482445294693134,4.405648218567754,0.44655250105739397,2.292711099968023,6.074697576252863,V,233.46893116703282,1,,,,0
28.134179449642804,95.15861914456268,Arunachal Pradesh,West Kameng,701.2675612609654,15.527749846526657,266.16661895675946,-0.2888986714293341,0.2762262510454784,48.44736021064259,3685.677470094746,2886.306946659503,62.22643227709217,41.82042769100747,44.163386833337434,14.0161854756551,0.784333770882203,1.4419676622853406,28.254268501431625,built_up,0.136540642813539,0.15122983091251718,0.5776764044396092,0.7822058509763614,0.3804734522203035,IV,23.07725323163094,6,02/18/2013 12:00:00 AM,rain,medium,1
25.16252268553508,92.22483627222535,Sikkim,South Sikkim,1231.7387825363016,18.085835197352548,111.26719711116431,0.6041122904969699,-0.5746206342928437,88.22929383936433,2414.0573518903384,1883.4789813485195,117.5145860072511,25.321734728491943,20.914831240815253,53.7634340306928,2.003276621441437,1.0775082377959653,24.35000247738019,dense_forest,0.25914073316977093,0.6892320621824359,0.7329284702094461,3.7053831805013404,16.335292059283653,V,104.26514800566997,0,,,,0
26.897922137915277,89.59215780248267,Manipur,Imphal West,541.8818629030518,39.901950980882916,116.56088703194295,0.9965019047985898,-1.7356046339094577,106.76385417314812,3903.665668687256,2996.140894899744,57.2019773442525,10.214592557655273,39.28555467369147,50.49985276865326,1.9834051070822551,1.1416522529031026,27.07633826158282,cropland,0.6201142988744853,5.78557149228298,1.2010613302864508,0.6357187602042491,1.1502727895122145,V,209.99858670668073,0,,,,0
24.060526798056316,96.16194262409516,Tripura,South Tripura,976.5673252249189,37.99718698156309,127.6128411470481,0.9846024313644657,0.30940539067414186,163.13308383006975,1913.6312512435484,1463.1625974480378,44.50810531750929,26.952949544008153,44.10915339589964,28.93789706009221,2.420216149876626,1.2064009128138278,36.077030973439854,cropland,0.7723435023466608,0.03409528601080898,1.4360049986712884,0.8706821316213575,11.698743035208208,V,132.83533893941865,1,,,,0
25.15359192890845,92.84053630013413,Assam,Kamrup,2169.4108534831003,22.637100539767193,30.11278618743554,-1.43390838491422,0.30291598345529125,87.40274063138192,5569.268233992475,3740.396624468432,105.41178610296163,31.31065537241757,41.80994229029209,26.879402337290337,5.140215610371347,1.2327120931136175,42.339358853278014,sparse_forest,0.40190190027510864,0.1550786169885229,0.5469407186844896,1.2972814768575602,0.05,IV,70.14816637686616,3,06/03/2012 12:00:00 AM,downpour,medium,1
25.48034772585929,90.09113609753072,Meghalaya,Jaintia Hills,2738.2845805192383,27.666436499312788,221.528101294358,-0.032704181388761966,0.5203246514445506,95.55026436338885,4200.258964421682,2889.664717243421,65.47064000963171,33.95266042637767,32.17691030420343,33.870429269418906,2.9384564199947816,1.358098726521437,35.33808772912544,built_up,0.3709616490581824,0.3071945409224821,0.9737738572504048,0.4529650045736885,0.05,V,276.57823809851584,4,10/20/2014 12:00:00 AM,rain,medium,1
26.60205938280224,91.0670003992149,Meghalaya,Jaintia Hills,657.4735054980412,9.018369615597875,40.761995539058795,0.4480195885855576,2.979353806264685,35.90057559159325,3056.732201998942,2390.2845766423006,111.7349378988011,28.007986714158992,35.20847062877452,36.78354265706649,2.5457100505983807,1.2341178375465942,47.483011239049425,cropland,0.49852602232118437,4.195493346278415,0.5000943036181497,1.2513739670412614,3.1471629822805656,V,186.80212095746532,0,,,,0
29.316629746295398,91.5485140803599,Assam,Cachar,835.9258288278356,23.558104179637343,182.18750989225808,-2.1098546013688093,-2.7376833126729827,116.82570255209556,2072.9980040019045,1723.6502509604136,41.70340525431331,32.62775455560602,44.135179974544634,23.237065469849348,1.4737529961245917,1.2421538488870478,26.13349717053072,sparse_forest,0.4557424186298981,2.1097279223195162,1.4246380594472905,3.7460702269508865,2.6485177096007924,V,160.43672304975655,4,,,,0
25.940080660238237,91.90306018027347,Meghalaya,Ri Bhoi,501.6538284269,70.25141066337606,53.3467204753013,-7.203741189105393,0.8022797179277816,258.26678366113623,2470.214863634421,1936.7381208161412,60.95133556088191,42.29149731922018,25.792809367276693,31.91569331350313,5.167387028024071,1.7,36.427500466815914,sparse_forest,0.4646852129365717,0.25800442602315055,0.9286367463217984,1.0481241699503152,8.220025859882693,IV,163.61974848569324,3,10/05/2014 05:45:00 PM,rain,medium,1
27.58003105575425,91.88212872711793,Arunachal Pradesh,Tawang,2041.205143299775,59.535090739877454,284.1109342841867,-6.546838891814195,-0.9876941154246719,158.39798742714402,4855.379509422107,3978.793965338673,128.09493747624776,28.611812469539807,40.538187919094185,30.849999611366,1.9759957000964068,1.3775596376653823,42.96592967266796,dense_forest,0.0855447611189244,0.7842846770511089,1.8651772266981719,3.916735810014173,1.134129634107092,V,216.8399264550766,4,07/28/2016 12:00:00 AM,monsoon,medium,1
27.18690749009938,88.34046788755258,Sikkim,East Sikkim,3571.0472736167817,39.76534678659122,180.6287579887033,2.254036259730438,-1.0237520458788893,150.38440281596937,4327.088451168946,2994.549489094138,126.74035691305988,28.5318814441056,40.7300594621593,30.73805909373509,1.7718773450067338,1.191938777966135,29.183187183720744,cropland,0.54459518970463,3.0782514855721104,0.4062452006618025,0.8866282080769534,1.358244546522671,IV,305.7862258242687,6,10/15/2016 12:00:00 AM,rain,medium,1
26.16149300947225,94.61564436116731,Nagaland,Kohima,375.3365720880162,45.81286426313853,277.9297904044011,-1.635955986642855,0.1680085454066264,139.03080662332434,3982.051105335422,3141.9218789442466,177.29734628821134,29.909629044114077,52.76026066556171,17.33011029032422,3.242735320257712,1.0184242968308803,48.82464360382175,dense_forest,0.6776733773685609,1.3193524396539562,0.7327648349427955,3.846484773642311,36.14293096454382,V,136.57490271638784,1,08/04/2013 12:00:00 AM,monsoon,medium,1
23.061053340055775,89.81768213208343,Nagaland,Dimapur,2227.8270448633175,26.28320402292875,89.4464196381611,0.1929926107149844,2.4098521766142955,107.95085671116614,2829.707892995093,1854.2124324381016,52.09749455421877,22.12353745817225,43.13899016267461,34.73747237915314,1.4358857195207582,1.6172511881649814,35.547592984517976,sparse_forest,0.6702978587281277,1.304790122217308,0.7346643763010432,6.066741066310035,8.245399483320867,V,248.00633404155872,0,,,,0
23.983340232915346,90.90938733287946,Mizoram,Kolasib,1411.7437770324325,15.133948871641833,197.9088421712258,-3.5202322197205627,0.5687785679153627,57.583578145980404,1821.8493300024434,1419.3199363639983,69.9003535742426,20.158095543928425,45.02504652111209,34.816857934959486,2.0738302711809165,1.104983506565914,42.408192903973315,sparse_forest,0.7718438666790061,0.7881086961983055,0.9219522001045233,0.9126459782026907,1.7839055553206145,V,250.30511209058062,0,,,,0
25.358804670728983,92.06589866900958,Arunachal Pradesh,Tawang,1359.528254194778,7.726494954733479,329.3951835464359,1.299856630712079,2.7784769141729226,29.903329622999006,3401.3300886192947,2665.4109187683334,99.57614454390344,21.903429972078825,42.15568055843883,35.94088946948234,0.8218798359504097,1.4437048780964017,31.382087238540805,dense_forest,0.4777097084573505,0.36250568075365197,0.2828936292809823,0.6092169971471034,5.055415693373683,V,365.5706007134694,3,,,,0
29.464380790653053,97.32805313354115,Arunachal Pradesh,Papum Pare,1420.5834875914952,19.81666030672183,350.15717570890547,2.1137249436408796,1.4025172788283866,73.42080184204983,3604.232884157767,2465.906410257949,78.32491793840335,30.552560275583463,63.80256293677187,5.6448767876446695,3.844245811541245,1.3796310526677507,41.843107285297826,dense_forest,0.27889822964286437,0.2395629475421619,0.09308235224989667,6.559326812319184,29.414375920904394,V,89.86133736772076,0,,,,0
27.11328768986519,88.39921643277653,Sikkim,North Sikkim,1724.3558444492198,45.43357622506216,238.78003346346338,-1.1318445427948052,0.8734614599515306,117.17724232312935,5000.972854711045,4024.5980332247136,88.95553455647442,33.39335537331797,37.608694415398816,28.99795021128321,1.7863691899451195,1.5222673556205075,42.40848471842992,dense_forest,0.39888909398847444,1.3061589266671696,1.6894993052240919,6.940251884167835,5.71603285271437,V,334.12091260987665,4,09/09/2007 12:00:00 AM,rain,medium,1
27.80815880146714,91.8562692903322,Assam,Kamrup,176.50534312232617,25.07437528541371,6.783769787827314,-0.2316009867052101,0.6902278627022204,102.72561718608601,4091.693072906554,2661.160237223292,68.70477713727132,32.141432376051284,37.24184883279124,30.616718791157474,4.195559962323059,1.2997499275477133,34.054047272265876,dense_forest,0.4434037235439074,2.166852161388285,0.3141979564942847,0.5373978192105482,19.293264543161897,IV,163.1949857909775,1,,,,0
23.819983744704803,96.31265601602891,Tripura,Dhalai,3631.8370566636327,6.827439053013064,219.7541813464015,-3.902728814595876,-0.012105913043081158,7.145600535726139,2651.501904031318,1816.8856149354485,97.53890401729033,38.948320422905546,33.84020983769996,27.211469739394495,2.698070505559217,1.3251920336348548,22.177950844048034,dense_forest,0.40621287819948154,1.5425142370527443,0.6586159614378934,0.012087753944845289,0.3049930481980843,V,145.20424791886495,2,,,,0
26.09941273561984,91.69406867186174,Assam,Sonitpur,506.8213861042049,66.10693100511425,6.542575871782952,-2.5796378560448643,-2.218144236734411,207.2926613313324,3324.703172082267,2653.2205604023193,103.92797485301764,28.15965403487106,46.32844542487973,25.5119005402492,1.5454869571030183,1.0633880898717614,53.79848333297063,dense_forest,0.033356957048517544,1.8202216295349598,1.2928654724281288,1.0329668927706934,10.992420397604123,V,242.99158399782766,4,09/22/2014 12:00:00 AM,rain,small,1
21.924399370140808,90.06190627196983,Nagaland,Wokha,846.6093946963974,22.1332475270229,356.45744619698354,0.09503015907875415,1.658213769291329,84.17705920622234,2640.59776628478,1840.1942777117042,39.42651596853278,31.47902446837302,28.002540246963974,40.51843528466301,2.3638823510884044,1.0991399525950536,38.74902374609267,dense_forest,0.47185870671212876,2.3340810684095437,0.8074356283879276,3.2790604198235678,13.084577801573134,IV,136.51140421689752,1,,,,0
21.695027588680084,93.2644026505746,Nagaland,Mokokchung,812.9089637464541,8.078573598787447,34.046044361726196,1.8365467196510468,1.6501598460501339,30.40621657311598,2503.3570887269984,1756.4377697570883,50.4398224540913,22.46214496034973,39.72209301593245,37.81576202371782,2.984897856786912,1.3455614346944922,32.84538484545686,bare_grassland,0.7252152863679382,3.978675238646897,1.7616698339502763,1.091600282159801,7.292031442959873,V,276.3337133725777,0,,,,0
25.474170611805675,94.13794285711295,Manipur,Tamenglong,1335.6178748434857,19.983520775389806,29.91038214774383,-1.6159131675010159,-0.1870368176615145,50.758853316138726,6510.256002331931,4311.995245376612,108.69210747237247,37.46275700301515,17.215520726869297,45.32172227011556,2.3500984333167763,1.3954402454272823,42.648070882780054,sparse_forest,0.029335834053511367,3.064024036806549,1.1245600053956133,1.0465369613445987,0.05,V,55.27515661958014,0,07/25/2016 12:30:00 PM,continuous_rain,medium,1
23.47252518714396,92.96043586805175,Arunachal Pradesh,West Kameng,1340.9217942590774,20.07353740909693,219.62328227714085,-2.648103618264436,0.49446018674416314,49.345209497100335,4263.82884990314,3191.28530303849,76.63140199016678,30.388333454483792,22.492288069617686,47.11937847589853,0.9992559430060226,1.4354162698805448,30.302994053507348,dense_forest,0.5087240579768886,10.448025287625548,1.4014924640194035,8.568159899724648,10.023925461410183,IV,106.80792988703026,1,,,,0
21.89700668129697,91.82492868894967,Tripura,Gomati,1060.8540501406314,2.110630653691995,341.31338755081464,4.360736505876879,2.773939175748385,0.06930470000170175,2998.8210712117375,2415.39041457238,86.34490698642178,35.04967065053552,43.78453321414301,21.16579613532147,1.216401281310874,0.9855909330719959,28.716102510409296,dense_forest,0.3775357835908212,0.19071289386593493,1.7096637047167016,1.6792333502103096,4.415443997064148,V,87.98380886719518,0,,,,0
22.83127314853086,96.81599350206844,Meghalaya,Jaintia Hills,437.09520590204437,15.255222075507902,261.49308574136677,-1.896742014077621,-0.46686322831100113,58.61994288568808,2226.155242174029,1599.274125435565,60.79074312259537,24.42150461204523,20.537087615765902,55.041407772188876,1.8924620245710009,1.4675156809423695,38.46506424247878,dense_forest,0.6561980230760884,3.438803025290434,1.7518712796597418,5.796522467884268,1.595289869862646,V,265.8576338306907,1,,,,0
25.890884785916185,94.78795437994279,Nagaland,Tuensang,750.4333552377459,32.33523564914847,88.32203508347013,-0.1940673617783546,-1.3624053184571845,127.84661629659483,4901.300120337609,4117.186435491705,145.72412020675432,38.46712735451549,20.540355943745315,40.99251670173919,1.5063989936932165,0.9367080165556041,36.77294383898813,cropland,0.21768849530097437,1.4735262825609088,0.7292304935226628,2.342719472676524,2.445552866691828,V,171.27493785139663,2,07/28/2016 11:00:00 PM,downpour,medium,1
28.577038476429635,92.34258515934376,Tripura,South Tripura,1262.9091176597947,3.338668493534758,76.88612137451885,1.5799382993479878,-0.008987053310603416,22.38161990434927,3036.061567205153,2580.21514964841,75.6224306422906,21.8201793476902,22.80698120925307,55.37283944305673,5.34214789681942,1.22030137775621,9.924432530204825,cropland,0.6498432602238876,0.4106989257740218,0.5415217812266728,5.948477983942251,15.145786361715093,IV,41.39688792450475,1,,,,0
22.17801517822315,89.61816326937603,Mizoram,Aizawl,1032.1415639659592,16.650050828034615,78.96696698900469,0.15738343680673786,-0.524481829895111,74.98320691342234,3766.8626177130373,2552.7179947343016,54.622174201103114,29.76655476034721,42.568234036765546,27.66521120288725,3.2767350387609624,1.5230907321686005,36.408707159372554,sparse_forest,0.4849467003492604,0.2295265958074638,0.5861946210178399,6.091462069105597,16.95407587489659,V,58.34895390559795,0,,,,0
26.276921081491437,94.68729565764586,Nagaland,Wokha,475.50879957294063,29.45379048351876,89.39895478537609,-5.344707497473745,-0.48923110866291875,83.71993802549133,3420.7564007990686,2353.1707523574787,84.0652985366454,23.32352156228918,36.755148230815294,39.92133020689552,1.1012440777540575,1.0465702631601066,41.195209144930494,sparse_forest,0.3353927105123073,1.8896403256143064,0.7161556462286501,0.021172006777936174,24.78557565487616,V,170.39411164926275,5,08/17/2010 12:00:00 AM,downpour,medium,1
28.64491515090778,89.57124149107656,Manipur,Imphal East,1495.1853699317119,24.257523684789042,241.74614893865765,1.8439929227656384,1.1050558346214285,80.71475215392861,3875.786933158724,2752.536922041985,61.56729633814286,27.498386762064754,33.362652639700144,39.1389605982351,2.654801494641358,1.3232261569587265,43.046965426704205,dense_forest,0.5745573743791832,1.1215760217903044,1.4131339671107925,1.8919494553105352,5.900867786891387,V,268.88536378103277,0,,,,0
25.835439181946388,91.25291293895336,Arunachal Pradesh,Tawang,356.79138463968,11.328726787614688,199.81047603053216,-2.7716719907059693,0.6153965700885691,45.19079466272806,3592.9191499402946,2856.689340738257,50.451362291157736,17.623295164395813,32.46119494004325,49.91550989556094,0.30734000116927634,1.3910930119868357,39.53060729779972,cropland,0.6396966913182782,1.2646664116508306,0.058621036179247445,4.7855990016983645,1.4258351029933092,IV,210.79767926899873,0,,,,0
22.474280774296826,94.63356698824663,Assam,Cachar,1041.502806710463,10.55412113029163,215.7087689737662,-5.015868840116413,-2.8162922012193987,22.441698669065246,3492.106304822714,2633.544392540895,46.85234630354563,37.99443687572638,39.22179191246205,22.78377121181157,2.4806220945412334,1.3517365658606646,38.96611720136811,sparse_forest,0.5085869561861162,4.5653384922130495,0.31488396509894123,11.517766218512586,2.3352573477860368,IV,52.943759914890364,3,,,,0
27.82440627217435,95.65841239030976,Manipur,Imphal East,1881.0651963546163,11.854891118649986,340.5270289309096,2.2533547750473324,-1.5978159128658582,42.70135531612846,3490.905857171121,2361.2351914323604,86.18349806216395,19.950339344236696,27.7066834580811,52.3429771976822,2.9328292456304323,1.2375010602591303,17.456294145851203,cropland,0.8403070663269929,2.5344324554602697,1.0271599260874982,1.6906553149080228,1.3001974120438096,V,59.75387533620691,0,,,,0
27.842078922048298,96.77256401752824,Meghalaya,Jaintia Hills,137.3292865977404,7.019255808530108,169.08058890136348,-1.272612367697336,-0.7381549302265193,24.042023187488265,2294.6560444592455,1531.3478457810966,73.66905464622047,38.242532382495924,38.546633582822025,23.21083403468205,2.2277312968815863,1.2543111219112413,15.613723822069993,sparse_forest,0.7188838948592114,0.557908089612384,1.0021210748615195,1.8336984219097483,0.8851584738268172,V,77.26376051194961,2,,,,0
27.873782490793552,95.22085198928177,Arunachal Pradesh,Changlang,918.0580464202732,23.478891215168456,154.34283857702732,-1.8017146903098333,-0.24136317352501158,95.18022850679121,3861.137986039428,2875.337700076979,149.1602932209333,34.82115261066222,28.309324729239506,36.86952266009828,2.1674207384589144,1.265598830679118,33.03721920066114,sparse_forest,0.38397870136994783,0.5332248939319424,0.6318455061512649,3.7331785079266155,0.05,V,76.1453398270062,2,09/19/2012 12:00:00 AM,downpour,medium,1
28.48901887384665,95.05278939605802,Arunachal Pradesh,Lower Subansiri,449.1037319285116,28.26615214519342,149.652369140084,1.2324180408503622,-0.7630508787704033,80.94716451011533,3584.3500730695,2855.3379157590075,33.360204265634636,27.884121009950377,47.82383732104662,24.292041669003005,5.146432740500434,1.4531564542635158,48.72863433952861,cropland,0.7516084308566235,2.61269666703794,0.3530252687636082,1.1343898073567318,8.708475327318798,IV,160.5232242448421,0,,,,0
25.928515854591822,91.8724160681327,Meghalaya,West Garo Hills,3254.249021493113,15.53199518008195,183.69256634319103,0.844187249055071,-0.7063379103505135,65.44634420718782,3514.2708529700417,2699.7709147567552,82.46395455099203,27.974345604623835,42.57286910815521,29.452785287220955,2.33860805561891,1.577034251910201,48.010752198819915,bare_grassland,0.40492772878235017,0.5067114417778215,0.6596624351633377,4.569806392712422,8.7518067750533,V,35.540190751722974,4,10/05/2014 05:45:00 PM,rain,medium,1
25.156268227761135,88.47942927297026,Nagaland,Dimapur,552.8099090215474,17.674870297101155,186.60764434252482,2.6417870754707886,-0.9553591077040969,64.57643587735225,3174.5929096661857,2544.5620248340665,41.263283720528946,34.721355975138046,37.23566673053404,28.04297729432792,3.8188157125342195,1.5820642625422139,38.93316420883971,built_up,0.5455335268706718,1.5904763321792386,0.9239572942252888,1.974653889997131,28.996256762330482,V,48.4560601752814,0,,,,0
22.692220392010086,97.13998205316148,Mizoram,Lunglei,1799.4074280005143,24.539423182926257,197.47266022114775,2.166672462371175,1.1274144058496054,59.71845559778923,3225.2724159232957,2187.440406662386,88.71447713373051,41.47248356498606,45.70052361824409,12.826992816769852,2.583742099999284,1.3094089593844827,28.992169613260163,dense_forest,0.5786111846732647,1.1298186498490517,1.6835197272205993,5.5280138164269585,0.3787150424243922,V,107.33382362021226,1,,,,0
27.101181237842386,93.64984062603713,Arunachal Pradesh,Lower Subansiri,2274.1146327139695,17.772156639848028,251.57572264457255,1.0602745615868865,-1.62728810837916,64.89651303524785,2489.6707520382565,1658.2239424565007,136.45169832426728,23.979979050259097,41.72785208840045,34.292168861340464,2.2547891972502514,1.0328676041525793,14.517617638557992,sparse_forest,0.334955993488089,0.5955773924516393,1.106885279042514,1.6556741652856621,0.2426422367884402,V,52.143472435544524,6,07/19/2011 12:00:00 AM,downpour,medium,1
26.070526871295904,91.76637800423069,Assam,Kamrup,253.5491426031267,15.254698480613653,88.30807212713641,-1.0560979865583466,1.3945024502530452,71.44288601913303,4427.693665948293,3303.221613295711,113.51325671427009,25.510364341180622,31.750835427675533,42.73880023114385,1.7460953189108934,1.4254943568923228,42.35833594967495,cropland,0.4571661779923319,1.4269356154425699,1.0030801329395918,3.8955666793392374,0.05,V,87.14115917982085,3,06/25/2012 06:00:00 PM,downpour,large,1
25.28912613304186,92.30084264145528,Tripura,South Tripura,1208.5479982219845,0.0,165.5589258608642,0.5515795745847876,0.45161646115331067,0.0,3563.2024796833516,2928.9856836679833,56.76247152454093,11.603907079089687,45.95979234376763,42.43630057714269,4.859122812734865,1.4129861288614904,49.431758874666016,dense_forest,0.693964973700134,4.0863060076814985,0.9573090315548586,1.5969167411747145,12.556823149226966,IV,143.9078709391224,0,,,,0
28.65634187027592,96.36337082170569,Tripura,Gomati,1597.6094519214457,26.168868838943858,56.365426766000255,3.7370888917613665,-0.48192290238252267,62.392004065406,3524.3719297961634,2594.2154260257907,70.29170647033106,19.581074799496825,47.1799928274836,33.238932373019566,0.8497074391775162,1.3808586797192237,33.8498933397685,cropland,0.7471796425536552,3.1180667143730405,0.6836328657679838,0.5981548072446636,4.305585884949432,IV,137.64903237933754,1,,,,0
27.560878974352327,92.16461661849527,Manipur,Imphal East,778.9654892434967,25.074026268605145,191.03822804930186,-1.8180336128077217,-1.5593862197952593,65.37601876365572,3992.661420803511,3376.730874693592,94.71353846428691,17.390936054729742,37.14408224854733,45.46498169672294,4.0970696332827945,1.0165429104643882,28.87112408288285,dense_forest,0.34169957524574185,4.676284253951375,0.41244223164709565,1.3645627539076457,17.743333982969162,V,174.09887734724725,0,,,,0
25.660944855275073,94.63008309123362,Nagaland,Wokha,2879.658039416747,22.443529195012154,124.4209379672362,1.2672134108688202,0.35311956105276365,98.37145998712363,4627.418813191075,3245.5984367586543,82.34606969901009,46.03211922707375,41.40182871269124,12.566052060235009,1.646605327500691,1.3969971398947891,54.8131400081604,dense_forest,0.34544792592413026,0.01,0.884047349026585,0.6610879992911088,8.190738613104742,V,39.922526071798785,3,08/02/2015 12:00:00 AM,continuous_rain,medium,1
25.578102785056053,94.11988841967035,Nagaland,Tuensang,2094.2713799807807,33.5005055083366,273.34408138173944,-1.4662703277289046,0.752262710799618,76.79643195370048,3638.1836034339885,2630.336034630207,131.0654936331263,35.255093871507746,39.78221432983572,24.962691798656543,1.2550759974695165,1.5540260552931562,42.344959331943535,sparse_forest,0.23481519300401327,0.41381935799861425,0.8646797320081043,3.126119495217333,15.120020433412723,IV,110.12680504748494,4,08/21/2010 06:00:00 PM,downpour,medium,1
23.62345570620847,93.9094234653573,Nagaland,Dimapur,137.0366491835133,27.383500359098967,318.4165174474197,0.037291048123175366,0.6154887533458444,84.62042268972361,2607.6238810541095,1876.1357650415475,136.79559445942792,23.567800254811814,28.658700063782145,47.77349968140604,0.3839446912334636,1.1703670990771844,34.29413585471694,dense_forest,0.18090260369205508,4.233373346144257,1.471962654848575,0.3366736544605933,3.9766818444243373,V,465.96936308214754,0,,,,0
24.954373448334966,95.31773493862046,Manipur,Churachandpur,617.7562222859889,16.96876122472948,323.2009807593915,-0.8995762633851829,-1.855781642378742,72.62568970439635,2406.434699196382,1843.3454271361202,58.67711026983325,38.59187838797027,24.86524851925051,36.54287309277922,0.2882662028276449,1.3610766075164913,25.676319066085814,dense_forest,0.34716942724255984,1.5111306206349284,0.9870473300796321,4.380778403779227,8.896075324406102,IV,115.89852510606741,1,,,,0
24.682202319524215,91.92746270508965,Sikkim,South Sikkim,1059.102069588891,9.735865206589676,130.46228029969646,0.06857317110225586,0.8946109979404968,50.08319262561591,2875.481739150099,1939.1933358728586,74.97237237197388,21.874718300528876,34.35245520898613,43.77282649048499,6.506457492064269,1.2192058464710593,39.511303759587285,dense_forest,0.85968809492571,1.2932318163655636,3.0970556673406584,5.345785758170266,27.117135351120385,IV,91.11146335706869,2,,,,0
23.823467315806198,95.22440820355084,Meghalaya,Ri Bhoi,4070.8744049954835,27.54501185296968,248.85793909812904,0.6075673344575375,-0.5147880566551625,103.35820928060417,3308.317693007801,2742.8875140640653,41.72633176442855,23.337892508923638,31.47817376884165,45.18393372223472,1.2366900537687087,1.3841533619970907,23.579739815043204,cropland,0.4802815819388596,0.01,1.562675860199183,0.01,0.0785826464671855,IV,264.79774236656493,0,,,,0
25.783974061375673,94.19427208927297,Nagaland,Kohima,676.0900588852927,16.176589376901813,217.92159273936517,0.1035053367578731,-1.9287221542723247,48.87087787235412,3742.7620041739588,2592.6398738430153,78.15983458129435,45.583167087096875,28.00507738737498,26.411755525528147,2.2417656921607367,1.1240529226793023,55.56563431258717,sparse_forest,0.09275291704951505,0.19949316529575006,1.606344521881546,0.2586443984179593,0.05,IV,472.9767496267244,1,07/10/2016 12:00:00 AM,downpour,medium,1
25.451556150620405,92.1259368883209,Meghalaya,Ri Bhoi,913.105519439607,17.42297358172882,63.28334467092543,-1.825890980334464,0.7994991366165498,62.50051476151193,2381.2204316423504,1726.2011745591947,36.21466522737829,17.416657065291695,30.36375922273604,52.21958371197226,3.9133052559885715,1.348465889894172,34.01054947933168,dense_forest,0.30597245589300964,11.908402616607173,0.6259724637658572,1.6506231987127808,10.32380836725767,IV,210.4780729514839,2,,,,0
23.978617899677662,93.0886943667127,Sikkim,East Sikkim,1576.1579213143916,9.556004287385836,230.44558778036077,3.447146516703255,-0.18326580457655106,35.56464640813376,2767.544815889886,2209.804361381204,79.77670002050908,30.731213424474003,39.58024281842618,29.688543757099815,2.0973490124422236,1.4849368481984713,39.48144109637957,built_up,0.6986693698581629,4.223591383936586,0.787327410817062,2.182450712299151,3.5320002736038894,V,48.446646635260514,1,,,,0
24.95286194447088,93.54175147848916,Manipur,Imphal West,666.3383478515199,5.292039849250706,198.6673204001315,-0.8158596566466272,0.12989706839004078,37.517244712462464,3846.543011831622,2647.8104122798027,120.32574062965564,24.06811994977271,43.34666540403738,32.58521464618991,0.6758248499949586,1.6849314910060713,43.16693627175701,cropland,0.48612007641228805,1.423172240976184,0.6303504084124412,0.5525065334177697,0.05,V,210.95589003440907,4,07/24/2015 12:00:00 AM,monsoon,medium,1
22.16141233754111,90.7145869008636,Nagaland,Tuensang,3401.8609046836764,7.164694181391157,2.6745359842936,-3.078517668377102,-0.03280438955827161,33.29859458701078,3155.1253635567864,2135.2175010938286,44.01864263831298,17.34862056948826,28.149997103074874,54.501382327436865,2.1824672776820515,1.2657771262152855,10.753647283167826,sparse_forest,0.45377917053822364,5.271226393866963,1.3584394992883886,0.41156973099081734,4.259969773140688,V,161.26211341729405,1,,,,0
25.487159666900624,94.09123119873055,Nagaland,Wokha,323.01608556015253,32.43554089236042,189.82629259447594,-2.8231102662658607,0.4392566432729118,132.8455356279424,2756.1533627171493,1991.9184320706406,74.50587510560794,43.84013839119503,16.884770788589734,39.27509082021523,1.8396004002224133,1.2928970912906286,33.462867434404046,cropland,0.25232894700304526,0.056043992126187936,0.9155825422309362,3.343474003042055,11.166778382460732,V,102.63807434178568,1,09/09/2007 12:00:00 AM,rain,medium,1
27.813210366438184,88.29898745265602,Manipur,Tamenglong,1367.4926446146867,29.470593237696384,191.01437130428297,2.355095785105523,-0.41206720417452336,92.35193281222922,4435.334909516625,3688.875309680572,31.281459265584516,31.67146976227888,29.591402929639457,38.73712730808167,2.5876170561743264,1.3022167592338287,44.758479332440984,cropland,0.4409525713849998,1.0685852247270875,0.41172350401884716,2.675430517217055,1.3482940180534708,V,158.8133198386706,0,,,,0
26.24165279829328,97.31569543442535,Mizoram,Aizawl,2473.2163279203996,0.0,159.31500324307012,1.4111484990641159,-1.4628569188201588,0.8864290984555839,2516.2276643939404,2102.5836251993137,41.71649976639901,28.451854999295627,50.39203235681485,21.15611264388953,3.1372308855916664,1.1946745302066941,22.767751328806167,dense_forest,0.4510383136599141,1.187061917620613,0.8871586792428181,2.419137518646361,4.092528073999227,IV,28.989869567748727,2,,,,0
25.85408066983223,93.75657218372766,Assam,Sonitpur,653.1580050575648,15.79704299179133,29.77090079175833,0.9504975037302745,-2.6774834073184453,33.51923112671445,3346.9460405947066,2806.8602553626047,73.42453710108484,41.011329529632,19.317063362823042,39.67160710754496,1.260317024498854,1.2147642245618522,36.13466597221464,built_up,0.5888847654720488,1.8861412596067983,0.9142589866697257,3.3803339394465715,0.05,V,307.53764285763674,3,08/13/2011 08:00:00 AM,downpour,medium,1
25.423442744069156,92.27848659094985,Meghalaya,Ri Bhoi,790.2382775899864,49.85460824297958,141.28269490586936,-0.5592389503115648,-1.6687924801084575,114.9967452349574,3620.5654394498038,2810.0385530219187,192.1136338153663,30.87752231477361,38.40683015796064,30.715647527265745,1.4456150006419841,1.2420065116896568,25.94118151483441,dense_forest,0.6349435305537501,2.8872559455401765,0.9821811762586965,0.8063820160045345,3.446944404001022,V,190.00929269603634,1,04/21/2010 12:00:00 AM,downpour,medium,1
25.66133903811797,94.11238098360712,Nagaland,Kohima,469.9438929413831,34.15561447053409,143.06103689204895,-3.480627325785148,1.332033125727635,101.8887780173754,4081.1805967366013,3043.6570143033223,62.177693329806345,23.645672259885743,52.18425206859662,24.170075671517637,2.5626143121383262,1.1934876539622852,42.68517478905582,built_up,0.6158728663162252,0.8941411514961497,1.1530686702406814,1.0889487579547017,9.424107571102796,IV,179.60520577093803,5,09/12/2010 12:00:00 AM,downpour,medium,1
25.591959764022548,97.45306647170993,Mizoram,Aizawl,2165.903806990615,21.817360510626035,45.777007598318946,3.1649326818928842,-1.3040065112502448,72.02049267707342,3370.1838125290615,2398.798454964546,38.97131704602057,21.267253438828952,38.203948227856834,40.52879833331421,1.081844649241938,1.4462732585030293,43.42019339209752,dense_forest,0.5865004921255801,0.34385598242138926,0.9583078385048677,3.0011306824287147,11.630409662168212,IV,135.18692237999988,0,,,,0
25.416178845098738,91.8859695683167,Meghalaya,Ri Bhoi,1277.5622557913464,28.035770933669852,87.25570902052733,-2.8796305756862157,0.06319487493003662,122.24783082094376,3328.111883460264,2579.343295877691,107.4506873521814,28.828928074347775,25.755208576398285,45.41586334925394,1.8165207148927252,1.2554180774485135,44.79478783309064,sparse_forest,0.37295571474422756,1.345740137311693,0.9523254858851311,7.83052634109012,19.425902703162656,V,36.084784268519314,2,07/26/2007 12:00:00 AM,rain,medium,1
27.42846331482417,93.54718279092306,Nagaland,Mokokchung,1839.0297401064508,17.629229769172422,318.30528165831623,0.5240609111987741,0.3877137114250211,60.716062241076415,2910.267582606686,2079.3286218063004,49.4587509003961,16.5032787571955,32.24662237626987,51.25009886653463,0.7155393123958846,1.270547811032816,31.40117736387423,dense_forest,0.31140825728832094,0.03798963259476556,1.872627393439673,0.9511279363951065,25.52639747564931,IV,327.6915398150499,1,,,,0
24.744528717427038,93.40371427285015,Assam,Karbi Anglong,1704.4064645154508,33.106338461877094,91.61532232997155,-2.1887469256454075,0.16485685411053802,141.16174031011514,5570.146159674559,4159.005785886942,172.27085815981803,44.969817449380635,25.003177778534866,30.0270047720845,3.8829067368363113,1.5285553572602586,29.454887400702074,sparse_forest,0.598372844894863,0.12692792041885803,0.4826681876690779,0.7839662037350459,2.9991345132135203,IV,56.95678931573177,1,08/27/2010 04:30:00 PM,downpour,medium,1
25.28697835366953,93.18897353916942,Assam,Karbi Anglong,759.1920339750562,16.180681246932057,166.2794204330691,-2.66972464102319,5.090825178010714,52.42853235286432,4151.938903535466,3223.076396622235,153.12840806518722,39.406669416954536,31.466568637473895,29.12676194557157,0.9657598694676367,1.252076542771857,51.45710122578567,dense_forest,0.558256563285199,2.8850741983357895,1.3997856945666165,0.5978746188082528,11.291684104882759,V,189.02192059351717,3,06/15/2010 12:00:00 AM,downpour,medium,1
24.94206301756862,88.91192145396796,Sikkim,North Sikkim,1351.9900927752378,13.997693123077223,183.2405551163279,0.6547492426106901,-2.3476434511598896,62.346908803214326,3077.8674789232973,2306.971556297581,69.2589697404525,9.195506552743225,40.84038660430971,49.96410684294707,1.7658916108757958,1.2079002831510586,34.674392976498936,sparse_forest,0.5638478582648915,0.022422881028121726,1.3098971742206245,1.4623552044995436,16.00860523116201,V,132.2836743102751,1,,,,0
22.48330682847915,96.91727486608339,Mizoram,Kolasib,905.2784907490899,31.39670886926275,330.6235719110371,-0.7950481988529018,0.7757663328974882,130.6616444460556,3825.2437263738843,3200.9609855907593,81.27531887556958,26.203834448667543,44.857852176310196,28.938313375022254,2.0748020452767455,1.4152633606648248,35.32698955547751,dense_forest,0.5064267641152274,3.6908384233498213,0.19786362229239157,0.37409187817616013,1.6802822252812784,IV,140.8992206636044,3,,,,0
29.257510492608112,91.18550863639311,Meghalaya,Ri Bhoi,997.5205641132073,20.283032537992735,215.59054850681724,-1.924856706358852,-0.4389788085675388,77.15850162378526,2922.797532722554,2150.066225587596,52.91233205550549,46.98862984772238,31.214681305391046,21.796688846886575,4.772541619289166,1.1673319683287815,29.158430632014024,dense_forest,0.6051513682826375,1.6110863983277972,0.7757003860844329,0.10019807114395166,5.732192172984495,V,204.6838777831047,3,,,,0
29.231731793323842,89.5093944574184,Meghalaya,Ri Bhoi,1504.444093354587,3.1870316846439266,274.8933495536846,0.3515914368021641,-0.1918438885559233,8.798113088168538,4097.122572755019,2843.7429173345895,61.516642940425,24.575606369140747,41.50174607302021,33.92264755783905,2.937692429649886,1.1367473242284531,36.970154798195495,dense_forest,0.7090524544965615,5.2967330572144515,0.34192209105200544,3.1274581060219497,0.05934817604940791,IV,112.04134174272646,0,,,,0
21.675299538865872,93.6057102837713,Meghalaya,Jaintia Hills,775.2223697231896,13.646018817807178,230.1293186854767,1.3584143726473157,0.8386495218486261,45.872723309663016,3605.8021818809566,2787.9923126695317,44.15817087194761,28.386703926180534,32.02334296526772,39.58995310855175,0.8982660252387359,1.3903883643648332,31.94979610965,cropland,0.46804237817326,1.5616789960353148,0.5645954295162999,0.6272330450197926,9.746303827848585,V,520.7385262885891,0,,,,0
27.164235288708547,88.55276783908292,Sikkim,East Sikkim,2164.647411874939,42.865158920947934,54.36830013016203,3.1660119257082937,0.5425060492998814,164.12511115871487,3165.032121139354,2653.8892343899174,107.99416967825701,22.62450084990692,31.332338573680175,46.0431605764129,0.4239576488881552,1.2967460949948773,45.3263561260536,cropland,0.48619366169337513,0.7837512176317584,1.107651051225155,0.15283565377394545,3.681177239819977,IV,489.34242618213494,1,09/17/2009 12:00:00 AM,rain,medium,1
23.459916736290307,96.11545248362926,Sikkim,North Sikkim,1177.7914465074082,5.490880885377315,278.05205401168723,-0.1355861966945952,0.40171610306385075,7.888570048614901,3084.370184843235,2194.6419540133347,38.77298336975315,35.85737454319356,51.115708871540846,13.026916585265596,1.3825371541480842,1.2404071134431325,33.20030871141071,sparse_forest,0.6778361049179291,1.1144582265886473,0.7272166852018112,1.2554858982169084,2.863544462698731,V,315.2743972241318,0,,,,0
28.57097416519021,94.20706299341896,Tripura,South Tripura,1683.3942014514637,13.128569185321304,180.737967210778,0.4426303649513728,1.4100281053998496,32.565051718022964,3421.2742875672293,2595.890400967263,37.10875787378893,25.370875883986198,50.217316219562846,24.411807896450952,1.665712746299466,0.9,25.14719094314883,built_up,0.5431355630720771,3.9270692277699935,0.06985135360913222,1.5303403433694025,7.937849770455049,V,83.07517767526296,0,,,,0
25.705390787623898,94.01307153650001,Nagaland,Wokha,813.5576135833786,34.469593995252524,60.023057316138136,1.3307419158507838,1.2122419439951546,125.91470357746584,4514.621356983942,3096.269548552694,139.09176192027053,22.43022244810577,25.759194388026934,51.8105831638673,2.4527890753288992,1.1152805590173807,52.87876146945792,sparse_forest,0.22279070210016716,1.20262119987457,1.4565106735419904,1.7268488003136802,4.358176294400736,V,162.33100016056386,5,10/16/2007 12:00:00 AM,rain,large,1
27.0261716974149,88.428725437769,Sikkim,West Sikkim,491.2543970988056,22.582477182947414,225.67305052293744,1.9794482807176523,3.2116555492014798,82.45090661526935,3840.0616277637405,2813.820602141373,47.19618918919388,28.641265305964474,38.63342729174022,32.7253074022953,1.872931099956666,1.2556777987164809,25.82099322902066,cropland,0.502719186019748,1.513517505627747,1.0606697872712147,0.13241500165056386,6.548305580122632,IV,38.19662411105794,7,07/17/2011 12:00:00 AM,rain,medium,1
27.221651394635312,92.98242235831765,Nagaland,Wokha,1553.3073606126457,22.33387647657365,4.590214692935524,1.6501100364606263,-1.7168557670501676,111.13286583000067,2339.4365187179646,1587.4716502705437,68.93751836325883,40.17672511777887,23.305734913469788,36.517539968751336,4.777073940852294,1.2102396406725053,41.69113303326828,dense_forest,0.5467159665466821,0.7431116777254232,0.12242096705711442,1.147948167187086,8.773883028929967,V,229.0747166055832,0,,,,0
26.158750303509358,91.71736149278942,Assam,Nagaon,482.16831235735566,42.552881898119715,140.01804132376242,1.9214455159448254,-0.7388009926820134,137.13599307304958,4760.652327474407,3402.4227886063272,125.48007678288596,28.43598084106905,26.567061152128865,44.99695800680208,6.191844023311017,1.1273363047850344,47.572879639448765,sparse_forest,0.3631195553495823,0.6364122976418365,0.6407695854572646,2.044841884834695,6.336574280596952,V,116.55959781360298,0,06/20/2012 12:00:00 AM,downpour,medium,1
23.724495376923073,92.51033012484352,Mizoram,Lunglei,786.0866866390179,19.571483068232798,259.7696759975222,-0.040822777370911625,3.8592984586056245,54.41272629281819,3053.0978031395466,2172.5933758193573,90.10448653418885,50.204243781999075,37.53187150757776,12.263884710423163,3.695709741001594,1.0338354458229493,41.56130442709517,cropland,0.5171885183597511,0.07440611529216816,1.081990871132005,4.920536040658309,1.8361538002775952,IV,193.12359760560125,3,11/11/2012 12:00:00 AM,downpour,medium,1
25.846069548309718,90.69188927450774,Nagaland,Kohima,958.3025055417693,24.864906242296335,309.4761009788997,0.29603871226257694,0.1756873714226505,95.49977538351986,3427.482358600179,2561.0921698763464,56.874303480515934,21.791129403465476,48.10433756483623,30.104533031698296,5.554177389040221,1.2661386999850905,41.33180708127359,dense_forest,0.5155518414572612,0.5212737452218208,1.120094821724752,1.1734645188342512,4.958368050202986,V,78.36284130627378,4,,,,0
24.68117149213166,94.05460157392572,Meghalaya,Jaintia Hills,862.7216085741646,21.325433428067274,224.12871525464666,-2.594246986164429,-0.18102873274078818,89.3007456547447,2898.321866858465,2045.1005804225035,84.43522071253267,26.358075933989912,15.886233380729642,57.75569068528045,0.8364511507147562,1.275755106469479,46.15250897856621,sparse_forest,0.351680744832864,8.019584747212647,0.2939871869654373,8.159036173111273,11.31563525697213,IV,56.365755603091415,2,,,,0
22.089378940675605,94.62155536668675,Nagaland,Wokha,2235.846507262316,19.795242680953525,192.48673064309418,-1.136315161343635,-1.0021730134745201,99.09890158814612,3311.681204749566,2647.290634101821,50.920150492838744,25.722860065758535,27.565475193562616,46.71166474067884,1.742546579877701,1.226344630735893,17.22925004299688,dense_forest,0.5331881599986255,0.34355241468005976,1.01879787378569,3.3253045637765877,0.24390322129557027,IV,366.2289336681351,2,,,,0
25.59930985900918,94.32925504080308,Mizoram,Aizawl,198.02669699726778,34.76003630413591,197.96568036996456,3.347214138209753,0.001863661853802457,115.58322775555513,2302.0442693575296,1610.4815003662632,56.55694597182048,21.657042163047056,39.46021766679354,38.88274017015941,0.9000582141799661,1.3059352358448093,32.44563790858666,bare_grassland,0.5784474589481816,2.9538495198550954,1.3278660831276117,1.0727510881316584,13.12564149019023,V,51.929288827366165,1,,,,0
26.980655560605513,88.05593780759551,Assam,Cachar,1062.4200772471224,31.447011747582906,199.09437476995413,1.2306734536664765,2.186434637544375,102.72962117399032,4318.122255345046,3634.6718900381143,43.224785310236726,12.965087336471933,31.613398660955216,55.42151400257285,0.7024291620029259,1.3489831784843123,39.317766406215384,dense_forest,0.52713153600481,0.4297729366727519,1.2784675534349557,1.370112151638242,4.5991853305827926,IV,37.42754395924087,0,,,,0
26.116827821856425,93.42670571735346,Tripura,West Tripura,747.0774013682704,27.398212909251004,307.72550358106093,3.812774092250046,0.9111756510606248,106.24486537853437,2529.9345637850092,1907.5930592803008,82.40714587533334,38.19173511849051,42.469378176433416,19.33888670507607,5.087051366062574,0.9689889624503436,36.87241592594096,dense_forest,0.4328911973259981,1.6678835099537301,1.5729911519911868,0.2800342659971096,1.5432972247943184,V,100.72967829305794,0,,,,0
24.808325098749055,93.98315424115482,Manipur,Imphal East,2337.9904735225778,30.291725481742148,81.57058343131706,-1.9397044745827068,-1.3229294332639565,91.85628548110125,3493.131875389816,2310.6338427369024,83.61700155535038,34.9697360011321,32.358320356277176,32.67194364259072,0.34951346702397657,1.4039352235164373,32.376174648853336,cropland,0.2721395821297402,0.01,1.201630414803424,0.4862733477373702,6.250395645490496,IV,160.49954743399437,5,07/22/2011 12:00:00 AM,downpour,medium,1
23.777766745153667,92.51872502740062,Mizoram,Aizawl,2430.086976596469,44.95836470744005,268.4639540510369,0.8115523286728978,1.0317856662579343,139.485673843986,4618.6443057767965,3831.048634559521,55.087824471006925,39.04142326930432,31.70820183900707,29.25037489168861,3.537031056611363,1.276195906588291,26.808127565950524,cropland,0.7450736609762122,0.3977134001800249,0.6943639072506633,1.5226999066397378,7.6750312670906915,V,363.14415011370875,3,11/11/2012 12:00:00 AM,downpour,medium,1
25.04110381129166,97.1076200396175,Mizoram,Aizawl,564.0702722234704,41.31356072615205,96.96925810025542,-1.5468386112420596,0.3967415489630044,159.59280644316277,3285.2579139737927,2782.5886438042407,48.134028996068565,15.651030717110524,44.406927642440756,39.942041640448714,2.8522444068212973,1.2223751436524164,47.81576203517655,dense_forest,0.5461741814127593,5.0089706486398065,0.3586579918794903,1.9043899703886553,1.2157399676115215,V,55.673434736800075,0,,,,0
28.684367100035892,92.5169457934084,Tripura,Dhalai,2012.2825764502643,24.77673637131168,294.60707097203453,0.29084297351452615,-0.5573850223465954,99.01637592135968,4878.9469684965015,3214.712068806754,66.02545829112293,32.16245781268319,36.89974119253293,30.937800994783885,0.8565396736697466,1.367487389476269,21.941656951674705,dense_forest,0.4058871307492232,0.33178130159016317,1.1232016421213722,0.5884541011097406,45.89499682319075,V,68.53974239699852,4,,,,0
24.279345381593913,96.87675877054423,Mizoram,Champhai,1044.635868829066,10.468201786857037,251.19405065133242,0.24025422929023646,-1.1563335245002455,32.96251206778879,3935.3166951500452,3132.841586461699,57.581724839246704,33.066134031361514,49.073296323467304,17.860569645171182,1.2930783227071112,1.354750304251495,26.983294014396492,sparse_forest,0.20601013742560775,1.0181053176823573,0.8338782593732668,4.665683880682552,0.7959586793117084,V,122.88950638607983,1,,,,0
25.862277482211343,88.87820640150342,Nagaland,Dimapur,1034.6607333976108,16.632799688257286,318.15117433545345,3.2983892767482494,-2.102475857526548,57.322400520124056,5015.251263223381,3822.1681732362817,37.27430539022198,12.939323779500052,41.5149918915946,45.545684328905345,1.7505655414963686,1.2805454399305758,31.01549024848549,sparse_forest,0.8760693672302587,3.843974656206114,1.8657401218425134,0.3568794931302093,22.35411017291849,V,89.45404676633542,2,,,,0
24.908156653534395,94.11641819608656,Assam,Dibrugarh,638.0300059983962,18.569884675583953,286.1015218410307,-1.8148382429198933,0.23641987739275744,33.145437548505775,3737.5076819283536,2686.27795457303,41.91692304417323,30.292692879929824,38.13161177762743,31.575695342442742,2.7791258771177736,1.2593512608649267,40.3770618355232,sparse_forest,0.7081857423664758,1.0391375396209148,1.7545412906542042,2.0018496874833893,14.08043343877011,V,128.35245146431896,0,,,,0
22.077286352308366,94.00779191426908,Arunachal Pradesh,Tawang,855.7166014894639,7.896267509911084,247.02997877575527,-1.010862468138071,-3.7712472129924066,37.752077096956626,4114.39473256143,3173.352736600654,43.56720291617499,22.96259530964134,21.56991703537162,55.46748765498704,0.5351264498196339,1.3182327458213903,42.729889021481995,dense_forest,0.5253255002671563,3.138825019249535,1.3171590477884607,2.705221823479858,17.26991413893192,V,440.3374666046823,1,,,,0
25.52336533714305,93.9747960497348,Manipur,Imphal East,395.21813167724366,34.399735200542146,92.87391162076439,0.2997697005082267,0.9996453831786042,105.57565668181734,4746.74068031691,3889.531232343059,131.0115551250993,23.047211101850188,27.83727931231621,49.11550958583359,3.344691923379045,1.4439170541996733,30.77271037387401,sparse_forest,0.4778800239371952,0.402594835697474,1.4412371699334257,0.06307355778629191,0.7008209306156874,V,142.80957729528922,7,07/22/2015 12:00:00 AM,continuous_rain,medium,1
25.433536421105668,94.06457913248299,Manipur,Ukhrul,1730.3961817158513,42.429012897606725,149.13695860418173,-2.324475013630491,-2.2379941800750203,131.00506440260617,4509.045497972969,3681.0194662900535,107.91102563959424,33.389572807622386,30.538506122318463,36.07192107005915,0.887121120015014,1.5049727976282912,38.72843616756183,sparse_forest,0.6114911955796861,0.3877591138334826,1.4887936737248424,0.934303931885815,4.151797980286394,V,61.4444084682789,3,07/22/2015 12:00:00 AM,continuous_rain,medium,1
26.149084315226332,94.22082453705367,Nagaland,Wokha,2102.0550419710257,24.445244649795853,263.23333168724395,-0.22663231327889632,0.7326972949234866,64.30961824796275,4100.2394219059815,2869.243056755525,128.57923471683137,25.667384372144777,26.458988686514846,47.873626941340376,0.8189370349063756,1.159793793820225,31.382388304198905,cropland,0.4950389267346527,0.08627127793074463,2.861591015069542,4.453596165580735,9.904997520141167,V,318.54846899309825,3,08/19/2008 12:00:00 AM,downpour,medium,1
25.96895249553967,91.32983457435815,Assam,Nagaon,1216.6900855421727,33.38239321788629,6.687541933346841,-1.247753162303709,1.1423542927591264,122.70330875914145,3254.0586386763257,2677.9017990712346,79.58237485674252,41.27404825806819,24.822180086938708,33.9037716549931,1.4931169849939674,1.457786349807919,31.130956969447585,dense_forest,0.4331438553414405,1.990583443321853,2.0170051393140245,0.9609179610489635,7.776277890788483,V,201.24089977111464,1,07/07/2016 12:00:00 AM,continuous_rain,medium,1
27.955716148283706,93.29101972109484,Sikkim,East Sikkim,570.7415497473577,12.551748434108216,196.81185432738914,1.5401119933189518,2.556839239037557,51.100791589939256,2333.1756910115964,1922.771165193728,61.235958046336364,18.791172375928312,29.79134125856886,51.417486365502825,0.7811936987308367,1.3808893748695887,26.843211338170196,sparse_forest,0.32706813385747713,5.83978873963116,0.3177598529536918,1.4250395673634233,7.946097898076494,IV,122.32798033311556,0,,,,0
27.77696290029448,94.75973232080607,Manipur,Ukhrul,934.9958379991114,16.56850555292313,288.1410700508331,1.7615580881651793,-0.4149989949313223,64.36774938682221,3143.8536713864924,2585.835456381948,77.55456523648829,24.454570682296584,23.675136922279798,51.870292395423625,4.171687609384527,1.2828943597691833,25.845967281879123,dense_forest,0.4077936014192427,3.141832989542447,0.2790188288757755,3.622892455490666,2.144010237903733,V,171.5448677391025,1,,,,0
28.40737831827027,95.85412251318895,Arunachal Pradesh,West Kameng,578.0091692616738,9.75290715380648,14.904043306262494,2.35030435984759,-1.6847619862173222,37.837209766617974,4817.002233986925,3601.858879523063,82.5212712524333,20.968140715400224,36.474887208924656,42.55697207567512,9.073848588393666,1.3224239390471928,44.71873969077551,sparse_forest,0.7082360825337757,0.04203271460614356,0.9562211703850032,1.2634285361434232,20.837171132998215,V,60.40816314058458,4,05/31/2010 12:00:00 AM,downpour,medium,1
24.06095155701991,92.67758135102912,Mizoram,Lunglei,2634.9399185621455,27.37374935767136,138.49589605780776,0.8083387198156962,-0.7724967930754827,81.13485951610556,4611.669547390849,3853.1290141340874,69.73395523002344,44.057127833359594,43.159863222533176,12.78300894410723,0.6648158113761167,1.5242490589069853,35.35111089294031,bare_grassland,0.48873714691115944,0.6201358013932056,0.8523682373732933,3.460057945709329,1.6282918063295235,V,58.563022552416555,5,08/27/2015 12:00:00 AM,downpour,medium,1
26.93968039160186,88.41513123040262,Sikkim,East Sikkim,2423.8980720072336,27.820792155905437,215.77370259880794,0.1551001606365563,-2.2677210633500122,100.67376325982568,3612.4144064892935,2779.9220071374384,97.2814638358276,26.64620580086222,47.22577629757089,26.128017901566892,5.533774943248596,1.3052812474468962,37.57532591976623,cropland,0.5225985721616411,0.08440124370591727,0.27946205504702715,0.9015680672915929,2.8663464286010996,V,62.74079956704143,5,07/17/2011 12:00:00 AM,rain,medium,1
24.877030994704164,88.68536725691352,Arunachal Pradesh,Papum Pare,1306.3512903563596,6.125345304053846,337.031615768587,-1.2120983997320036,-0.8625981513342368,18.25259456373612,4046.321395854292,2762.0051637116035,104.96042332280598,27.808206297775385,55.99266831173357,16.199125390491048,2.7617644610544674,1.3566224496321924,34.90401930312701,dense_forest,0.6309937243685381,3.482623074015781,0.15301943447757538,2.720205358385208,10.507128431372287,V,135.47236318486063,1,,,,0
24.878548490597403,97.14602895013378,Tripura,South Tripura,973.0124268271032,0.0,274.7777252219891,1.9052793527722904,0.4615073776439964,12.336168722846757,3627.3318205407472,2404.949411352267,88.15154718181283,14.707278349392471,44.235131279095086,41.05759037151245,1.809790969331252,1.2552548318152108,32.81602502502758,dense_forest,0.5845932517340791,0.5831299948494507,0.316879903287264,0.7505909310610948,0.4300596945380255,V,298.1050081956097,1,,,,0
21.810075978303374,97.46684942496866,Nagaland,Mokokchung,768.4123021543672,26.70767382720788,28.902264677396772,1.7921811277297939,1.155530598475158,123.44283376733432,6484.929279870588,4784.263816023917,29.59435173987083,15.488680302138045,11.531113231218622,70.0,1.9330671308156742,1.1426253212802286,38.42191084887889,dense_forest,0.6964041529196927,0.5116213620800558,1.3569284047072157,3.357277649091785,9.488175885311644,V,147.74839190457408,2,,,,0
27.20027823034817,91.21118597475207,Mizoram,Lunglei,1949.368128557364,14.09207368862412,274.63173387388423,-1.147901548986311,1.5014778662624066,66.41952486417988,3629.1603350199084,2712.880992145907,139.22316104637844,32.139059815744865,36.024042831156855,31.836897353098273,3.1093026437198135,1.426602924996523,41.74313992743339,sparse_forest,0.49397175043733466,2.794935996139526,1.2768996877893315,6.558265921341984,10.9681787998866,IV,56.003140485634795,0,,,,0
21.9947393004268,89.17253972914405,Meghalaya,Ri Bhoi,1221.3732124886926,23.536343171438986,174.7681729383065,-0.6205351057168877,3.0476756450094733,75.86017342899189,3198.8320491056156,2483.923194852025,81.6934456668238,34.845738822623574,22.087995447067122,43.066265730309304,2.006781249072598,1.3946789377449944,39.22911489391067,dense_forest,0.49909136195439396,4.15372895589474,1.174172631446743,3.9022561693510567,23.690336061217334,IV,170.86721099992667,1,,,,0
25.730579657224638,90.20067512952257,Arunachal Pradesh,Lower Subansiri,2204.037216273223,29.558537428314697,79.49970901861988,-1.388338874933627,0.6921222462442312,87.03890844411828,3395.234541095639,2582.8091417852443,94.11711899059935,17.430284900396497,19.537242602265067,63.03247249733843,1.2837272314588501,1.0878751191268003,30.439204541427284,dense_forest,0.39721686940121237,1.842118760591739,0.543609205124055,1.2833245105157092,4.508708954702632,IV,183.66347748749266,0,,,,0
22.37781998600657,90.71217177476952,Arunachal Pradesh,West Kameng,2562.9406803800593,17.02530767075131,14.813292395674393,-1.5297493004378897,-0.9773661595684362,45.774937284699675,3022.636998544376,2359.9478033926594,64.28847377448938,19.16758808515204,24.07057936416381,56.76183255068416,3.129948478899069,1.2656836646768215,24.16272601116831,dense_forest,0.6868484902810983,7.384937766566196,0.5645395374980645,1.836755095045663,1.1878097838702355,V,363.3006089649547,0,,,,0
29.103206081822016,89.00053070630506,Tripura,Dhalai,1124.2981008142594,16.725272546536377,255.78252238189032,1.9686165735416672,-0.9456709604741348,38.03922876465019,3409.9951420709226,2390.37483461179,41.07240282260541,33.67435852283645,39.695033740257955,26.63060773690559,2.1692250902571124,1.1765451230281416,24.55773523708688,sparse_forest,0.569942833039943,1.1766153455508928,1.0599776454876073,3.145182559163504,0.715577663977563,IV,153.86606969708924,2,,,,0
24.982914367843897,92.85973894046276,Assam,Nagaon,454.13710543582107,26.312724482457853,176.13445855158892,-2.2160347092759864,-0.6750665317652623,106.67133113586283,4155.868732288017,2741.0983431542377,162.740176845902,22.479732619054396,51.67393109471292,25.846336286232678,0.7346641742158151,1.5776597945689828,47.49969304225267,dense_forest,0.8737232457105935,2.788030822111281,1.2789914698247198,1.0621337510920053,17.4388750260396,V,68.71909868178518,3,05/20/2008 12:00:00 AM,mining,medium,1
27.317935400806743,92.52670406979531,Mizoram,Lunglei,1791.3855368529414,12.928317178119809,87.30968371805817,0.6844782924548404,-1.2815408717104255,62.38075856607681,4004.8174278000215,2956.462635023692,63.498000398649104,30.4009183099533,59.220366903868864,10.378714786177838,2.2987498163210676,1.5474804769463095,27.006497770923755,sparse_forest,0.6483525948120465,2.6924842703803664,4.751490165975343,0.23452410487736292,15.697623394288795,V,33.993601537300805,1,,,,0
26.330560385458526,96.76088749030559,Mizoram,Aizawl,350.2294128146955,14.092648617740373,317.93885450545145,0.8795445811693319,-1.6811951201908972,63.16391231372234,3725.08895215582,2774.567364910165,31.47388154731663,23.58062091754593,31.032145570898255,45.38723351155582,3.7164865935386557,1.4495615780801507,28.52236374356225,dense_forest,0.3112913947136994,0.7353143151448343,1.0295008953316207,0.6125742352534177,3.6698308650865554,V,110.6316409333735,2,,,,0
25.84179769761065,94.16603377190778,Nagaland,Tuensang,862.8296416168733,32.00337023585264,264.11233511217335,-2.376184145784459,-0.4816853319478156,128.859781288682,6287.503653548078,5304.166771311451,97.81728668999304,30.01516932731331,42.9084589595983,27.076371713088385,0.7657879292347306,1.2580382410441837,48.85690919512696,sparse_forest,0.36213099058383075,0.5479401073201989,1.7947060622974966,14.081902301007327,12.857732360949882,V,26.153822127371807,5,10/05/2013 11:00:00 PM,continuous_rain,medium,1
21.535477452429667,89.08400454566319,Nagaland,Kohima,493.9445002428369,14.003788544824065,75.6125441348636,2.2700584708032383,3.754318297262849,58.10024856372099,3544.404945049313,2422.5611164108705,42.7202294243837,18.82024447466343,47.139643100670625,34.04011242466595,1.605201776751165,1.2250873279042978,36.006306163103595,bare_grassland,0.6896503192077243,1.6140282232410756,0.291700881156097,0.41262858115489776,13.2094572712501,IV,212.88113725166687,0,,,,0
23.28187258405353,89.39335354662235,Manipur,Tamenglong,1034.7631168390535,5.990557966111975,327.5282121390738,2.110149028015654,-1.232876738964979,3.538941284222817,2498.285202363386,1777.5137167832913,35.80854485592245,21.649124469150486,34.29177978975296,44.05909574109656,2.497156743173329,1.5514821292464405,34.80668080058201,dense_forest,0.431196584588771,3.5098196557080064,1.5940937039551226,0.5413887851968537,38.051613442381694,V,141.14087848813475,2,,,,0
25.50788392805187,92.07830457342598,Meghalaya,East Khasi Hills,108.07931221824181,41.91302196750942,289.15022211096027,1.1539360173069313,1.6003069101948837,147.63115444117662,4995.924518323268,3459.320060801984,94.27622853265788,34.93560838466596,46.20194951429434,18.862442101039704,2.8359930838379506,1.2627049216687898,44.79700270454725,dense_forest,0.3610970954884024,2.9709672657490565,0.9292757200323196,0.4414315665390848,0.6021221221173083,V,42.421590419558946,5,06/13/2012 12:00:00 AM,downpour,medium,1
25.344003426644075,92.25550182054074,Meghalaya,Jaintia Hills,563.3498009380439,38.45719074144192,320.1122309925911,0.49124364797385073,-0.7571840835295277,163.0804059763581,4014.580628720892,3028.559524683619,98.57149213961847,34.69890468737743,29.070592567876716,36.23050274474586,2.6389048791441305,1.1781347636574673,48.41541694720812,bare_grassland,0.5983005768847904,0.01,0.5851496879876676,1.3184212739424914,2.3369953595601283,IV,726.0232319266088,5,05/11/2010 09:00:00 AM,downpour,medium,1
27.469272334526636,88.73645760081091,Arunachal Pradesh,Tawang,1989.8786314918896,21.883432521169468,254.21726711408658,-1.2406867965847332,1.1030958184312414,102.368375183408,2762.3401114987546,1831.3418187150203,51.01790736271974,20.65790455557229,28.34706238730421,50.99503305712351,1.4733524256343566,1.2742016887739336,43.03513565250994,dense_forest,0.7954305272426953,0.363147751530125,0.5089211400140615,4.239935304202848,9.362045930527891,V,65.51904388108903,1,,,,0
23.150689478497174,95.57479997225256,Assam,Nagaon,1657.498796982248,19.1715794505938,210.1807381130735,-2.532136160413622,-0.7417396071987372,69.88221287399378,4697.651785645086,3750.5394486159717,84.1809891458115,39.95115963801761,37.40541127723831,22.643429084744085,3.25326416718941,1.1903041829242145,29.972975915544986,dense_forest,0.8639255713732487,6.750929858607598,0.13821531630590464,1.3438794634346545,9.383034629267305,V,94.42082398074507,1,,,,0
27.910592538634894,90.98466899628806,Manipur,Tamenglong,1315.4126351630898,18.889964790280416,167.96877924746423,-1.0488656107496985,1.3556594804849293,61.51724819811301,3780.0706568611045,2685.1452363407348,70.86344391862039,41.21673201533726,54.01261935464467,5.0,1.2180043172493458,1.2912442394758927,28.929063700870024,built_up,0.6829394290711448,0.9027725945285199,1.8646144544294945,2.2113282374459438,0.11928697900440846,IV,88.07937458883737,0,,,,0
26.002301274579693,96.18631268358013,Assam,Kamrup,576.37403208354,16.63441661136528,114.02024805237097,1.7665702447871183,-0.3242900360809789,59.47172640331765,2324.456613829581,1938.035484133883,56.0393548438231,31.58058576690055,29.32285109783504,39.096563135264404,2.9652860113636605,1.1883927553564493,44.54185925414683,bare_grassland,0.7303810824943077,2.123892562813192,0.7997113294015086,0.8061422784609363,1.9956395067782424,V,102.80353168922417,0,,,,0
23.703527234575173,92.73974469427708,Mizoram,Aizawl,2087.982309465223,27.56477898945859,351.1967064552694,-0.05212264409380907,0.894451432088514,87.63022547696316,3980.636120791558,3111.0112037501353,91.06574702801848,45.51517300717793,40.734507651020984,13.750319341801088,1.281794136429438,1.2557520928442316,44.60544775180497,sparse_forest,0.32742566473980506,0.19931979964408916,0.5622075363532654,1.077537814502367,2.1407455470113392,IV,44.79187240332204,4,08/27/2015 12:00:00 AM,downpour,medium,1
26.180805621859736,91.73884360309614,Assam,Karbi Anglong,3181.008965620246,42.11424301096429,330.4942983066339,2.4506266588424195,-0.08489670633485999,146.75848860317961,2714.465792625663,1937.0682144896489,92.10103985990989,25.305804280048832,46.36456593397888,28.329629785972287,0.709625371203159,1.009006377551291,29.831229154002827,cropland,0.45938955750536536,4.460088946528366,0.5219378534009759,1.7570127108848765,12.878659066808565,V,109.78238698736556,2,06/28/2014 09:00:00 AM,rain,medium,1
23.77201935378135,92.72596398754953,Mizoram,Aizawl,1079.8862904873836,13.111131178554782,151.16147988658798,1.14291694810877,1.629493406897927,46.632381624318555,3002.6852952983263,2147.1124737132313,125.78247673902592,45.72820557711764,24.719355298599886,29.552439124282472,0.2702995990848518,1.263231740276853,42.51560788266659,cropland,0.4448931333122178,0.7120567086821211,0.08701218368151613,0.495776138751126,21.380975007098336,V,14.129813820583319,4,09/14/2015 03:10:00 AM,downpour,large,1
28.73095521197997,89.12103828944987,Meghalaya,West Garo Hills,1041.2196209897465,2.4881560967378658,240.7668206850664,-1.9274387443277452,0.6313956004883329,0.0,2809.52754213864,2049.343884762854,64.44960109418125,35.75869613336938,38.19582692016108,26.04547694646955,0.7121633962965829,1.2686360741177414,39.00090914866895,cropland,0.3173129417990669,2.9445498447245724,1.4828837744635974,3.6193849618669476,13.644646528672109,V,72.76479365800037,3,,,,0
26.30252614928542,91.24128887741394,Assam,Sonitpur,494.5838278991456,37.34801668888126,0.5592558179823426,-2.174123851442614,-2.0750437570861786,159.6226462552027,4936.434739950584,3557.9883661428044,91.37277161893878,27.96179610875892,26.916795291893557,45.121408599347525,0.2611646020415641,1.459591892494992,36.003772169172755,sparse_forest,0.6933252958514122,5.896162807357606,0.3810888494136762,1.3559145672608077,7.13224990149834,IV,72.95743564077515,2,10/29/2008 12:00:00 AM,downpour,medium,1
28.013050373476418,89.73979575730213,Meghalaya,Jaintia Hills,1138.442466497654,21.53494069885827,354.4790680707772,-0.3611548556458539,0.8631363914146302,73.76930086917818,2556.8065870983714,1821.9151602925701,87.36110383127526,24.19703492816695,55.594916025738655,20.208049046094402,3.717913349411764,1.0473492661125312,39.27868520530542,dense_forest,0.19790240572942236,2.8042272334632212,1.145042747099289,1.9953042786134447,15.304728082433762,IV,237.7246660112509,2,,,,0
26.18368881880067,91.75948404118957,Assam,Cachar,580.2109707488657,19.581708972581282,146.36996718203892,4.215254827047459,-3.263049748994778,69.34018962505723,4603.040000122894,3188.500149015463,80.2343577295124,22.270717508866976,49.09345812167794,28.63582436945508,6.819605370926336,1.3007456546768679,28.817744060624925,built_up,0.3017358555301734,1.2575891919018647,0.6727197102655134,1.4450817587384692,0.11774189931856693,V,519.6775834640764,3,10/06/2013 12:00:00 AM,downpour,medium,1
28.54082615030437,93.03378699686861,Arunachal Pradesh,Changlang,232.69348979158394,13.972765330454395,215.45343407287848,1.2672728938417117,0.15051640193094143,21.941146984233757,2153.5183174263398,1623.649500984656,48.51050422594663,25.317178457002182,42.992848082095456,31.68997346090236,2.790719328472775,1.1387319029618885,29.640198599851992,dense_forest,0.5667423283235118,2.5565405596875213,0.17969759188920087,0.8348720905653273,0.05,IV,256.49660349321005,1,,,,0
26.528613248118575,88.40671307470821,Mizoram,Champhai,1354.6756249832451,22.84608542269192,101.64783776540061,-1.4526466603707056,1.008752218603742,88.62211243646172,5625.968881500611,3922.7366459599452,41.785969991337666,26.844645936527762,20.92339861665713,52.2319554468151,0.8687752483399706,1.4436219717898995,36.63290561794148,dense_forest,0.15669024871904008,1.796936235887402,0.36998265911537365,0.9474777885082104,17.794660695631492,V,514.422734184829,1,,,,0
22.348945834973875,91.52283389063518,Manipur,Imphal West,522.5118496429068,17.047508081505644,237.10006604074414,-3.0692366796723523,1.686304510274989,76.24237857380236,4038.008591812905,2896.40302380037,62.88656560066564,24.91224758171533,34.202085644906724,40.88566677337794,3.570295342549359,1.5212366004749927,23.290562292939704,sparse_forest,0.7124282759614153,1.607941197173562,0.12631201470496867,9.345473659788574,12.304253187611964,V,200.07350846754088,0,,,,0
25.248188085376558,94.08027033541325,Nagaland,Wokha,2956.5633106610385,9.048195630144706,303.31743874622305,3.741875340160025,1.2881052335870713,36.254224152687875,2941.253129792075,1931.8550636794735,143.50534446314288,24.199474216926156,33.11259607850513,42.687929704568724,3.9992285421461284,1.2212329916795186,39.18835981079847,sparse_forest,0.3598001711177,1.317802121377337,3.8250230083182206,1.7160963731313903,7.994922521179207,IV,91.99502726302158,7,10/08/2010 12:00:00 AM,downpour,medium,1
28.442344052298203,95.63512696435421,Tripura,South Tripura,730.7899003640471,13.866281844139273,211.37395000860073,-3.1415523356854393,0.413214557572947,41.59617692678584,4175.034795846957,3072.5292723095063,24.940839131306777,33.5833636758449,45.45319784258359,20.9634384815715,1.57144617090529,1.248088537241618,38.183334039773165,dense_forest,0.5196651185356032,0.1851814342068937,1.4059447808673298,1.9864007808970527,4.461776662709444,IV,434.4865098081524,1,,,,0
22.746070534183342,96.75335396326946,Assam,Kamrup,341.35502621681803,21.069363566835683,129.90956773582442,2.1460053531701,0.6429652444536832,75.21194039750914,2529.2423483040075,1713.7678013168893,62.59732852234476,32.67904674444859,34.66660797536463,32.65434528018679,2.957048127958189,1.2044781492654282,13.103804022301585,bare_grassland,0.5432800631369491,9.249084347268731,1.4628600393355375,1.085928678588392,7.326863806889174,IV,51.20848839369665,0,,,,0
25.909262748105704,91.36309652294075,Assam,Cachar,1421.299137365699,37.055938299204335,296.7711269558744,-0.19238464782039,1.296522571427,125.20063970207389,2633.204431347696,1994.7735718495735,101.5759618834021,17.44082304845471,34.019034993253676,48.540141958291606,0.8447661418438117,1.199035942042619,32.5020536151524,dense_forest,0.7175060836867535,1.3887689983448468,1.217304746881617,0.8274914784932468,11.305110490724923,V,167.1440395559051,4,07/07/2016 12:00:00 AM,continuous_rain,medium,1
28.18741147845698,96.99792086701355,Mizoram,Aizawl,1041.9030497140227,11.145214582718602,229.93401609560752,2.1940333556380414,-0.06852761251384483,41.287798642546434,2197.3648547284515,1511.238485730007,30.363657464770444,35.632343140212555,44.19719824513561,20.170458614651835,0.8312085964260381,1.3517955552804173,28.717600131746202,sparse_forest,0.5816933065116229,0.16464830913609718,1.5798342693629674,0.6987192370920093,1.3192843003738932,V,428.92599682068624,0,,,,0
25.39386349683158,94.6898474819274,Manipur,Imphal West,555.6528405632482,42.73818463401227,346.3182735649698,1.3215047602433625,2.0892965816143714,118.57212318776973,4320.579980951254,3576.7111176172652,99.19279987302585,29.85639117948446,20.75155417562091,49.39205464489463,1.446941548528496,1.263124494353847,48.999399126855515,built_up,0.4385071211664139,0.682964622299306,0.7104491333500021,1.6567894669770333,5.347499649630343,V,269.46002971027116,4,10/13/2013 07:30:00 PM,downpour,medium,1
25.749808334450982,94.63245391562273,Nagaland,Mokokchung,679.1080828704221,25.150255762841205,102.00343444978324,0.42617028624810893,1.2601306586103045,76.4798396586555,3159.8481398761483,2657.1097361789352,168.9211502840015,42.38541447394543,27.586292442694823,30.028293083359745,2.23305748519147,1.1930776978111899,43.39579685216352,cropland,0.26113071821647355,0.8155622165955414,0.30037794307102667,1.9225571067181448,5.6472399854176265,V,168.11399404152598,1,08/02/2015 12:00:00 AM,continuous_rain,medium,1
28.19120325698598,92.26510807517603,Assam,Nagaon,1589.2105209550818,27.008910381974967,202.19029724126318,-0.14727413993372748,0.1950152010531126,122.48133803439158,3292.7800629356448,2446.188904541852,44.28291244764624,40.17043111112178,16.590681518187857,43.238887370690364,1.829429759147322,1.5015927517231638,15.544111715358458,dense_forest,0.66498974887917,3.7998034238632235,1.0194034957837048,3.472143104592411,1.52786496665243,IV,97.7267354142435,2,,,,0
25.057923497184824,96.59089212909642,Arunachal Pradesh,Lower Subansiri,325.50566515228985,8.595567078981897,282.13403169003374,1.3901847000292629,0.2443948570773114,21.66554350928801,5507.312694296799,3692.122164102237,76.42723812909333,28.986104281284366,26.986836039439368,44.02705967927626,1.340868459958385,1.257673702589804,40.91471308938515,sparse_forest,0.5010698953129327,2.3986315145201327,0.18774732751006418,0.5540147613507466,10.785799505252939,V,156.89963163297043,0,,,,0
29.24347165879793,97.29856133355028,Assam,Nagaon,647.2570624946836,17.187430524401844,156.58041251821507,0.7733113010478139,0.2766309257883196,62.97602460801198,2831.915319921618,1883.9933823754097,83.75236427931898,28.694309747888205,36.054557424924916,35.25113282718687,2.9575344568983546,1.0899417784709542,35.203020880859555,dense_forest,0.5181471328171664,0.6750194257732494,0.34340469558747944,0.698108623561498,14.611799352746761,IV,112.94728616808854,0,,,,0
27.020115780008727,89.69300942827599,Sikkim,South Sikkim,200.4259901599383,6.502340701582995,284.19118745383105,2.3228953153732737,2.0792365608372947,41.6519358796736,2201.474125933712,1614.4394656526008,85.11791166102923,34.209153799998774,32.343533510162175,33.44731268983905,1.058909196110487,1.3063569156386732,24.269613337359594,dense_forest,0.5860567360959975,8.862825470585157,0.3587798668391189,2.4272537833982772,13.104619269402681,V,113.54096744557295,0,,,,0
28.072970026883496,90.51174530630281,Assam,Sonitpur,3322.6736499146036,24.683365763731985,70.07909399688718,-1.2416481470376743,-3.382557022233908,73.15731610653873,4121.2057038027015,2806.9720516926964,126.56008299781627,27.31853680342262,46.901569603391046,25.779893593186337,3.1340945994831695,1.2722139065669849,37.29102531330878,cropland,0.6115361991836723,0.4627782361085801,1.028361021476887,2.4858747751528405,2.171773253732257,V,115.04252154748704,1,,,,0
26.151904684115088,89.33847878171306,Arunachal Pradesh,Papum Pare,520.4427999893062,20.70574397412991,295.6636469199711,0.4103448420282963,-0.09555243830446891,69.06438371598998,2712.3298316341934,2118.089897729282,103.38918252005098,28.254084291588352,27.197166606032063,44.54874910237958,4.647280179886512,1.4562055202150377,32.61623006999266,built_up,0.6104516848338166,9.244983495273818,0.3337194744583396,7.365550887488531,4.814976395810732,V,335.26706799823836,1,,,,0
25.722119963099992,94.06200504231782,Nagaland,Tuensang,1434.2791561620177,28.885717422193366,356.4336584066883,-2.4132187347956515,-0.42619939841620047,103.67657731430157,3617.931910176647,2550.5971389769225,81.79029162885276,28.746241213690894,20.643184388227215,50.610574398081894,1.697110339408092,1.1581251162028667,34.81890521624339,built_up,0.5752034175023042,10.224067607029893,0.32986135713959763,0.19628739989297425,5.697660701866495,IV,348.654729104822,5,10/16/2007 12:00:00 AM,rain,large,1
25.081373050964665,94.34821701395283,Manipur,Tamenglong,244.99617580852626,47.95891254919539,145.9799932746824,-0.8944841174652002,0.1985851122290767,158.80323424926837,3322.8981561993855,2810.75673841126,110.41649635083847,20.648046328861234,34.22762422337468,45.12432944776409,0.6358573318837113,1.3079174072551698,40.79803088168338,sparse_forest,0.21725262084627578,1.6289989282890251,2.232646035321771,0.7228782412056839,0.05,V,340.5280377214529,3,07/31/2015 11:00:00 PM,continuous_rain,medium,1
23.885273933228415,95.63443791423646,Arunachal Pradesh,Papum Pare,3631.8046826332256,10.192401397387393,47.294668880105625,-0.1591539390596831,-1.057046015027209,46.597770337458456,2252.026532564897,1875.129515437609,57.50522522445134,15.532706361456702,27.715690508319305,56.75160313022399,2.3463153145044666,1.2807637959088278,34.85254411351967,dense_forest,0.5969876675252767,0.36780691323676773,2.104942947119596,0.3169026162912056,20.501247803793454,V,112.59013622645884,0,,,,0
21.83072543824732,92.26931414515465,Nagaland,Dimapur,1343.4442525742854,21.970059248976085,112.16747703998881,-3.525484002011973,-4.265007482457677,88.85051554977545,3476.671667886834,2806.7042404385606,63.696529927490886,35.32391491597051,30.526896543538204,34.149188540491295,0.2,1.4664420704626377,17.789626168192413,bare_grassland,0.8771990480341334,0.3087475979114729,0.09874603878504387,0.6775790758971956,7.479807572008072,V,18.566045884684076,2,,,,0
24.488515966654948,92.73374166945283,Assam,Nagaon,66.46068586154936,43.000369244828605,1.663773604159915,-3.6373626349096826,-1.9175903001791068,168.01107589421795,2912.4864505126,2280.622963616589,67.27907143255607,33.03263867469105,11.614467054824617,55.35289427048434,2.44126999917092,1.197762471123897,30.3110230047216,sparse_forest,0.24089126485846032,0.662434045268812,0.5990606107379224,7.576239112313931,0.05,V,82.13972215192258,2,05/18/2016 08:00:00 AM,continuous_rain,unknown,1
24.314770534832753,94.13856168892332,Manipur,Churachandpur,1015.1747065372417,37.55581712638947,151.03001692192277,-3.8443648279057507,-1.8471675697223224,85.91450433381073,3374.61045621192,2472.662195765796,93.50754472021542,38.802179787075914,35.31509028894712,25.882729923976967,1.139096459838374,1.2798254235899527,39.533610271451856,dense_forest,0.46918635371362416,0.4546690754941336,1.4845540580585144,0.161277733458092,5.644874070230918,IV,79.49719098141054,4,08/01/2015 12:00:00 AM,unknown,medium,1
24.446430500820966,92.77416187245885,Assam,Kamrup,767.5320398630622,36.31952755775379,200.81416178771536,0.5946017989405166,1.670827553455902,110.45025623387401,4115.219274957843,3279.987748245971,190.64742102894598,29.02377580845546,23.034489430236043,47.94173476130849,1.29618529746301,1.424905616304935,29.378254529837747,dense_forest,0.4276011938237841,2.5829702484151245,0.7104630376472056,0.21955383479116847,4.28454256245317,V,52.92296497963214,3,05/18/2016 08:00:00 AM,continuous_rain,unknown,1
27.722327368059084,94.98094475873324,Meghalaya,Jaintia Hills,815.0583139577307,0.0,104.56738089187091,-0.35349599415311717,0.6585582054447512,8.10511647067713,4682.599089193206,3654.259170938747,35.62280486358623,25.641053576219022,17.06873159955479,57.29021482422618,3.276850387626486,1.3182864613664218,32.15236048188857,sparse_forest,0.40945108756284243,0.36158495824106923,0.820831467114429,3.874343021544538,1.3903494454470606,IV,240.08362394941503,3,,,,0
27.68180805838974,88.78962782763554,Nagaland,Mokokchung,1171.6076548969002,0.0,194.66226531660573,-0.5723794689084328,1.2635399516429584,0.0,2349.5328278440193,1870.3543995829675,64.54822368551919,33.73935184225013,28.976227151333738,37.28442100641613,3.228879218606191,0.9679860245386314,41.83019874895864,dense_forest,0.33371594528781545,1.8475909634590884,1.2735201750513163,6.06139088079571,7.388330841316056,IV,273.4163824100394,3,,,,0
23.211929461478665,88.7455891138815,Sikkim,South Sikkim,1027.9890887731158,23.609553255929,47.00573657798847,0.015756559586402662,0.04697909819413375,111.5444479969894,2457.0756955644674,1906.0483448048606,60.03460271236221,32.65807423187082,20.25763367545017,47.08429209267902,5.099404218654124,1.3908778352457094,36.80276622161843,dense_forest,0.6223723298873436,3.676219676187845,0.5200221919818178,2.335207298470522,1.5858995745707472,V,64.77376728717013,2,,,,0
25.029298886491514,96.4903940552626,Tripura,Dhalai,1079.1142355150182,32.379883809462676,8.265995301342851,-0.5302554974296944,1.534117653341638,79.20434141428031,3110.587348802715,2535.0286971276905,50.425599781316585,31.976487850607608,33.81025422219921,34.213257927193176,2.733543549201667,1.2417504568949187,29.66326093776538,bare_grassland,0.507545534250229,0.5288148013990571,0.40383819890555683,1.126636523596237,11.185851886060048,V,69.30255476674591,0,,,,0
25.68891129635987,94.1550891741244,Nagaland,Kohima,1382.6369332376667,35.80506843832454,324.50462748607805,-1.637206485284082,2.71839441615003,104.07490993214796,3119.037193717973,2252.295637136462,100.74673194378039,23.867165711714094,30.635277800505538,45.49755648778037,1.6673069039262385,1.1606895016326984,53.90131458247309,dense_forest,0.4039917070980915,5.4871430804308305,0.5435418550671051,9.458355324861659,0.3761909372042926,V,168.37313583381555,3,10/10/2010 06:00:00 AM,downpour,medium,1
27.454256980003013,96.66285051236441,Arunachal Pradesh,Lower Subansiri,2077.9297409836718,20.38490635484033,119.22398669349998,3.5593843838426533,-0.1869658539240794,59.89218278900672,3197.640499837291,2198.1782287437945,99.97151238786513,50.8832864784541,26.596213015416502,22.520500506129395,2.4105153741015624,1.1436499714191943,32.99360105761549,cropland,0.67662419193173,0.9570087590843364,0.21639430819810457,1.102327562956602,8.501553915770115,V,166.2345114921955,0,,,,0
26.017245793664266,94.54193936245694,Nagaland,Mokokchung,580.7797320772485,24.58687964457106,242.88840952137912,-1.2899768589807383,0.1013088714474315,66.56279464891104,2895.7537628048594,2432.5584055005043,67.06744026846822,30.509272510183788,23.145540868641742,46.34518662117446,2.456686467783624,1.2917036374914737,37.6665198069227,cropland,0.48519782932019123,0.43207448731114084,1.1198724597670084,3.0247473520698804,0.05,V,159.2801525235701,3,07/06/2010 12:00:00 AM,monsoon,medium,1
25.472907889181844,92.19022955407695,Meghalaya,Ri Bhoi,2019.1329642075377,19.44891490776024,72.34858972654386,-1.1952005313910103,0.6213054222657013,61.93653694933761,2909.0466974978854,2324.2614650966275,69.72967748217991,23.366361555369124,34.20148568786409,42.43215275676678,1.0167389211963782,1.4398638023209587,45.88249162125518,sparse_forest,0.383188671775389,1.5789562116480884,2.1069503376352077,0.9463896961602767,6.864276548506812,IV,168.0894322279524,6,06/13/2015 12:00:00 AM,continuous_rain,medium,1
22.831958402060604,90.75243094295526,Assam,Nagaon,1455.9118152989588,29.133500605583837,57.36074206180596,-0.32853959404922517,-2.8555765104322646,113.56936209889793,5146.012806115103,3598.1384803172928,98.98880654594042,40.03550135570879,29.421960320238405,30.542538324052806,1.840805858750861,1.259970851484639,38.41926588098361,dense_forest,0.6540374905807257,2.7453718205191757,0.9089960461764083,1.6733448735562475,15.810744437642095,V,368.6385708060036,1,,,,0
22.380408967380514,97.10438925522628,Meghalaya,Jaintia Hills,411.269739768209,18.64354873031616,286.6341837171098,3.433346668616915,1.1766170125182664,54.62130395720919,3635.141924539761,2958.482275773956,39.730929525287124,41.62387227122588,32.31515832915064,26.06096939962348,1.1622124615991822,1.162915367468609,30.194918003924165,cropland,0.3388954327580074,1.1106715128861135,0.42990945562236704,1.136464696786603,2.711337567882153,V,192.6641183914161,3,,,,0
24.999555715915093,93.52238428663712,Assam,Kamrup,2090.9163617902623,20.010520161499343,213.00628129434043,1.238775192071596,-2.0221634667001567,91.28932207135081,1832.1450405274818,1324.2348501644683,117.39327965504458,33.965484286995384,28.12362718270085,37.91088853030377,0.6117330599170139,1.2092044278455782,21.669865330631744,bare_grassland,0.12986868536816693,0.285039100266485,0.8790304669967846,1.967836360387858,3.5329783835723543,V,63.58663932153259,6,05/12/2013 12:00:00 AM,rain,medium,1
26.502039232258216,97.10064446497462,Tripura,West Tripura,550.1599541163439,29.823686738014484,279.87723135727293,0.8985863624508029,-2.4628221351752657,126.5939185488224,2943.488078436102,2208.673447346948,75.18895761118938,23.0202915049914,28.80828265195304,48.17142584305556,2.3266468064144052,1.3377259879713788,36.58999612870119,dense_forest,0.7512598899265364,1.3701993837116655,0.2897918614904854,0.9236007753728909,2.6347660679315346,V,380.38840598071624,0,,,,0
27.427829981003047,89.49281033541587,Sikkim,North Sikkim,676.9334842688115,18.769881741025504,84.07399482616083,-1.3558200799746518,3.615966566246664,67.29770022563149,3570.6687429076865,2498.706443598621,54.09579778496137,24.896806694342448,8.034282131175338,67.06891117448222,1.3649463515004125,1.3721317482309632,40.351981872397104,sparse_forest,0.7415724582752825,8.03154694203481,0.09730941961298498,1.898217153212571,16.665914630784915,IV,252.32931951692768,0,,,,0
28.459073612667893,97.38127201378946,Arunachal Pradesh,Papum Pare,1862.6237473524973,30.030510817031477,41.630948475109996,3.241500220333481,1.4091805137256197,111.26322258577336,2599.2958535810494,2067.7307189106846,50.74324350802122,43.260931985399054,47.5112091450264,9.227858869574547,1.0578474821518058,1.127501326730819,29.06844299867665,dense_forest,0.7019419456622623,4.750196050448882,0.8236835642246207,0.4150294475878424,4.290399691025305,V,268.1714461133592,1,,,,0
25.05346659834417,93.48812787343182,Assam,Karbi Anglong,558.475061483351,29.300514358444875,329.4663531700679,-2.2308675185042763,-0.3920015436102666,109.10689630748172,4294.677377337657,3187.221372555263,73.0415467209818,42.48024404313938,41.5824872145958,15.93726874226482,1.4263616100207683,1.3502250812099386,39.97306858337727,dense_forest,0.2825693059969104,0.12252952219610005,1.8061366501061253,1.5372368251463966,5.396313223570347,IV,135.86536747377966,3,07/29/2010 12:00:00 AM,downpour,medium,1
25.477134258563716,94.09815261792268,Nagaland,Wokha,925.3987079244123,20.5771131599827,144.5482249669773,1.7725208527746328,1.9307089434478546,61.440391574591196,3451.6863121770243,2710.8828175109848,157.29198507471918,15.670235608313344,33.269566697967946,51.060197693718706,0.28532281594122594,1.3046135893615076,46.565695556346206,cropland,0.30564198720845537,0.9184962542565599,0.9245656067209136,1.6665750237160968,4.706284357105488,V,60.657264735892454,4,10/09/2010 12:00:00 AM,downpour,medium,1
27.279718691461568,88.39276872403647,Assam,Cachar,392.56076088167424,15.758147158807853,135.12255755503713,-0.08378677872714053,0.3052408879152667,42.99537780524568,3660.5269016623774,2758.8514303835605,73.01304790451695,40.53381951948695,31.33242443133313,28.133756049179922,2.121598828354967,1.228759759186277,36.42795311015057,built_up,0.5264208981219164,0.06683135979379545,1.7473686316784336,1.8826377085246033,4.211658557014972,IV,88.7518990094059,1,,,,0
25.9226814016235,91.1009672999085,Mizoram,Aizawl,1100.7608910785702,17.61968384599059,347.4228360754971,-2.0693921377392552,-1.2636588752172973,63.02630908513685,3126.8015344660034,2391.205113028015,73.66022197468718,18.896081016559293,43.76296657800525,37.34095240543546,5.9876268872608795,1.4024495670815602,22.54951150639007,dense_forest,0.7240208103861424,10.13764892802892,0.44456344588124824,2.2085003324325396,7.212128158502456,V,447.0032180593752,3,,,,0
24.853791437145567,92.60056344175824,Manipur,Imphal East,1786.2842739189712,12.492982684845348,222.55279661797337,2.0548216526661576,0.33397964201418834,46.51905754177763,3000.41983309452,2068.884930074309,124.46360914031307,27.851539843342305,47.21122579719562,24.937234359462074,2.3793245532828946,1.252903806141407,29.05243261312698,bare_grassland,0.4164656001961612,4.756069687506338,0.9524507148281679,2.1980454237898135,3.68720146906504,V,19.05912226963993,2,,,,0
29.42624468986643,95.06584807460062,Sikkim,North Sikkim,2775.0538731141037,23.55601156021634,251.9571117440909,-2.9463989095201364,1.9543659590969678,92.65505536863483,4230.542378390932,2931.1549931317686,28.272065566258796,27.201718286419734,45.09379646192882,27.704485251651448,1.1095246456360917,1.2237939604593135,28.65288172819012,sparse_forest,0.4742626290494512,2.242130485644319,0.6244801163069417,3.605411333782537,0.4946596778157914,IV,150.51889311930873,5,,,,0
26.71341618680081,94.75193794134644,Tripura,West Tripura,2008.2510899873162,32.10428527060601,51.36013454016247,3.2548418457104566,-1.3696250590961523,92.89839258841386,3054.6773474868087,2406.9481568561505,44.23940379079892,41.21082139136141,34.56086310022003,24.22831550841856,2.025858265734082,1.4365101282928416,22.086424594095423,bare_grassland,0.4885469840736209,4.1516710383892494,0.537848513789409,0.08866208683961362,3.168739362489064,V,36.14535301726306,0,,,,0
22.518375115882108,92.85336657025907,Mizoram,Aizawl,1243.773576104682,18.485090740129813,46.43830655120769,-0.5033224588017668,-1.6556874204097316,62.0458346513186,4465.812485446074,2962.5251806031297,78.56869100637508,34.30913579844334,37.5463975470242,28.14446665453245,1.5957922869880075,1.3119187086508797,41.27530648916656,cropland,0.6339534534462996,0.783077781890651,0.4394334293189135,0.160453482898643,16.6736262506176,IV,306.9914938599721,3,07/30/2007 12:00:00 AM,downpour,medium,1
24.812231078962984,94.94943544397498,Assam,Kamrup,1385.4670375016385,21.34015686908725,181.51247383837594,-0.39499706362523435,1.0514434438884437,60.26462885862395,3302.8465917611866,2623.174127379631,59.687240712819616,20.421939906290245,44.96224638006125,34.6158137136485,1.588388325014004,1.2278050090294668,48.054099106829604,sparse_forest,0.49441889403313266,1.3656822747473865,0.32966744611115845,0.6058089529034745,17.338476612963653,V,147.87496533514485,0,,,,0
21.66419445443554,92.45576846791955,Arunachal Pradesh,West Kameng,1373.3486080287182,0.0,180.76128673592936,2.398471897897085,-1.3193656050801188,15.817445969090054,2740.259630826029,2120.6486238351436,57.69477528591257,27.790744246885268,38.57434154523582,33.634914207878914,2.5626932054225495,1.2665297458584557,39.91488176833177,dense_forest,0.563474660920774,0.992698684722225,0.6920493364355027,7.297551274355683,13.968379299318794,V,340.43577903605535,1,,,,0
24.86443103691469,94.35218440342923,Manipur,Tamenglong,760.9089837987567,11.13618352968759,317.49719538960625,-1.6292561087487565,-3.0324878368472907,42.22519667503928,3744.0524078745893,3058.7648340346354,96.44547451820526,39.690060122044606,30.29009946241864,30.019840415536752,6.16970961851337,1.159358190605744,51.385897430691394,sparse_forest,0.18216438175038807,1.2711018531126497,1.3608028187871484,2.1843725250478427,4.573624577115873,IV,292.45571082128237,5,07/31/2015 09:00:00 AM,continuous_rain,medium,1
27.86839340522321,92.73065479856626,Assam,Sonitpur,1396.0142823004928,18.188190546891732,226.6479797853977,-2.295795283523706,-0.5570912363875484,42.100223305796014,5242.0664829204825,3825.5201979852977,67.51879462694907,28.17994530599288,44.11079378176876,27.709260912238364,2.8054708836160436,1.0615118520689713,25.330040903099153,dense_forest,0.6452116100542484,1.1972627872108494,3.0496538300278058,4.266101234847425,1.5629603142387691,V,154.06379805879607,2,,,,0
28.38861696445035,97.44428780178994,Nagaland,Kohima,2296.401953943641,34.75988586271231,25.295472715966056,1.1108360838677886,-0.9387011065040812,98.51890411941139,4663.66564661988,3834.2730381704937,68.58419100507375,31.56165520284956,41.41320696777977,27.025137829370664,3.3851354983084736,1.1259019893030653,32.2964526690552,bare_grassland,0.2496099381611082,6.263048531603711,0.21628394993445374,2.212194242506876,4.449966207954046,IV,181.3570385590805,0,,,,0
24.41846613967848,94.09364829592467,Manipur,Imphal West,469.04417696028975,50.108093554660215,175.29640865245105,0.5489762187495186,-0.5835648982796058,214.32105503184198,4678.1814459441375,3675.859733323506,51.77399233071577,19.958686336365467,28.572556389352123,51.4687572742824,1.9162924642448873,1.580450163697678,34.519161905168474,cropland,0.4542023283214294,0.08195903421494448,0.05,0.9882995307569831,10.3371821753626,IV,87.41380028432609,1,08/01/2015 12:00:00 AM,continuous_rain,medium,1
22.812223491546163,90.52569683356312,Sikkim,North Sikkim,1828.4753070429435,29.450972695206108,282.913017867093,-0.15410587424150576,0.6120827254348635,124.66186869203007,2655.227696733395,2073.302472971193,109.88295805539292,33.68022107346644,48.22292603131644,18.09685289521712,1.2777531987539985,1.3500534717832708,33.19472375529129,bare_grassland,0.4239726286226906,10.438744897874894,0.17757183380293357,0.5895094919389631,1.1786448514510561,IV,53.19740728092491,1,,,,0
24.812136019115755,94.0964909138316,Tripura,Gomati,975.0306266616454,11.668333216708888,13.562974154723326,-0.017680941231182364,-1.3455165361496304,56.96356603530905,2805.835360161222,2198.1661138510826,64.94360958981181,27.423577910941468,30.66774653734418,41.908675551714346,1.023005434494958,1.2857617845850837,36.88272252211328,cropland,0.43997445487820996,1.9707708181858865,1.410192305331785,7.7666836823245555,10.483773736495587,V,311.364865813603,1,,,,0
25.630217319115943,94.1155233348719,Nagaland,Tuensang,854.1124817753273,11.708503736368545,232.25162641887846,1.012166512500691,-0.8867345069684577,37.37736973075081,3726.5313007715904,2461.415423386107,145.96453453936158,35.832052253021246,21.451203799012767,42.71674394796599,3.2501821882772783,1.6163429008660835,19.131869827818942,bare_grassland,0.5843449556593757,0.921571493985889,0.7708664959771527,2.9521773033328613,16.41046529003813,V,113.6806964930415,4,07/11/2011 09:00:00 AM,downpour,medium,1
27.57389371485183,94.82301397776286,Sikkim,East Sikkim,2096.8152666570923,11.270275298419307,96.13206093472071,1.7504970388621504,1.396347387189849,43.72837947034932,4400.207424999317,2949.5788020536706,102.94920450145298,27.20023164379323,43.58553091326482,29.21423744294195,2.568081829796422,1.090599099550745,27.9078416699897,sparse_forest,0.7405628442529655,9.84496137859566,1.0409135789096322,3.6451622445324725,2.889289868450351,V,330.48704908073955,0,,,,0
25.73287753367133,94.15089238576938,Nagaland,Kohima,558.6462166787912,38.686928974445195,181.50892198217292,-1.0709827158184413,-3.4932549781460813,138.85840986805712,2423.3309800257775,1899.4002677560804,80.36252402220715,33.981382680406774,46.07272032503839,19.945896994554843,0.6270946346358451,1.12782543881379,39.82266566440036,cropland,0.35156171622755483,3.3928894699622205,1.7246579821748829,1.3471202889414216,0.05,V,206.61683755779728,6,07/10/2016 12:00:00 AM,downpour,medium,1
27.18865876247678,95.81196570002854,Arunachal Pradesh,Lower Subansiri,97.98298512085762,7.69435220575199,123.96907956287345,-0.5275668279756589,1.3852891985875386,14.196818900895103,3764.337975103809,2515.969972157434,86.9910950831219,33.97892771182768,37.56972979449809,28.451342493674233,1.469385915484027,1.3341133664308389,36.14403424299812,sparse_forest,0.2973110600772977,0.5574030432080254,1.1451515958155292,5.01209330711013,0.808689214748585,IV,199.5857545226554,2,06/25/2012 12:00:00 AM,downpour,large,1
26.314131376704797,90.075533420366,Meghalaya,Ri Bhoi,907.3259291121299,35.718807533770644,29.720253583035387,-2.8007712465995684,-1.8244860955894853,99.63337228122704,5337.944224331141,4098.82041382428,74.09640602257974,36.211651475080785,29.266740122754527,34.52160840216469,1.6263549969074667,1.1448872751075096,40.27413308640591,sparse_forest,0.38609827219175397,0.9007383155782334,0.7078032598427901,0.47314070114931484,3.498312933610545,V,326.4917686567583,1,,,,0
26.39455902049846,94.90301245832707,Nagaland,Dimapur,2814.3734850461465,41.502623966850074,46.293842912232094,-2.4616417509822384,-2.16456333657587,126.91490173595896,3343.546634714778,2775.2153244514807,136.2220906831793,24.216610118846692,29.089548064835906,46.6938418163174,3.2337217458305356,1.2794418127636888,51.37583355341276,sparse_forest,0.09732963315258475,0.8264871977688829,1.8580186456302623,1.2832424661937967,0.05,IV,66.92103688630294,4,08/16/2013 12:00:00 AM,rain,medium,1
27.909472255122992,96.21623095466418,Arunachal Pradesh,West Kameng,863.5906166957892,13.641812215588752,186.79268186643145,-2.969141884800566,-0.7449551564979487,39.05454291017378,3013.445193470071,2460.1210732474287,97.00708052500318,40.597606333626274,33.88870876662485,25.513684899748874,0.9344095367741504,1.2734933066088105,30.3548925377607,cropland,0.33648556192137735,0.4692109604319441,1.7595593820204376,1.3517252309010275,0.05,V,65.27976900488464,2,05/08/2014 12:00:00 AM,rain,medium,1
22.93744831170663,95.50667162948389,Nagaland,Tuensang,1908.1517912536792,29.109665218845485,78.90497873170764,1.336800764685205,1.420546811548816,84.36172098622073,4191.45188565485,3404.7104451762602,75.34356742692422,18.805246708346814,44.326128762523226,36.86862452912996,1.5826762380275399,1.3254511133033287,21.635643264442372,cropland,0.5803210953575823,3.6866744229306594,0.12443141431458292,3.424490569051048,2.8941202351179065,IV,74.46034500935234,2,,,,0
25.076294940065832,92.44490009083327,Assam,Dibrugarh,576.0132960852478,42.86508981074114,103.45627968081413,-2.0936014338871556,1.363198706155266,123.04113914361767,5264.9949713337355,4139.899974400987,67.01547008150048,32.33640858340604,39.88724214283752,27.776349273756438,2.6185839004540785,1.3238341813216346,57.017061020390805,bare_grassland,0.47684605127979873,0.9234352916839234,0.49779796661381887,1.0155528078818332,2.191695804323974,V,455.2183506170286,2,03/19/2015 12:00:00 AM,rain,small,1
22.32302523734785,90.50148041304706,Sikkim,South Sikkim,892.8954416582019,27.70731665996263,118.50857304060919,-0.2611263446175598,0.6927443486653002,111.90831185355282,5214.33760737762,3981.8628060120586,96.49029396876114,30.05175114858792,27.238932517643562,42.70931633376851,2.9204414643471437,1.2935114116118136,40.25756413761526,sparse_forest,0.48098614203247003,4.882073939350196,0.9794109529163086,2.279224025913044,10.37628668251113,IV,285.94425771201054,3,,,,0
25.800968017082447,94.57961541143453,Assam,Dibrugarh,424.81364429800374,9.21354101638603,291.6569551938761,-0.6563357446098443,-2.409438681875626,32.60327115495427,3788.876417021213,2794.338025998529,43.072958386814875,32.941269390962155,40.184256065073825,26.874474543964013,0.2,1.1176018613276515,54.78443410303491,cropland,0.48311142208413244,5.273527039016888,1.0193334687659144,0.7777743018554522,5.0171354765391705,IV,196.43292666777103,2,,,,0
26.987198094690857,88.39075044806383,Sikkim,West Sikkim,601.7958842080901,23.861280784284556,233.3041252013781,-1.0443828078254858,-1.9264430602132454,76.40294630074766,3446.3311347956305,2428.4247107756423,79.4067604006421,31.71694533607528,47.214673863255015,21.0683808006697,0.8358341618305641,1.105212779181301,35.5211976166228,dense_forest,0.4621844449023667,0.9422263513101715,0.734581446415291,1.2177677174755543,10.23247504425575,V,112.14049633037659,3,09/14/2012 12:00:00 AM,downpour,medium,1
27.830849281395043,96.74658101501458,Manipur,Tamenglong,1146.9947924778328,0.0,148.65849773920547,-1.6841003409902047,-0.30730618672435545,10.511259576782358,4893.915846068379,3218.00513067324,116.36048516503003,18.70628593887412,45.0701617300749,36.22355233105098,2.789807458123475,1.4007522573473223,39.30432154784636,dense_forest,0.7085465857897524,0.44115424045390494,0.528525563858821,2.8589442779796754,9.839472446109454,IV,173.68111103715614,1,,,,0
26.10828979886509,88.92101382635003,Arunachal Pradesh,West Kameng,532.3192947683046,17.65580377435361,320.2862390704024,2.1689356200718235,-1.7150793668061213,80.13736757189575,2188.392255239271,1859.8142797352427,61.227597621619495,19.985444779652248,25.99780962639589,54.01674559395185,2.750993403018429,1.2622007043319377,41.08809425631579,dense_forest,0.5979266685387344,4.351790643578247,0.8990550281792733,1.4412521520567936,11.582818188905685,V,59.06489767577903,2,,,,0
24.508206898730485,95.50911531824597,Tripura,West Tripura,943.3608545524838,18.387783577484935,218.28361378926022,1.2899789607470538,-1.4563075020341143,59.75056311377003,3184.1235891687106,2540.6784257808426,74.29169756426583,25.50979132489657,27.074797341394095,47.415411333709336,0.8677905380361911,1.3748009296435324,25.785347588874174,dense_forest,0.6284511463447472,0.8859788875056547,1.5368062091419281,1.1236988070479539,23.046081105829646,V,177.86323592647832,0,,,,0
22.487779250049098,95.61316596141285,Sikkim,East Sikkim,1237.5596679194098,5.031672620352634,58.9531124564392,1.3931660157183678,-0.1307008840340197,29.394560025570883,3166.2479465562656,2487.8997409108815,71.93613641591908,30.212209783408596,36.40830751506978,33.379482701521624,2.533846158618173,1.444042198357088,30.5055822109356,sparse_forest,0.5990863591099231,4.881441470933634,0.6443026363036566,5.928514112539272,12.309039101927274,IV,33.004406469639676,1,,,,0
25.889475947445106,91.9043658241225,Meghalaya,Jaintia Hills,1538.4394165735623,34.273773681096856,30.948335683338634,1.2874856764238536,-1.446576108176428,97.26385730371402,2162.834244562136,1631.7191080805144,93.79725990766437,33.540156905494875,59.821529762560445,6.638313331944673,7.711761434113722,1.283756563571068,36.871651868947104,bare_grassland,0.10783149650906931,0.7430119266431299,1.5517828581608404,0.5784412761281035,2.1884874127342133,V,213.8254593876503,2,09/06/2015 03:00:00 PM,unknown,medium,1
26.20290350927204,91.62284054750677,Assam,Sonitpur,211.8065432983883,50.85239573917673,32.92952126992464,1.8179950973529788,0.568358069981951,203.39956873867456,2865.4091433757144,2380.2842741121526,67.97895063834315,25.71473161835526,35.017674894656615,39.267593486988126,3.8766404372768655,1.4922850482851178,36.595787524356076,bare_grassland,0.17651244451653958,0.3932270994268196,1.6667363571380394,0.5387299393426201,50.229415452468885,V,83.29730791363212,1,09/01/2015 12:00:00 AM,rain,medium,1
26.502368626198944,88.65188087758138,Assam,Nagaon,677.7554318975134,18.669097285170455,44.082591779047185,0.7916218108464812,-0.21386837396368322,94.95414841799372,2401.8771388544537,1695.7768307975211,96.87606293101983,9.738520751454768,22.002524376699903,68.25895487184533,1.4200887440723873,0.9,34.69819901780132,cropland,0.5502893086709836,0.16235351384740548,0.3404424807881854,2.6183335977743427,1.8225747282387723,V,47.32623228603711,1,,,,0
27.315180852395887,91.26846831926834,Meghalaya,Ri Bhoi,862.1801630350814,17.57740321667979,113.68272626496447,4.099158328025707,0.012121074339515418,42.8559319130037,3420.99876180721,2836.999751789636,47.0547811298038,18.57203553150366,28.61996798643072,52.80799648206562,2.8635248358100145,1.2980530617794552,27.164681102596354,cropland,0.5082463833201109,0.22215008020160382,0.5919901858026598,0.8554113029236731,3.062295521849507,IV,198.7345925132811,1,,,,0
29.36002191350095,93.26619499450213,Arunachal Pradesh,Tawang,595.2072312619504,10.779040963097472,121.7617241123454,1.7887951443575232,0.6061815087332828,51.40311401747046,5495.991383002406,4094.7919518901303,61.02739035322037,17.351897583423238,48.84358440272691,33.80451801384985,0.5588988760350991,1.4880034987273583,55.95034297585099,bare_grassland,0.6338059716697202,2.5630394504698217,1.1385595739287815,1.3405807788926922,0.620192615261082,V,132.19082851908865,1,,,,0
27.8234183304097,89.30619171443074,Nagaland,Kohima,1558.2003625502994,27.832894015251057,353.1656705380465,0.9050129275484142,2.1737492586633214,80.10168893360084,4417.59570161074,2975.9930202428577,63.49769603175215,25.97138081237238,23.587615065287736,50.441004122339876,7.119933871742538,1.173037357713901,20.666289776910013,dense_forest,0.838986280843685,0.6502624999324955,1.3001006491627949,4.5109572186737505,9.19336670713813,V,144.07066705822928,0,,,,0
25.95925762211874,88.70633734934779,Assam,Dibrugarh,1557.1559166402,32.69956904933034,7.698975991527508,-0.06889378491978104,-0.007326092742081547,85.97375892839239,4484.736653528165,3738.790261139267,50.014162074154186,25.126030843066502,16.049495419599893,58.824473737333605,2.6108359934042973,1.440240329932362,33.47400126030507,cropland,0.49166827145204783,1.35860001665021,0.9822991699648734,0.6702161660993861,10.781778200718533,V,174.3843475076798,0,,,,0
27.822969220927373,91.51240477688296,Assam,Sonitpur,2098.236716251824,19.412936126109216,12.785404549300402,0.32437339095249934,-0.17310856378347397,79.67178151955726,2274.9820693587353,1757.4555917774392,59.970334494205126,32.317569369128265,35.963294248997755,31.71913638187398,5.668611588520169,1.1874397265675503,37.76534748755699,built_up,0.361236601744635,11.27600912257476,1.6417023952587415,0.38140671535198656,2.3428670324375602,IV,59.73833875417232,2,,,,0
26.443008450729895,95.78358901557621,Sikkim,South Sikkim,898.7129073746266,17.2685241993312,237.54614564665172,-0.043837469298182996,0.20609956112870806,50.18145397931508,3160.4945813144495,2140.675834372567,62.778700164753374,21.819622686692988,41.323625027224836,36.856752286082184,2.772359372923027,1.3184508263967405,24.68120750561222,dense_forest,0.5019308987676868,0.48774456926781384,0.9671556213518994,1.847505486191625,6.595152932305691,V,101.34890249313821,1,,,,0
26.905439163249696,92.43230487617201,Assam,Cachar,406.96346501604484,22.952701232474052,302.87324640176354,-1.3073450229116308,-0.08790528569733122,89.38939585088731,3433.245841401837,2553.185396712428,63.889363514680944,26.479845678791477,27.661011543307108,45.85914277790141,0.5309972101088017,1.1589316887031236,18.820197784058795,built_up,0.5056622247494987,1.4805300015438245,0.7755815766030112,0.8639111494118026,4.82478670209181,V,156.16681271361506,0,,,,0
25.699531722393154,96.17014684665523,Nagaland,Mokokchung,518.5032717263504,17.120833876994144,104.41483908189963,-0.020350713292491426,1.2793659890284044,39.092369757769184,2389.8648265599263,1706.6427119366065,80.85967394491661,26.805694830468195,26.691190422445707,46.503114747086094,2.09686475040052,1.4269731373682009,41.0685045174991,built_up,0.639116022463302,1.9636291229865779,0.594456064253283,7.272362989782552,11.372961997258548,V,126.78734644380391,2,,,,0
29.28330173567673,95.72788797528364,Arunachal Pradesh,West Kameng,3313.3626043661397,41.19177501035611,161.64872565030237,-0.5895052756293895,-0.6005679764392589,141.8720528769127,2187.251741052728,1565.9700408217439,57.32511839883066,33.583946617152996,38.339725436507926,28.07632794633907,0.5807515689536772,1.1692021166291355,29.792546409337127,dense_forest,0.564877721311079,8.772877478627754,1.1295477262957305,1.3739597063956819,3.4193778185941843,IV,33.88116270309466,0,,,,0
25.244422080138357,93.54872246973868,Nagaland,Kohima,610.4774106401047,23.770188261842822,346.71513635872935,-1.3047272626936008,-0.9103092542609429,57.72511963661633,3766.483129571252,3181.740355563536,26.938611356304857,21.8636028332525,46.52518150207547,31.61121566467203,5.08087496398997,1.385406630977518,30.70811600982016,dense_forest,0.4651172024879959,0.23737895196260383,1.812917662711534,8.901840831401561,8.827934842051691,V,293.062731336077,0,,,,0
28.062115622658215,96.51881394338882,Arunachal Pradesh,Changlang,761.422144543725,43.532053595452325,52.42115743509881,-4.416249134621068,0.8283563171405499,147.3674490035368,4325.968552261591,3210.0965250614704,73.17060489043837,33.43679340385806,59.680635895293904,6.882570700848035,1.869793739310717,0.9441557818998765,41.225482007337156,built_up,0.20672352558761614,0.5296635065501671,1.1409208854492636,5.082959782381637,2.5612545407666225,IV,76.49549011034028,2,03/22/2011 12:00:00 AM,downpour,medium,1
25.312123033005626,90.9388118197316,Mizoram,Champhai,1957.1754701367086,27.84209348156873,162.8501864490682,-1.8987089201552856,-0.8281183529613194,110.47811145437268,2720.7463136181254,1778.0507752067601,42.036743574518056,25.663702545021103,46.96512642360824,27.371171031370665,0.9073355481949674,0.9896386682384755,35.38554723225254,cropland,0.7222825069667949,6.1583369712662215,1.1409203205007543,2.828162628393179,24.112427444220234,V,175.32211932262015,2,,,,0
24.96178825775949,90.29947894955559,Manipur,Ukhrul,710.1255530457113,19.62478688134038,203.54574977410618,-3.4138069234040915,4.835535637795518,89.65593557965585,4038.5761112153964,3422.0570858972123,53.711325206992505,21.718105458895725,36.875499118441276,41.406395422663,5.037390749627352,1.4343973504321588,33.6649705415588,dense_forest,0.6579250168929737,0.3525375983010003,0.5302745944544606,1.8346514135477099,8.220448490249888,V,124.90449466696197,2,,,,0
25.979898040829415,94.50677512582938,Nagaland,Wokha,4091.8536873091084,22.490918728675087,223.42189090393535,-0.6877496869481675,-2.601168851096667,74.5048140048975,2723.5857574763786,2164.493804047859,156.5383790761473,31.65244480606257,29.37053720015593,38.97701799378151,7.425367749236763,1.3736125983995167,26.349451863086966,dense_forest,0.41795997791010026,3.1026906412405055,0.9820235481195094,1.8903185839633858,6.218690750985466,IV,49.74008929780606,4,08/04/2013 12:00:00 AM,continuous_rain,medium,1
26.12503885896521,91.83203132033975,Assam,Sonitpur,1327.4776873090782,35.43272155813095,268.3291008192339,0.14466343300188517,0.04347533686634519,92.28515897999578,4588.251111546728,3482.1828510901887,174.00339536925074,45.166451877735554,38.068278465631145,16.7652696566333,1.8474630109338785,1.032193526651997,33.85068112220968,bare_grassland,-0.022636741633283997,0.6906957753931946,0.7172856725453656,1.358718105245928,0.05,V,264.45115629358736,2,09/22/2014 12:00:00 AM,rain,small,1
27.352578626082057,88.85094307242129,Assam,Kamrup,956.5198191801205,28.348425174391572,299.44370559765946,0.17096824668898433,0.1417361827988902,122.28899737835317,3935.4411346635156,3241.047380541551,71.64302465167373,31.44706574377014,29.967319040586577,38.58561521564329,1.3685248434900024,1.1968627542478105,37.79245597322347,cropland,0.4390988137020904,6.207291873813732,1.0465275535251173,1.282682443799919,3.59780471073347,V,186.4966836502411,2,,,,0
25.494778168093067,91.63433427770015,Nagaland,Dimapur,1561.6248234883399,19.586594587754455,138.84540383989784,0.3255802606395071,-0.9167269986111153,81.24092635547969,3006.910021664291,2308.2726875475432,72.60297590900718,21.259212798161286,36.09729737661481,42.6434898252239,2.691386169757814,1.153816221281787,50.320655449914895,cropland,0.4025632960249873,7.06071722371084,1.6382500731703311,8.176768347923094,4.341037146088631,V,190.2860728894246,0,,,,0
26.130481543969758,91.89307463000823,Meghalaya,West Garo Hills,961.8709749083491,29.50315011021071,233.1264289704213,-2.6532007861522473,0.31156662451737055,97.1091146367843,2928.9164954224334,2469.4819832673606,76.20083332689417,24.691553480680607,15.32881042442427,59.97963609489512,0.7858490435669959,1.0901808777492938,34.593550971246415,sparse_forest,0.4409963584451683,0.8065474007480301,1.8514167769906764,0.45545548975723715,16.311324773822328,IV,117.51874059832284,6,07/19/2016 09:00:00 AM,unknown,medium,1
24.748664333775242,93.91518473450176,Manipur,Imphal West,930.6179443771215,27.548585785457913,220.60129537265368,0.6049395662297312,-0.5086349090062346,85.40989562300567,3703.9709170583737,2513.3766959095165,59.31733174092987,43.09018170827409,33.300607313159766,23.609210978566146,2.9858706470682495,1.3082602873866933,37.75158966598508,sparse_forest,0.3760702766839197,1.082850218639588,0.8623985155123604,1.2779867609505549,6.690473732226399,V,100.67892944255021,5,03/27/2010 08:00:00 PM,downpour,medium,1
25.594242591478114,94.09953426301982,Nagaland,Wokha,2544.334119066288,34.68967577601751,165.52024418849737,-0.11411655402290383,-5.091329843608606,138.8955492121657,3749.5899379339253,2595.492396019451,61.93122548843405,23.77264817361644,25.89890514380503,50.32844668257854,0.722835401757114,1.1411436579228327,36.00599194447608,dense_forest,0.2961138894914576,1.6853402127340098,0.6755259458620377,2.4950791061846207,0.18845058337503406,V,344.6192818774742,2,07/12/2013 11:00:00 PM,downpour,medium,1
26.138941224005798,91.6790243878981,Assam,Karbi Anglong,2790.2653720952057,26.649762457989752,11.916726380333369,-1.4140227253423339,0.460044995356165,98.93820209240174,3165.759304571442,2469.038043983962,82.22921048706638,22.390052909157227,27.131570232224167,50.47837685861862,1.3943620831349333,1.4795616303898267,53.64291829076109,cropland,0.49852373798082505,0.1564172891947344,1.1737122113516123,0.7219702373121882,3.204411163227228,V,283.4938439940298,4,05/11/2013 09:00:00 AM,rain,medium,1
28.286011939057396,95.4166804340974,Arunachal Pradesh,Papum Pare,1763.2761755364083,25.171348900400826,139.61380225322858,-0.9842463227081398,-0.08745026576866566,81.55142376080767,5682.899152295804,4638.181674128716,89.36314985644772,32.28386036695111,21.59280264196234,46.12333699108656,2.5265079012231184,1.0825367654371756,42.37825107206199,built_up,0.5748050782275521,3.1267003778546028,0.6681161079728178,3.2539279252018147,7.416482269600622,V,271.64860251823364,2,09/09/2010 11:00:00 PM,downpour,medium,1
22.490629801907243,92.90313744330805,Mizoram,Aizawl,1555.3815773546723,33.14944238704171,285.9179600806951,-2.032317484770549,-1.4416992623897484,128.94085307811486,5006.318212630309,4151.535309520977,150.1997509009563,36.912236289910936,32.190183207136464,30.8975805029526,4.765607092539356,1.38616163995356,35.47977053506531,built_up,0.5750139569655607,1.2030719529250293,1.0812964979032682,6.743218066976988,0.05,IV,536.9805660533256,2,07/30/2007 12:00:00 AM,downpour,medium,1
25.463599134906705,94.1595004521088,Nagaland,Kohima,1216.0517753732734,40.60326633585322,40.365547648151036,3.4475373275668177,-1.5199503739094702,166.36055250350498,3544.7758650328806,3004.380757912115,110.78644206540618,42.3566266205683,36.525025904068144,21.118347475363556,3.207916809694755,1.208960773187634,45.760643149141046,bare_grassland,0.4953318607358997,2.752392409307043,1.602267915891936,13.350288027547004,5.744649811661373,V,104.02432109203245,2,08/27/2010 04:30:00 PM,downpour,medium,1
26.16971036343754,91.77407148805408,Assam,Cachar,1220.4404118469486,4.859969432650496,115.3975242502301,-0.17035227225200944,2.072858924879483,17.939052567737562,3606.0987344384293,2404.7951902736295,157.20431629640083,24.928721644662843,43.86315194866973,31.208126406667425,2.5938547749812875,1.2578268349949175,10.770281839803658,dense_forest,0.2214247261730351,0.041515892818825006,0.5559013844382699,3.7180412936761966,10.130827872406948,IV,79.94680105372106,6,05/11/2013 12:00:00 AM,rain,medium,1
25.433543054650254,94.11931889025847,Nagaland,Kohima,1699.8693058482852,25.00908262708893,235.11752936781994,-2.192147037104679,-0.35156966759444597,66.79538749726086,6315.586825813052,4218.189395048186,78.46290131777059,35.702219057906966,39.76837824767262,24.529402694420405,1.915183691205403,1.380976792547493,39.45388423897362,sparse_forest,0.5569903620332335,4.549353698444314,1.2125821033285613,1.4175699561949338,13.13064842849795,IV,150.3257071867424,4,07/07/2011 12:00:00 AM,rain,medium,1
27.11011002429152,93.6150120866785,Arunachal Pradesh,Lower Subansiri,705.4911441890409,22.913403571132733,109.37979962967066,-1.8063781145723752,-0.5447643303228374,73.45747360145849,3576.819118115863,2981.7154412986583,82.6028758656496,47.48181424028426,25.003000675250334,27.515185084465408,1.68444103264233,1.2751300231902787,45.00000698104259,sparse_forest,0.3816720951515697,2.063807619323297,1.1155585771493741,3.5274826082197275,5.866967873691133,V,331.2565527261051,5,06/14/2008 12:00:00 AM,rain,large,1
25.348556901914762,92.31355420245444,Meghalaya,Jaintia Hills,895.068933907813,33.974397873625136,106.48872517942189,-0.028975226626157036,-0.9821679009015964,98.82605502011843,3323.544405354421,2546.8101316952175,96.16851212982688,23.646252129018876,50.79151870036181,25.56222917061931,2.910420642895409,1.4093971042717963,46.41757129576036,cropland,0.36434479816128273,1.4154530277013757,1.598853482841344,2.2112453972279256,12.583441388924983,IV,340.59894575233704,0,05/11/2010 09:00:00 AM,downpour,medium,1
27.137979359226044,97.37976778376674,Meghalaya,East Khasi Hills,213.93065880877026,14.4441102707937,116.1319111121381,-2.479612039115831,0.339588224754105,49.94969561985492,4008.3626917251063,2882.258665568471,76.60215749551509,38.923056155365344,38.702843937835034,22.37409990679962,2.061576443145919,1.2309520442974728,42.22108528793878,bare_grassland,0.5435992803687287,6.178958634761198,1.0517805629491286,2.2850440785199364,30.088352645228063,V,494.98383222361485,0,,,,0
21.971701355990884,92.56965112735948,Manipur,Imphal West,828.5223219448379,18.348132242460256,347.25725247030636,5.370203107579008,-0.4821612352544295,71.14012065613714,2387.269773567971,1769.425347953304,55.759143008373805,22.777237314479066,50.67569575952225,26.547066925998685,1.7056702675878561,1.338701826446292,27.654912868473236,dense_forest,0.5559336755017903,7.044570170635675,0.651376235007089,1.9633198351546552,8.285624097679442,V,266.57471876135577,2,,,,0
25.950056258485912,94.66854259778387,Nagaland,Kohima,2498.134761740529,23.371339642608824,142.01728245186146,0.08666503927607569,0.012923493244179962,110.49050035553556,3683.7470232489645,2811.7140431429452,121.00861789559676,31.09258437199471,13.39113225233097,55.51628337567431,3.5330560518528284,1.1202988644025127,30.374369317606913,built_up,0.5882945221430427,1.2764651627166204,3.291163146250986,1.5006203846930513,0.05,IV,247.319745684526,3,09/08/2014 12:00:00 AM,unknown,medium,1
27.374373864529304,95.24683719987077,Nagaland,Kohima,611.2000744589955,3.7606662781539377,346.22334017837545,3.3067398043385623,2.714420028068088,16.54027718148744,2490.686721476426,2060.3510855298982,51.83347059205149,35.90162885323816,41.82761902967625,22.2707521170856,1.4143246746266498,1.5191726313301632,40.74257152597275,bare_grassland,0.5286571397223725,0.4962293489053069,1.4395275780199568,2.4585630411777086,2.172752695406883,V,362.2303787212302,2,,,,0
29.121476921425085,90.55552235069625,Nagaland,Wokha,587.2289685859171,13.543095049904055,258.9963259153799,0.6103239733832894,2.4065356641633104,48.56262601291105,2546.8626066629618,2087.0979472629524,52.44732260024877,23.88751031850601,46.934669514882366,29.17782016661163,2.6710681223280432,1.3178873301674512,29.059581828750705,sparse_forest,0.8711254598321668,0.935786148969252,0.5372405415854423,3.53944609551663,5.033724375191085,IV,73.68849897666536,2,,,,0
23.08404845082812,94.82268337061912,Arunachal Pradesh,Tawang,2015.3100726794096,3.525877101048362,58.93917269333326,1.2403995967382488,0.09663016559688278,3.600150826456667,3394.505281557399,2477.084847506394,34.58823169325726,16.85791764764204,45.8432121978963,37.29887015446166,1.1818748169420197,1.5198501506016924,20.848684308977536,dense_forest,0.4378505590357127,1.5164969732801394,1.4630364402296494,0.11366840292428625,1.9992641345691473,IV,350.85982715297695,2,,,,0
25.043131627963138,92.85004250690668,Assam,Nagaon,868.313205209796,29.223855963336383,200.01409595567318,0.8095861623993519,-0.17622305721548925,77.63078092205456,3772.2445365324525,2589.90387250453,88.12538856343525,26.271688802457476,45.180741596989165,28.54756960055336,4.801500494104636,1.2284230720592275,18.89039245919448,sparse_forest,0.5066284848768048,1.128589569380823,1.3181626703607066,5.662256198348901,0.05,V,128.49148936014325,3,07/25/2010 12:00:00 AM,downpour,medium,1
21.939924452826368,94.76088666102655,Tripura,South Tripura,891.2514584657503,32.726142071053005,102.8992824017147,0.23217908916513344,0.5989575303998469,94.79287817460416,2971.6648214353545,2397.9586911794718,104.72796518757912,35.6929471121281,42.90332717274349,21.403725715128402,1.1066518423407616,0.9653547366570981,39.614346113544954,bare_grassland,0.47111138643486916,4.126751056933293,0.38897970567251816,5.3416048283098485,4.074811422754132,V,66.73494114255962,3,,,,0
22.813852496312652,96.97234235510446,Manipur,Imphal West,350.22931322148673,13.023649566718797,236.03391220444743,1.720391027660583,3.240149126011493,32.807034566678915,2365.9544714262156,1707.5138376936443,44.49852385375665,30.6447405831948,55.30459545630269,14.050663960502504,0.48458512002156634,1.3932886433387583,40.121742817887565,sparse_forest,0.30826187256847215,5.862961730249367,0.5576737654363199,0.6249225260158173,8.065438033451668,IV,37.494255551244606,0,,,,0
28.5679397996212,89.92064361024723,Tripura,Dhalai,2423.0450208881075,21.586017649047374,335.2046801425241,-2.6342025585467663,0.8077992636438727,77.40259080861607,3232.487546544458,2630.78592357462,79.2754711102032,35.99050462487761,36.48989898175624,27.519596393366143,4.913077472448916,1.1939235311763916,43.12316658281125,dense_forest,0.626407605392886,2.960463320949952,0.23864344516418565,4.092380025934851,20.104123525063653,V,181.49723841297487,0,,,,0
27.915805325073215,95.54729091624945,Manipur,Ukhrul,682.6863665964299,11.261039928554077,295.9389616195283,-1.1476873291493859,-2.088742992088611,52.995322752001584,2312.08659614763,1575.1905740987645,36.4827569825669,38.83481804050025,48.437517721649115,12.727664237850632,1.0493577309604638,1.1590880726603419,21.38889786627738,sparse_forest,0.5807085249759951,0.6903695952117415,1.5256338476487126,3.8229344693272864,4.972524411930504,V,113.97543119193335,0,,,,0
26.91599144749557,92.78783669062706,Nagaland,Tuensang,1016.9963082746048,27.806135368510162,234.44320744491495,-2.55051085005063,2.259587887539393,98.695335422942,3536.111572599292,2967.311899947956,42.02330788942254,38.66277077076229,13.227846110230924,48.10938311900678,1.6333363738250435,1.2780873747835118,44.94366672843292,sparse_forest,0.8283392835882334,2.6497207697595626,1.9090201784291552,0.4503030560148646,10.016735453066214,V,113.03256532908571,2,,,,0
23.57398935007422,90.8382907323863,Mizoram,Lunglei,260.70252865783283,29.253944729700507,101.3646985837595,2.3606903997782593,1.2954256143424576,127.87032385106744,3314.271223349682,2584.009388306538,80.24341855008473,40.55006408550574,36.28529832767005,23.164637586824213,5.58912969406887,1.266455891035569,31.079796958495564,dense_forest,0.5878227393165614,3.8089377578362664,0.3530944691532565,9.333438600991007,14.355188175700485,IV,181.5760836484551,4,,,,0
25.932158752192883,89.84517690343733,Sikkim,North Sikkim,1524.0454108122499,6.031791041110278,271.58559963752094,-3.048720484335508,-1.875511437669116,15.558694424444678,2815.359096660583,2198.6060679104676,44.546665666053016,41.002189730563614,33.18649606503893,25.811314204397455,2.276006789849126,1.4685667099628266,18.320001425327487,built_up,0.5105970230310172,1.5447554750853976,0.35634154097058857,1.1753466362892293,6.866391571566379,IV,191.78752974013307,0,,,,0
28.679864817114368,91.75467663259603,Assam,Karbi Anglong,1176.5624726116773,9.241868748854758,48.86427234859837,-0.6032668628545579,-0.9239768090370277,30.41996416332705,3853.521490304329,2626.0636856787105,40.72525754518203,30.786469635697813,29.200790429078452,40.012739935223735,2.351729473397266,1.3778232700753612,34.84995158542757,dense_forest,0.6152662310447403,12.833191545761672,0.6685226466075167,4.864111979565954,1.2788116271484555,IV,233.85587250936248,1,,,,0
25.62550732926627,92.6161927882399,Tripura,South Tripura,391.44758610472934,4.706636678164378,308.2044129459571,1.3319296518161539,-1.4451570256468438,3.0402776595805534,4214.670208909012,3007.605608622331,64.12931327825873,27.052149234958172,35.250410599404354,37.69744016563748,0.6536884470946159,1.2335055009855918,42.361495025943604,dense_forest,0.42500310228267313,4.907370419715933,0.7602787938681068,6.736694129839264,4.41883526386324,V,109.48061320146543,0,,,,0
29.141903396955513,94.13863829389815,Nagaland,Kohima,809.7467555618979,33.378766274954884,88.77660793116526,-3.51804325387563,-0.4298406489891926,138.58115327067486,3059.808165474907,2303.5711815011946,90.96992156552442,24.993174595042593,41.41786343929852,33.58896196565889,3.9054408513849843,1.3930236958626803,26.200624275559715,built_up,0.6089793144109117,0.21598358827594094,0.9131416881052257,3.5620482492523298,18.313905253857314,V,72.1066762469448,2,,,,0
23.910301738688645,96.75488166763122,Sikkim,West Sikkim,803.5657761158061,23.803063303597217,184.44909750939354,-2.6494203726497525,0.2817745734680512,103.53435092568985,2087.7104313631053,1644.079109083892,60.11337318272227,31.854645245893437,38.19199468015514,29.953360073951423,2.194314936423423,1.3406341525892682,38.75143735077097,cropland,0.43648869962420184,0.18968601937303523,0.6059064531220616,0.5932762787915421,0.9647839793072949,V,380.77523973638563,0,,,,0
25.61328085673417,89.66378799912212,Manipur,Imphal East,406.46943605900265,13.011688002664734,104.93191302400942,4.418023715676755,-0.465083222470371,45.94346003042169,3716.23709082945,3066.569064174995,32.498252938924516,17.153797330112564,46.736605810494495,36.10959685939294,0.563426242831422,1.188764015859938,44.17201755149539,cropland,0.27511699694021985,6.959081602941591,0.10381855441665516,0.418947536477784,1.2924300137666294,IV,93.86444649573369,0,,,,0
27.713091019849553,90.89027747339796,Sikkim,North Sikkim,580.0470449935087,25.206564331844685,102.37126871059849,-3.0405620326057,1.3160839483212525,60.828823563280224,2083.6461738199287,1415.009628579562,56.69394012327344,23.07305866593154,35.18576189514422,41.74117943892424,4.753388860100584,1.347855262371807,22.456098193388357,built_up,0.5500676038402128,0.9666471341214097,0.4314068805667078,0.24198520122072792,4.804529492400904,V,26.625092420287494,2,,,,0
22.876195882496237,97.1450887195632,Mizoram,Kolasib,759.8345306963816,17.250046924481463,309.42919445187954,3.0970415263204334,-0.1512138227328948,51.83570129460854,3490.7689668467992,2833.774216031301,37.31282153096811,30.902628204880436,37.37092224831277,31.726449546806784,4.240168712118105,1.3381578524999607,38.41689512538243,dense_forest,0.38072454105764775,0.23159149744710883,1.0009517669582475,0.01928486120459007,7.631617009594822,IV,405.1732641702065,0,,,,0
22.517471487993966,97.20842093382592,Assam,Cachar,1466.0263559299065,13.676666999411715,204.70840437856282,-1.4526501687232007,-0.03721869371907834,41.26147445778524,2953.1676245784256,1971.1040779523814,45.73212095063999,16.13204313369387,56.751545866244854,27.116411000061277,2.1315590706385557,1.2920088610072464,41.23131249848386,dense_forest,0.6747857747978259,2.7057191918547736,0.8364505912929787,1.986973263015874,27.766443249432143,V,87.90312485846655,2,,,,0
23.624332747066,96.59996315074153,Manipur,Tamenglong,2067.3600488214124,17.49700505915421,132.34984551853913,1.1805190686704787,-1.8322648989965704,55.67614488509065,2590.996081587049,1997.4948525816822,72.80866180317153,14.86627472240694,30.694667872150724,54.439057405442334,1.2754447047658672,1.1789090033350909,25.442514207478,dense_forest,0.7129587623465363,0.6783390290629429,0.6537160939183276,1.2720672328467892,0.5244839086686932,V,239.7004198336165,0,,,,0
23.49066128159823,88.22894019579219,Manipur,Imphal West,1818.9744992038288,8.641854010180731,206.14480515231145,0.7847338231594251,-0.21747178654524207,31.771767359870857,2793.9587601557837,2030.96195233377,35.90833998003738,29.48947941548489,23.40734939642514,47.103171188089966,1.11062033813282,1.2689672851827294,25.68799705870895,built_up,0.558146616968655,2.5144073862773797,0.3235107907742081,8.775614732659319,8.020088450088465,IV,122.97879375462271,2,,,,0
25.74064205266842,90.33620548092108,Meghalaya,Ri Bhoi,2467.2635401405464,15.516098801569843,127.14337794863343,-2.349235530519264,0.4936755538744546,79.1594670162631,4802.042732681466,3258.268667609005,87.21061708877406,32.16092436510941,39.38591822216057,28.45315741273002,2.1939476292543194,1.3466013658291136,39.702181355355904,cropland,0.37022892735866963,1.4260182401203576,1.400534211854986,2.2829622687811844,21.21234008941476,IV,143.29334049895243,5,09/21/2014 12:00:00 AM,continuous_rain,large,1
26.150340837864476,91.73849431418296,Assam,Kamrup,1313.3020464643946,15.445404133562606,195.49223161153785,-3.2129670838661077,1.6270192750286094,45.842047951532095,3757.664991514706,2884.9836566387266,151.85242433934988,39.77892782693918,19.01721289414578,41.20385927891504,4.863419713741458,1.5558986931550804,31.138793062710377,sparse_forest,0.3789892150969075,7.332159139896416,1.0048954319217782,6.3164677797714095,3.994758835352531,IV,548.1158988095002,5,06/22/2012 12:00:00 AM,downpour,medium,1
23.936279755183175,95.45920303632398,Meghalaya,Ri Bhoi,2824.4251411855894,13.706217671821767,356.8243006685342,0.3397282017051213,-0.9692993488810047,60.43426265471316,3775.594653355923,2874.8223616949176,89.60856047769158,34.58896368959664,43.760291846342724,21.650744464060637,5.734488349718492,1.3291611670672927,41.374019342239315,dense_forest,0.40822636579325067,4.817691325689157,0.11938929008207899,0.5676670456011025,2.871694490131189,IV,69.44599298125755,4,,,,0
26.031984390113948,89.61521294276747,Nagaland,Mokokchung,254.38316796818594,26.125910818750885,325.8535801897547,-2.147880852993636,3.4190415080268997,101.05047252652065,3682.539515527807,2878.942009663516,53.826720170458195,38.970824676751,65.53677504782442,5.0,2.744651427950711,1.200120624653317,29.751582267491315,dense_forest,0.29636468288179957,1.2016764128447712,0.5786600195396295,0.9543520631596408,3.8835118035513427,V,357.5917532761534,1,,,,0
25.165010647399882,93.05193448322446,Assam,Nagaon,1481.9787599467286,12.102641108106281,31.092523397269577,3.5389706957112477,-1.5153320436431215,31.147371441421765,3546.645730902592,2991.8455452865514,81.88821140329581,36.72683223918234,35.64594876204093,27.627218998776726,5.819961677515935,0.999267841264833,60.0,sparse_forest,0.3918936965033394,0.042300254453208674,0.7463536688395304,1.7963732916471793,0.3800357328530777,IV,188.2791827162774,4,08/27/2009 12:00:00 AM,downpour,medium,1
26.15462136566777,91.74054392269069,Assam,Dibrugarh,2753.172588756446,37.000936963895676,110.91442101612505,0.15093093907699084,-0.9233901069541827,100.31301683178613,4137.094910385072,3081.4415580252166,124.83204086520684,28.03610685750349,34.0110681779495,37.95282496454702,3.6771004502039815,1.3867271449442196,50.16427130661576,sparse_forest,0.20529635068371827,0.012208853424286542,0.7835938683223489,4.537542252875547,0.7293404136928465,V,188.27441436093125,4,06/26/2014 11:00:00 PM,continuous_rain,small,1
24.013256888445706,96.83664523902024,Sikkim,South Sikkim,396.3816654690105,29.841967142443327,272.14342323574425,0.6965727937523761,2.0563104652872637,118.00071532087044,4023.309933043828,3197.5404425329084,33.01133954372814,20.294794044338754,43.155532491008245,36.549673464653,0.9000499787899277,1.105130209621651,43.76013934449973,dense_forest,0.8616903935547442,9.211303659411318,0.26899159587384597,0.08646547166851669,2.3856302862179968,V,489.5522412209602,2,,,,0
23.70319226722685,95.01171256917604,Sikkim,East Sikkim,524.8979424542156,10.799952361665,359.1370348727987,-0.1347194975439813,-1.0888424355447714,36.15252508516244,2529.6262650242825,1716.5572199906696,113.34506672757385,34.681658628551894,47.35840843335426,17.959932938093836,2.0319291862513364,1.2255065036671948,26.422332422673698,sparse_forest,0.7021484998181236,8.432986981279447,1.6661472005679503,1.5524237892699433,9.365337084553676,V,119.42081312287308,0,,,,0
25.988436622720126,93.29787126450422,Assam,Karbi Anglong,2365.4206985097935,38.118484691442944,266.63512863778266,-0.6596356903805429,-2.1849726240699328,96.09901414527579,2468.1452814701106,1633.0706215866926,50.407384514535636,26.67264321917414,24.05819491669189,49.26916186413396,4.449238571261472,1.3874582559932116,26.41326185532795,dense_forest,0.7160914881750646,4.582823015029073,1.874603087860624,2.727093632390209,17.783404750897205,V,161.00026776437718,1,,,,0
24.985502758485413,94.26271613857337,Mizoram,Champhai,1017.603841939468,24.939940752324794,126.38571391296354,2.995362546341664,-1.3325371659435028,81.37203220163421,5084.95602394573,4123.919428055522,107.78152901339814,25.23866811603913,46.578313493592646,28.183018390368233,3.461391161467307,1.241976316575638,29.732934236013968,built_up,0.46249094762823395,1.321026850630945,1.3158225269667676,2.8051123926831933,1.4139512793975286,V,166.43784484076815,2,,,,0
29.03732448709087,92.56607728580798,Sikkim,East Sikkim,396.6296750156213,0.0,251.23564017336003,1.4638034916786717,-5.007051960625936,0.0,2292.8237936927326,1715.6727071444486,60.19885679039811,27.34562301805682,28.925647829912755,43.72872915203043,8.293903228127546,1.170991877558514,29.929817478888026,cropland,0.6992440278596379,6.033060869763775,0.19090022623388503,0.5151371832286553,6.450690415569693,IV,159.91457471697237,1,,,,0
24.608751629225612,92.4388259969708,Assam,Sonitpur,1624.1632836769043,20.517448526121953,84.85505662080752,-4.723240986854243,-3.6551604807832208,70.08044132931946,2763.92643578764,1823.2484921085697,55.5767553783472,36.985343092513055,24.155599589604925,38.85905731788202,2.617736351918138,1.3662780221683237,45.09770015137391,built_up,0.48145437370477173,0.8044326303780779,1.5290707756065318,1.2860289995518168,6.0708431308573525,IV,75.60376733732781,3,06/03/2010 05:00:00 AM,downpour,medium,1
23.670284757191087,92.75791619705598,Mizoram,Aizawl,591.9886684278836,26.97182104871913,199.2639913934751,-2.037186413587073,0.813168160475875,60.835930692825315,3309.8856773686,2699.52246881919,126.37265837985656,38.12509586250001,49.778036793493264,12.096867344006725,1.6972675216229791,1.4143035489267128,49.40947636627794,built_up,0.30576456739952584,2.4911441709298394,0.758427404585748,0.5095412625581065,1.746949505725051,V,269.568050505939,3,06/19/2015 12:00:00 AM,rain,medium,1
24.13046738564729,94.13272519587551,Manipur,Imphal East,2390.601819775723,38.32818253258219,94.33527504656843,-1.4407973609669318,0.28780801693220115,141.31291137781398,4514.569049534553,3611.2817935637063,96.89552340693506,33.245039546027684,45.5634922768175,21.191468177154817,2.4777316904629982,1.2575908413362695,46.901309038689824,built_up,0.4440878073185446,0.46326602532472827,1.5469027982511578,2.7155340566444797,5.525792845861204,V,48.13879086712853,3,08/01/2015 12:00:00 AM,continuous_rain,medium,1
27.2193450411107,96.31371582758759,Nagaland,Kohima,1520.9178206280449,7.390245320618023,159.55452500426597,-0.5261955325782232,1.228546544378462,32.074815532988765,3503.6857624208574,2543.5278821986503,90.23260536549044,18.29967771536902,20.084067435254546,61.616254849376425,2.483161577845748,1.0726200957063854,8.884327787040219,dense_forest,0.6565891305816353,1.4922972130113932,0.9775343286775876,0.4803570520782472,11.31671362612644,IV,184.9830112278736,1,,,,0
22.082909036150824,93.74833823232001,Manipur,Tamenglong,1180.9888268587379,27.65966588748538,77.2123771783272,-3.555400332685454,3.1616337012498175,82.76999897721714,2414.2092108267034,1575.3529796143391,104.21301316185084,21.193958465368134,32.669132520426004,46.13690901420587,4.292006312439979,1.4424922074817585,36.01264740315899,dense_forest,0.25589624633856584,9.673930377072336,0.6722178761810644,0.14917531973215986,1.7804912553768626,V,91.17699566031511,0,,,,0
22.96704064680326,95.53010617719177,Meghalaya,East Khasi Hills,1022.5602678003719,24.783694506797573,38.330256736505646,1.2641422791032113,2.5108816653407544,70.78923329162777,4018.1967164671623,3132.4623639843066,59.68904502725995,31.683803068654992,40.34115947792314,27.975037453421862,1.6414325758051584,1.4561998986224038,33.33761887701918,dense_forest,0.29424051688129527,1.5253761288526655,0.5672975004466463,4.257735571333742,5.408746357456193,V,197.50131234773943,1,,,,0
28.647636886285706,94.28142194186998,Assam,Karbi Anglong,324.58850651248963,16.59435098878478,66.0546172719163,1.6938839565276749,-0.06994321956106914,48.58088207954367,2585.7956587968674,1756.4960109720676,63.75801077821435,22.25123637903072,29.884258500317717,47.86450512065157,0.2,1.0618408212452533,46.25257288412617,cropland,0.5937278139234093,0.529735395795619,0.7742916461788241,4.837988928429586,0.6369952082298019,IV,150.86870563253532,2,,,,0
25.381979365291414,94.71722568994905,Arunachal Pradesh,Lower Subansiri,1800.576525757532,12.092168772044298,88.40718234905214,-1.101980893065502,-1.141850887747833,31.109698847309424,2327.798864544173,1974.864703464084,97.40977471756268,28.669083823263303,49.97369030655224,21.35722587018445,0.8765181380540129,0.9,37.21092925243807,dense_forest,0.36047624929631644,11.678277466517109,1.127684311659941,0.6607811868165882,0.9802866189461793,V,80.78899289259793,2,,,,0
24.750227762561895,89.09309222338098,Sikkim,West Sikkim,811.249699374617,13.534645737443931,32.69323524254943,3.410222880223131,0.8643350873928983,48.445183632970554,2086.190997978567,1659.2010736419847,30.419168107259342,27.359628573500522,20.09630008823954,52.54407133825994,1.387973338340339,1.4574729965695619,23.05664972041822,dense_forest,0.95,7.718295146716222,0.5539828505750898,0.7830047968426717,13.711787323225733,IV,161.4454661663068,1,,,,0
25.36006160865882,94.07203156661866,Manipur,Ukhrul,797.7275649813377,31.624728242185196,10.541456108132934,-0.6540731736822492,-0.5142147893229652,74.52499718887385,3317.2335310942995,2284.1264439285897,118.02630352054442,37.781413577818185,37.883047059574885,24.33553936260693,0.8250128362078365,1.343287173736495,47.01613689549618,built_up,0.48175383159412316,0.6006926972948529,0.9355857541808492,5.396424301500009,0.05,V,20.31221516586722,1,07/22/2015 12:00:00 AM,continuous_rain,small,1
24.683561812435862,91.47344570145648,Nagaland,Wokha,730.4405513816698,3.4970540712813403,342.43985345602437,-2.3233924701755213,0.9502592613603544,27.249520933414807,3800.7670602817543,3076.9815464882877,83.00142544492576,20.96741505823121,25.617097596506007,53.41548734526278,1.5125073824349273,1.1177343795573442,47.435660840061125,cropland,0.5835409161449636,3.978094771358495,0.2737969727216848,10.620398350092405,1.8704269938461457,V,142.36344159894034,1,,,,0
25.151677837745012,95.1192038799192,Tripura,West Tripura,1179.3676976923052,9.705633434331657,120.38436581782484,-0.8273405700892636,0.1592203928306024,25.237306262857874,2788.025792786155,2164.7639678404075,83.1648021324699,24.01265466956599,34.17214847094552,41.81519685948849,1.7178905033372625,1.3315072546462738,34.70579274381212,dense_forest,0.586634416742777,3.120312702274657,0.8127798324497765,2.143352749658786,1.7831499394067145,IV,55.827422372408975,0,,,,0
29.174130537231434,91.50351324760254,Sikkim,South Sikkim,1160.5993414043396,18.56839479245013,196.2896806951671,-0.38736119828908927,1.1803274279575957,65.03961732239688,2743.201101912409,2306.4304074265206,26.156672379275406,26.111347085800194,34.48103852475323,39.40761438944658,2.5087236503771044,1.3457140721139174,16.37121499632076,dense_forest,0.4990164317834185,0.2997308759304465,3.2132000723475396,8.36423906233873,9.043315338574175,V,76.6007038621151,3,,,,0
27.568167179481904,88.87716263891132,Sikkim,North Sikkim,2067.063994761588,12.637669318305132,323.86258438956384,-0.7563176747923169,-1.2152406420256534,36.78106619331018,3336.4368382744015,2511.3786072349253,58.472021303910246,17.18507237004185,20.983057140291155,61.831870489667,2.5111348386467816,1.2794629674303435,30.808892858135486,built_up,0.6191905274422654,9.897731077409976,0.5116628450779598,0.7968549326565031,0.899279506212633,IV,205.36689052348504,1,,,,0
23.168806081228194,88.21275473691301,Manipur,Ukhrul,2301.5501884635028,11.506439783809206,116.19476856342533,-0.08760456717001178,-1.76398488080773,48.4690412773666,3845.825189797706,2901.535497557567,34.668830703975246,25.5813823379381,22.778949091440026,51.63966857062188,2.6876904301831464,1.4312868516764619,22.902516267561836,dense_forest,0.5966072145176318,0.3710311118990014,0.3346332865739374,6.2506606073357265,4.103934540126084,IV,272.5404694079853,1,,,,0
23.3003985814259,93.19176922717021,Assam,Karbi Anglong,480.42592407462365,28.057768368176525,217.207172106745,-1.2551076753605668,-2.93027244229513,95.64786291422185,3062.975958387912,2028.8485559863059,75.03167866335247,32.254098803156765,48.72940526816774,19.016495928675496,3.5847968776517907,1.374193954935359,40.91186494840743,dense_forest,0.6884797379741883,0.9553855648642804,0.33214642312861237,4.276555571184207,3.9882747843148625,IV,131.41541097587577,1,,,,0
23.369144131664683,92.51347142693362,Mizoram,Lunglei,1154.889779817647,17.626756340987868,203.8359958193355,-0.3998218418123668,0.38910070898988913,99.08188444046769,2764.6224627360784,2049.9001585109445,36.29818064037347,24.949703819788848,27.031678966752544,48.018617213458604,0.7881731262092108,1.5509754821904511,34.10697953226636,cropland,0.5937246207150706,0.4502437388447448,0.7041681755776308,0.3557240435044353,15.547261952516259,IV,313.34312769878886,2,,,,0
27.257739137039906,90.53716493755637,Sikkim,West Sikkim,760.5698725365012,8.653594797016616,302.2211304029404,0.14046021833753905,-0.638657407544977,9.083879674943761,2549.682143288976,1994.1781552248592,90.7304416931871,21.044999583024417,25.27046585022783,53.68453456674775,4.212925167937249,1.3419244832520478,34.96458415496673,bare_grassland,0.25197187030750845,2.1412794952410916,0.624543784120662,0.16843506693784205,0.9259285606707451,IV,127.62830599512301,0,,,,0
25.726970822187134,91.50250598184198,Sikkim,North Sikkim,1480.7033653973147,23.32173082300288,145.11421683736683,-2.5262830464896604,-1.8222648284752612,94.35676355869225,1890.1245351999705,1230.7180216635672,64.37822966735293,36.53506209781048,38.17704611049566,25.28789179169386,3.2178578616715767,1.4588034328318298,33.40598113819161,dense_forest,0.5178319359253458,3.5749284611438092,1.161787272484256,4.866266247791331,24.308342553824634,V,112.90221405522865,1,,,,0
25.27951464292176,94.53850742377804,Tripura,West Tripura,1311.0826686706555,1.2860642037813967,294.73291844019303,-3.8630503091937536,-0.7536895340051812,1.1051800917192716,3667.010240034152,2586.5925925060956,70.55418492968103,28.375680063297445,48.47527043898711,23.149049497715453,4.460268208924111,0.9,37.47478310884853,dense_forest,0.5423833562528961,0.493974724487635,0.37876492465769285,1.1432389449687332,22.654908609601645,V,386.59499694033286,4,,,,0
24.82968042166202,89.89593720224036,Mizoram,Champhai,3042.127361446231,23.759563147542757,285.89576814455546,0.743168189460821,2.4833175952433475,78.23912437260728,3313.687964444154,2178.1525551277305,52.56059903625642,16.94794818012754,40.20497401774462,42.84707780212784,1.8544851729297065,1.1915852115385939,16.078279397522365,dense_forest,0.1260860238673146,1.458252633128589,1.411983753990926,0.1590793035776749,19.701811708724495,V,150.9541284227536,0,,,,0
27.376272759025632,88.73074122990873,Sikkim,West Sikkim,764.4980374752538,21.00879230210885,63.530735662632026,-0.6284038846741673,0.25596567367715295,78.59725075943238,3372.3722522644584,2258.187329409162,113.11816813291657,12.407759756346962,23.77202573885613,63.82021450479691,3.9853941808201108,1.11361602398044,32.52904663192833,dense_forest,0.5183926584431036,1.7899320576151656,0.2842986124599263,0.5363927106241383,6.932133370175093,V,227.6513755301227,5,09/07/2013 03:00:00 PM,rain,medium,1
25.14396827626566,91.58811134563508,Arunachal Pradesh,Changlang,1679.3805819534778,14.540348339717697,338.687081231669,-0.48203005476749616,2.603309849764476,39.42349936462409,3105.822323895295,2580.1943346661446,79.16018749210662,39.93248141426048,18.324600585122877,41.74291800061664,0.5767844914532235,0.9645637923074482,22.621845685745473,dense_forest,0.6491053133106137,4.573419279545549,0.7870139308484232,0.5100260352300936,4.919521958496375,V,147.48896977332888,2,,,,0
25.548872523136026,91.23074288954642,Meghalaya,West Garo Hills,1546.3762662414574,9.629124020473391,323.21458705715844,1.2780552899015456,-0.1728523138026508,36.46924649070018,4028.400640384272,2709.001734260192,114.21849321868486,24.125057934485955,38.578098102602034,37.296843962912014,2.6453057527965638,1.3461856595736357,46.343920598855625,dense_forest,0.06914147206120486,0.6111636996732183,2.1296226495512305,1.8561255055985337,1.510431491781685,IV,77.42807519494855,1,06/28/2010 12:00:00 AM,downpour,medium,1
25.620118016513757,94.11934675715914,Nagaland,Mokokchung,659.0837752400456,5.440949891864101,18.05798037623974,-3.6463141991559422,-0.029102843822199187,23.607336168603222,4649.8327362870405,3385.374788934359,70.76111242709617,19.427910768769586,32.233698005980976,48.338391225249445,3.508787202432117,1.1194485929796887,42.8678818659782,dense_forest,0.2841356520792173,0.7888903732901302,2.4955932509332968,10.624291652051095,10.22468323045284,V,192.57688120582455,3,08/19/2015 03:00:00 PM,continuous_rain,medium,1
25.60788123481157,91.30410680364169,Meghalaya,Ri Bhoi,1026.831795690846,25.023584721933197,287.601195195824,-2.316633873555005,-0.7196540668249708,102.08395547926108,3588.305294165836,2829.163834222694,121.77826996626204,27.406055548972564,39.71577047065059,32.87817398037685,3.5336230450157537,1.239731394305663,54.38545484451402,sparse_forest,0.23986869853785447,1.140485060595827,1.5023374700689676,4.471680431127742,0.05,V,173.72018736612677,5,09/11/2007 12:00:00 AM,rain,medium,1
26.036539577835025,94.54155872138631,Nagaland,Tuensang,594.2205272848004,37.35220474659157,249.46762028596484,-0.7154127944566614,-0.8698772556172847,104.06758325303767,2588.270978436207,2028.0341192620378,108.1194534064953,38.688922839656314,49.15113874332923,12.159938417014459,2.9423910691141812,1.2886230310230722,38.77586970084019,dense_forest,0.6538839918696715,1.2166245761414725,0.6364907565111095,6.177193835175983,0.9150393675356807,V,86.40952522575654,9,07/06/2010 12:00:00 AM,monsoon,medium,1
26.185015187618244,91.84265589723319,Assam,Cachar,948.6928607367144,31.074292889891076,52.546955819857814,-1.6221091939693977,0.6077571907066892,138.30540886915597,3062.8242905259012,2091.1392983424375,113.94930455468365,41.174555858835845,40.86098000867573,17.964464132488423,1.140243011136011,1.4451341382887748,30.926853143079803,bare_grassland,0.2797967193575744,1.300991090755941,2.2388175013664693,7.436048751866268,0.05,V,462.1895891301922,6,09/13/2007 12:00:00 AM,rain,medium,1
26.166488157219444,91.82090217339818,Assam,Kamrup,494.95073034025773,31.5108598455262,8.96870544866584,-0.41024148219171863,-0.5437821648238653,134.05080295641102,5296.630097167677,3513.674108674832,135.84163761624248,27.503902091192526,36.6510856142751,35.845012294532374,1.0732685203318477,1.386279507410915,50.17066912369252,dense_forest,0.3737175522676678,1.4101989844909544,3.4551878454526266,5.001167652605436,0.8168656724557417,IV,385.17573952732437,2,09/13/2007 12:00:00 AM,rain,medium,1
27.152051135561987,88.32026188328375,Sikkim,West Sikkim,3145.6175260335967,39.69597136529512,122.12198691186235,-5.3445326553097,-3.268264452056504,171.3383375934823,3534.052430175515,2657.9090575132377,118.56618428196862,40.70927906838239,25.654972362208323,33.63574856940929,4.949181980254361,1.353046294384557,31.725022032245107,built_up,0.5052665693797449,2.9267236965155785,0.47730865694280256,3.5139065271665677,2.6852041918561906,V,300.3361060418914,2,09/16/2012 12:00:00 AM,downpour,medium,1
21.867922307636427,89.22674241339514,Mizoram,Champhai,1189.0966934017392,0.8104714930565358,336.71318559482313,0.9641144157729102,-0.19023404197085733,26.763396570325522,3077.238676777106,2413.4840183015735,69.74900950046344,47.60346099236772,41.2502511052837,11.146287902348575,2.442379826203329,1.289437838871371,38.043533567110465,cropland,0.49650085369323604,7.710563198432044,1.1183592881306341,5.558635688003562,13.85083755483136,IV,189.4227537846177,2,,,,0
27.44140769678409,92.36912482170833,Arunachal Pradesh,Changlang,2793.3197467596283,42.84896636622111,359.2151949489094,0.15174413886540794,-1.987944357725671,154.10422610431002,4091.0589871062416,3233.4566280253407,105.52020871005902,24.721750369250998,16.32013968080483,58.95810994994417,2.094319324020951,1.4194258698077238,32.88261155650312,dense_forest,0.42707103937353774,0.08586541232129152,2.917793594551115,8.101132603138863,1.4642261570568076,V,112.43903783744977,4,10/29/2008 12:00:00 AM,downpour,medium,1
23.989786820600017,90.45182664120381,Tripura,South Tripura,279.67148499517805,16.591511592568384,45.05145828976008,0.8951214224298836,2.2391503391100818,58.80633033091732,4375.786837525859,3130.606671622781,65.3976580165498,33.036058722895596,47.94676949078499,19.01717178631941,1.9076998198581872,1.5403301431777385,29.365660928915652,cropland,0.5016026915641877,0.1908616663444322,1.1964123669620235,4.9487744935261375,7.2849747954560415,IV,191.71481308328583,0,,,,0
28.042014148742002,96.48387074603018,Arunachal Pradesh,Tawang,1412.714750135469,21.58746221741043,237.10505988197275,-1.2257844886642055,-2.703837425185477,87.5921371807881,2229.9772457043296,1694.7804469757134,119.7531118803986,32.62416214632949,32.362006808775014,35.01383104489549,2.8381020738794143,1.1321094054377896,34.21552278451168,sparse_forest,0.37290158135532675,0.53296971719675,1.615374174014449,2.1604269943696734,0.05,V,160.30426940338435,3,03/22/2011 12:00:00 AM,downpour,medium,1
25.02129241717106,92.52162984301532,Sikkim,West Sikkim,819.6204359932608,16.045651182471175,20.84818396847814,0.3660127776180642,0.2871930415869791,81.27588017706339,2129.7459740288045,1493.36557620233,56.326152134226014,37.655217697597244,31.422933655003007,30.92184864739975,7.131576429919768,1.2288229570211722,28.131459973773406,dense_forest,0.40564575535119674,6.945564559054962,1.3087403089275997,0.5224219777072376,0.1449747138280397,IV,144.3477822108182,0,,,,0
26.11216215717564,91.83773035676688,Assam,Karbi Anglong,740.3001145804809,22.94339943615706,157.33751216102465,-0.9459253187409006,0.275876842819602,60.29545281030516,4580.370095677568,3817.68758880381,92.16877652780026,43.64096790357873,34.035024531643394,22.324007564777872,1.5507218322834269,1.5259487617612892,39.30793004411659,cropland,0.3876782841315172,0.20240693376044394,0.9182925784780904,0.7667972987990275,0.05,V,176.91957269696945,2,10/06/2013 12:45:00 PM,downpour,medium,1
23.458067286016043,88.06441799553471,Mizoram,Lunglei,2237.358924250409,16.19969925737947,173.36958770577306,2.061108542206577,-1.059264187662099,82.86400582404053,2848.914489210828,2377.177192330304,50.240006571050955,26.621360590769182,39.82010065091945,33.558538758311364,2.0851456563506314,1.4503690862111984,43.02384833380801,cropland,0.5052640395912058,1.7193825286827313,1.1081217301687134,4.087947728292998,0.11326383052921599,IV,116.43005085996771,3,,,,0
27.31655159397984,88.71973461479011,Sikkim,West Sikkim,979.8391642312082,36.914510072936565,134.68739879275725,0.32541022972030276,-1.3936575890736598,106.75316107008972,2483.1159299065594,2061.870074275431,82.34860854916701,46.41005043170294,30.876770154519583,22.713179413777475,1.539710987681403,1.299996596974793,15.414158501828487,cropland,0.2386224097482132,1.450429493509767,1.4215704661779667,0.4881122154744543,0.05,V,209.71356563697495,5,09/07/2013 03:00:00 PM,rain,medium,1
27.941547180770925,91.2313151320625,Nagaland,Tuensang,1123.7988726112724,24.50721704634679,91.31672114870607,-0.669627944544644,-3.7349402424017932,67.18314317035352,4118.486662060709,2699.7658787613605,52.80371294954932,33.55100489829362,28.366882460912286,38.08211264079409,1.3689745722329276,1.1086060210387432,48.15467433908809,cropland,0.8033659229860632,0.09746780711655709,1.0482264694588082,1.7993205382215083,7.501820518033878,IV,185.65720999321232,1,,,,0
23.476431978851412,91.11246911431951,Tripura,Dhalai,905.5165470564806,24.35528055253274,210.10484124828048,2.809010570330349,-0.4992753872718517,87.29385428222591,3940.9786390877216,3292.472080872539,94.24234532159822,40.53992208010933,40.87194507396713,18.58813284592354,4.087168449393747,1.236716197694536,29.46522431491325,sparse_forest,0.7093776092486721,1.787300817981678,0.27052174452446653,0.26116987832872846,18.249876961760986,V,175.92581151281286,0,,,,0
28.416597142509147,95.97535543276949,Assam,Kamrup,665.7796165668934,26.59800883232507,336.65711826840277,4.489779276886575,-1.7109142151982497,70.03561586177138,3330.2161895031154,2467.5465097065785,112.04858151368543,28.035081182857134,41.153596751756496,30.811322065386364,4.612976660858618,1.5256764139044603,31.174064690885924,built_up,0.4987032016122561,1.096273612164353,0.1280205070670382,4.592063084590132,5.709826220394609,V,179.49839857402267,3,,,,0
26.694513115172928,95.29283764459956,Arunachal Pradesh,West Kameng,599.3355761147121,28.07217065061307,79.70521700858896,-1.1699320999139002,-0.938341860285657,73.54538773599,3832.7316019796285,2739.5253624879483,47.83993767144588,27.72516078029587,26.794604535406965,45.48023468429717,1.4264428202928572,1.3787235188269602,34.26398059676055,dense_forest,0.6687610549761357,6.039825863760287,0.25721116419326434,0.4289169652550947,37.08500580961432,V,93.55810573690407,1,,,,0
28.827772388140453,89.21807486745497,Nagaland,Mokokchung,651.8519927218047,13.68460706259248,195.13671116168274,-1.4508239943036738,0.25138420582276605,57.541075715405995,2099.87682929954,1388.0571968777874,44.079053490870564,32.434137281886464,32.03221462576957,35.53364809234397,3.4054194558258497,1.2743496911865775,37.20754160619116,dense_forest,0.6167380964055758,2.412140062681376,0.8514916294905555,5.9466673817730475,37.36360585235647,IV,204.59636241846323,0,,,,0
27.45195986120649,94.80750588320447,Tripura,South Tripura,636.6007011605161,20.588931137993235,193.6055337014532,1.3758774031582106,-1.554191960515667,63.31333203041562,2339.3448872780955,1864.1077575527647,77.98540220159427,20.372662068351353,54.152101532562966,25.475236399085674,1.1136284128679401,1.1406776633141367,9.405940863743954,cropland,0.6219172054402808,4.865823818227377,1.1074601341453059,3.67344629000986,4.665809330002571,IV,110.70979385785976,1,,,,0
25.11154638577939,93.43991724686309,Manipur,Ukhrul,1687.333281762939,51.152436744582126,349.70489632856976,-1.4277329040877982,0.19479155475067989,159.07129364247373,3504.727542139462,2802.674846740795,85.65596549931766,49.01144640066033,21.696500976468496,29.29205262287117,3.171988581096831,1.178487733402527,26.499898207462287,bare_grassland,0.519043935488216,0.5905740627297978,1.8981438281336906,3.839821160854969,10.743460623900607,V,143.10325690124708,5,08/11/2015 12:00:00 AM,continuous_rain,medium,1
24.85787366202752,91.27590874901911,Tripura,South Tripura,910.3757353769565,20.731800575596154,295.4601939264902,-2.4833209175243773,1.2552911898358567,61.40182540961969,3286.4235952791532,2281.9710129500304,39.97048451235311,18.03190365041219,29.80277079667134,52.16532555291647,0.46144521168442854,1.4994966585742375,42.95183167113632,dense_forest,0.6338085339103884,4.885139964282008,0.21157222319995853,12.716295586061579,0.4111438901623781,V,38.21387626833739,0,,,,0
26.15214664763176,91.69653786694681,Assam,Karbi Anglong,903.9720973988548,9.703576309132137,222.5472624832968,-4.125704120067033,1.5293740103519302,27.291642147037365,4288.441946427348,3384.5453611950024,83.17696339552887,37.28944780162106,26.906029974485286,35.804522223893656,4.169713390550047,1.3305564065393718,38.608918194449274,cropland,0.45282115342135687,0.03769329603162849,1.7169964742452026,4.151308400217994,0.3397761890433918,V,182.1051819858281,6,06/02/2012 12:00:00 AM,downpour,large,1
28.488849257112772,92.69570403256293,Nagaland,Mokokchung,2117.8747431929523,16.681246400009265,41.26751168655497,1.1834668723969957,1.2504232320518134,63.68989112944667,2822.767199717947,1950.6132943172756,52.96834857996992,26.98602353443249,30.65375544864429,42.36022101692322,3.8621293586791916,1.1999542641450538,40.61872823003218,built_up,0.4838654700385693,3.447497185316026,0.6638630920410544,8.054814608217292,4.726283480772308,IV,52.37681556696324,1,,,,0
26.01955421292855,95.26664383894321,Sikkim,East Sikkim,1859.2180910539907,10.334012786778096,146.5634529901785,0.07463735038815723,-0.6782115973019106,24.130954711553496,1975.5977293959968,1507.3889516949523,89.83552704662696,24.4690881557285,42.86290722950436,32.66800461476714,1.7545656810867605,1.2415497040880887,28.89374255149921,sparse_forest,0.7152135185394227,0.40043072275356495,1.3348192969026993,1.7655941472749617,4.0155962159910565,IV,232.0109212766134,0,,,,0
29.209765321980534,91.11530883379966,Mizoram,Champhai,450.3693786330147,12.670576535767772,138.4659429184468,1.190200801345726,-0.6518405190198907,57.588656068881875,3393.23803717165,2481.9084953975716,106.33372357242625,20.580265408682255,31.184912592163236,48.23482199915451,3.0041274641202427,1.3363467933494864,45.117155050267115,dense_forest,0.6805828109485185,10.895194034094754,0.5827198736695034,0.7848953333787447,1.7324154458847625,IV,160.30003154136546,2,,,,0
26.184075256736847,90.15025058296037,Mizoram,Champhai,2454.430467562374,20.898635643383358,51.52260411683316,-0.9273763682667232,-0.4385215948016554,80.81401982319545,3331.8412505938395,2557.245829876166,65.89373575400208,12.947330155582746,33.192696265029475,53.85997357938778,1.4557264687856264,1.1132893812323301,35.60009327682835,cropland,0.4738158107806343,0.3429740625594401,1.83968825670299,0.792453456225093,36.94829367631487,V,28.022525903859336,3,,,,0
25.012146470461566,94.33464975092815,Manipur,Churachandpur,2029.4498662335013,30.719821024790953,37.81097963291537,-1.6815679104052865,-2.005008312795763,108.85889637162073,3646.719714650965,2522.332448067751,69.7888826168584,25.73383548250722,36.53424226419774,37.731922253295046,1.4765851633612417,1.2179875575858923,44.32798379744366,dense_forest,0.7426993022424982,0.9772174993203141,0.9490759472803065,2.8655395804560593,55.789142546549805,IV,350.19507805989036,2,07/07/2016 12:00:00 AM,monsoon,large,1
28.642933399953602,89.19194682345567,Meghalaya,East Khasi Hills,749.5785140131168,19.752408216191853,310.74180723524586,-0.4650302538565331,0.11127799169364277,63.73025554070586,3530.86883310151,2781.6415806338755,79.95500091277,24.04886392998157,40.424988370145996,35.52614769987244,0.9378788183788234,1.2270035821599177,35.582885953785606,dense_forest,0.5958728540063473,1.5197677286810547,0.4381636975322312,1.750009659355343,0.5606263146519492,IV,193.3213044809875,1,,,,0
24.910352738037446,94.54133722741035,Manipur,Imphal West,460.87751206574114,17.43694212168279,46.5162111767575,-3.7254769049236987,-0.6124217098274012,38.454596212451335,4539.273072747732,3203.342253588081,103.78599088277866,27.92805892107606,19.165537007643678,52.906404071280264,2.2302018684750124,1.481339143746093,39.26441949465139,bare_grassland,0.27838244754804564,2.803618854683822,1.2480593864485803,0.8376260475497688,8.370205925345758,V,612.7343719218969,4,08/01/2015 12:00:00 AM,continuous_rain,medium,1
22.879311616627522,96.0751002055786,Mizoram,Champhai,1263.507437692367,12.738095355071419,216.0368914762646,-1.4027253618925872,-1.7279982989715248,12.147684002646972,2229.1015488958556,1534.6640062169267,85.27494066832003,25.078544252105516,28.66776460520654,46.25369114268794,5.39883652650905,1.5145941781408403,32.543242337925506,sparse_forest,0.44681080902227066,0.6442202107192124,0.4943248199708924,2.134664416789442,5.913325484447567,V,223.14022032314952,1,,,,0
29.404848497569688,90.5076079782558,Tripura,South Tripura,1727.035890908866,17.58327278324008,133.91985656208658,-0.22824251923502792,-0.8412771171055462,69.55560814912604,2536.255819534166,2130.17402912725,50.33152260719798,27.505260623733232,36.49952531092619,35.995214065340576,0.6974316999691653,1.2882648657442295,39.52902909224556,dense_forest,0.6241191552612384,0.45831260180461086,0.6634765086582742,4.730197640994374,13.735408404414462,V,115.45494761625446,3,,,,0
24.86541905668652,92.4898677596828,Manipur,Tamenglong,460.3384247740582,0.0,136.84289992919713,-1.3279344387034313,2.023309890497655,0.0,3695.1290249092417,2440.4426517890306,97.24285874471502,24.681128772094922,49.73311934242693,25.585751885478146,2.3869977691954496,1.5493221911763249,19.08296544396962,sparse_forest,0.7604673621655582,0.31864162871056534,1.721700819909083,0.43070246125185485,2.8303073050230556,V,178.88887324939878,1,,,,0
29.362854861940637,97.49450217258874,Nagaland,Kohima,1802.0571596865382,30.977709122910305,274.1213661915763,-0.6001487665846824,-0.16766941798138627,100.54449737122317,1944.0048586851285,1291.984423471728,111.33870473046964,31.1958087536124,49.94612082830915,18.858070418078455,0.6676199846927154,1.2025941540505205,28.017449859748787,built_up,0.4798539677134602,1.4582121873583922,1.1817142788189843,0.8664955182256827,5.271009083343996,V,330.24106302184794,1,,,,0
27.398857593509884,92.97620189581785,Arunachal Pradesh,Lower Subansiri,791.954254094097,30.3641471365798,77.68751050988628,0.191821822074286,-1.751217531392044,58.772212577659246,4631.060467221755,3141.555280469074,78.16292003325563,36.30977957526137,29.251930817019982,34.438289607718644,1.275071675363776,1.397108229282225,40.94446868913354,dense_forest,0.5095850869661317,3.627736015806313,0.6361530903334838,0.5815907600888421,11.00218696502177,V,193.87620326165492,2,07/15/2015 08:00:00 AM,monsoon,medium,1
26.62583767583842,88.41289190876712,Manipur,Imphal West,1422.8859062608776,6.567850736045251,7.922837312976214,1.3470817576578908,-1.5991494127982728,23.037337589368356,3855.3472379260265,2652.199556522019,141.03725767059822,13.717167055655477,43.65847865517284,42.62435428917168,0.9638027738575525,1.1964865177017425,24.14355312073975,dense_forest,0.2932985049144154,0.40891129249584285,0.4821476594733549,0.2680591541854592,6.845523561870055,V,330.5120084512203,1,,,,0
23.56847840232936,96.58593089150885,Sikkim,North Sikkim,417.6756063279253,32.497577750596626,193.66817039729506,-0.3858617008572509,0.9583358530877781,100.24499790920018,3740.1486058802243,3170.989067399818,28.736632524053903,45.01853387234406,37.10427749868384,17.8771886289721,3.2837688921161123,1.1310519469474185,40.23982022880173,sparse_forest,0.3588585433132093,1.8811739295968306,1.2573521842045179,16.33041009650571,15.673268679659989,V,73.21085811629982,1,,,,0
28.0147251404423,88.50754206699908,Nagaland,Dimapur,1570.5639390295235,25.566388117346555,11.579339853480356,-1.4971210895173959,0.9396088262271454,102.69770526110045,2015.979944316032,1634.2241565084337,44.63078463834581,35.40518299585046,14.85219852903018,49.74261847511937,3.299089059799251,1.2509901645438284,18.910476772710282,built_up,0.09740584391236479,0.942880410819384,0.9338289519794499,0.4479842000515044,5.129534466276537,V,158.45852400357356,2,,,,0
23.31397930498688,96.89977704616906,Assam,Nagaon,328.59720301015227,22.588804982471515,30.130467615207223,2.22067387879622,0.20728453774524935,115.22871528080617,2300.4140306832865,1575.1339089006262,81.01383537915723,25.378740912779417,35.654753303104854,38.966505784115725,2.302057105425499,1.2353575961293108,44.128949532987185,cropland,0.30892959716446766,0.5166748090408851,0.9723622325958016,4.401367588575575,2.0155414944028225,V,179.1540113765802,2,,,,0
27.49669909926567,92.53063134586338,Tripura,Dhalai,608.3087365473664,15.656249974188366,256.2982586340489,1.3453779568220876,-0.19133658163193049,36.77725660787412,3584.65962136141,2406.8769111270276,80.00534718527604,32.78217867133769,29.65786069803509,37.55996063062722,1.817865630782777,1.2540634872486094,34.50016673213362,dense_forest,0.4230438861021605,1.1764085511898899,0.6395965467144253,0.41120124393515567,0.3687681007550688,V,244.1694334461186,0,,,,0
26.30323014937923,94.66083046008761,Nagaland,Kohima,1807.6214595259344,12.623147325093107,103.42438491164077,-0.6090492704521712,-1.8829847473468515,68.32677014722758,4499.512388616831,3014.1237904335103,80.89469210165211,37.512844132912264,28.223399506511797,34.26375636057594,1.3524958697051652,1.4631585875342838,48.29050502342987,sparse_forest,0.18545333789710294,4.19350009237566,1.193703938557403,3.7653872252851905,0.05,V,136.28102742617648,3,08/17/2010 12:00:00 AM,downpour,medium,1
22.258670164373076,94.54640906342095,Nagaland,Mokokchung,763.0027520144804,19.2166909730886,191.6850647337856,0.6502268843498213,-0.3844464088458451,51.46392317388935,3747.504390470881,3123.4532326974377,77.47879107323052,21.950257136813462,40.974112851907606,37.07563001127893,3.030468599421311,1.3777209279073648,35.82313488539468,dense_forest,0.5618232842687457,0.4905868847223805,1.3287104358244726,1.2470642717665963,9.153206038652616,V,184.02168919246708,1,,,,0
26.138457834397116,96.93000697445937,Manipur,Imphal East,409.683895744374,7.883188196702141,141.12496581143805,-1.0073378485192146,0.813500109818784,33.418283170273824,4203.952320426519,3470.442793002236,53.08161782747783,39.193772125568195,36.53119792296223,24.275029951469577,0.7980185770343698,1.4015950760633868,37.48927460871877,sparse_forest,0.45650164897390594,3.536813554585535,0.6197105851265087,4.800653494884667,4.705813328075928,IV,174.69304337111663,2,,,,0
28.626121731929615,90.23613391536401,Nagaland,Dimapur,374.9917446369833,7.64480649179011,259.2085221268741,1.6756731195836452,0.22249947451867302,21.27271171919583,2677.691822113913,1770.2605964113168,44.6872539379541,24.724743841872893,54.22480064710336,21.05045551102375,1.1219065771007166,1.2497204370427286,35.110604480919676,dense_forest,0.8041057150468525,3.270996642970408,1.1271013969448889,2.1427630481214317,7.471560251960402,V,173.2252251049766,2,,,,0
23.669326284093426,89.30668233497872,Arunachal Pradesh,Changlang,531.9969911357784,14.43921780786043,250.88032252468895,-0.6803428823371612,-0.07472070331370298,48.71104579020482,2610.1478900657835,1716.3765036494376,59.83840855016525,24.107038733092267,60.73192453491734,15.161036731990393,2.4078387958928316,1.1604385266001718,32.86236139758745,dense_forest,0.2755096252317799,0.4264914577425334,2.4679051854849012,0.07226897675126054,1.0429799374154398,IV,136.67999113177018,0,,,,0
26.17332357331424,91.68044837607509,Assam,Dibrugarh,2295.13568672618,59.70833057107407,152.40270841712245,-1.5593673310874192,-0.1786178974256527,179.784370650474,2979.1090613436772,2150.3973834408725,155.43737431599283,40.89888000617472,44.660187793081874,14.440932200743404,0.7832139257990742,1.4307126170321836,39.45516269291827,cropland,0.05798015179932797,4.067292296232623,0.7384127925902425,1.8200942467242884,0.05,IV,162.579988123349,3,09/23/2015 12:00:00 AM,continuous_rain,medium,1
26.167276171325422,94.85096522929649,Nagaland,Mokokchung,166.93978382223332,24.88151948901249,21.320581638314255,-0.9630427881344586,-0.2092553283125459,116.6162680021308,2414.6607227599284,1577.8390500668913,131.77936405410878,5.0,38.96423260641837,56.03576739358163,2.668019926353726,1.1813599562424568,49.87330873960403,sparse_forest,0.29170450024290473,0.19021273765867208,0.3946080393194917,3.508855284917453,0.29815105004676656,V,39.4474254307093,2,08/14/2010 12:00:00 AM,downpour,medium,1
28.069677420800634,92.35077732075678,Assam,Kamrup,1955.4304980888028,16.715650220843003,54.954714421582956,1.6992960196617086,-1.2665538454298542,67.3809647001755,4788.850230896339,3493.218211566325,37.73733357946349,35.83709487979041,29.043156165317846,35.11974895489174,0.9455618670004238,1.4135391347193147,34.50066440436132,dense_forest,0.779932499476857,0.6384705162583322,0.6497307129822072,0.42392267911799725,0.15306744576078887,V,204.87259862813187,2,,,,0
22.43442433875967,90.52113739083775,Meghalaya,Jaintia Hills,999.472000034397,10.091845338424676,265.496848754206,-3.1178991375371785,1.2746784671351823,29.737816336772255,2642.9696318040646,2019.3238216345567,87.6755834867456,20.69925899011617,25.362940448995747,53.93780056088809,1.2293546257712968,1.2311790831918175,43.17056895102232,sparse_forest,0.41179346923509924,2.7006278170461404,0.3378525475339663,1.4368569993910212,9.880826347336203,V,112.69960333237238,1,,,,0
24.793349631647857,93.61077239127323,Manipur,Imphal West,642.5432746836952,40.28727193215916,86.17812559038127,-0.9805576068006845,-0.5025425146905046,140.86844171446145,3509.541148503067,2869.024212030951,90.08243761058844,29.159890771838363,18.53368516406864,52.306424064092994,3.4968529269590176,1.276315447396923,43.44041041083455,bare_grassland,0.16339827486609015,0.4077022301136907,1.2003683468967092,3.1109339417851727,2.619019820327402,V,44.69247612229378,5,05/31/2011 02:30:00 PM,downpour,medium,1
25.19825749266469,93.67403403061681,Manipur,Imphal West,2238.7848613193164,41.339738902182376,319.04275772372614,3.6608179751818057,4.206020679840232,168.77989609145058,3670.813915145762,2499.821579696108,79.94233835901575,31.338003274552754,29.315778933483994,39.34621779196324,1.2897609500268492,1.1016215675624104,37.70460225792341,dense_forest,0.5365889071235247,0.4989610994639522,1.6765111099209946,2.909111536496865,2.656719064093716,V,53.46021625629064,2,03/04/2012 12:00:00 AM,unknown,medium,1
28.50513723867422,95.75128480130145,Sikkim,South Sikkim,1994.2542594996203,6.76001646017102,186.6955654637928,0.3107848462030639,0.04347935724009791,30.22287144436995,3529.374541270442,2634.375481701316,99.17968976888693,17.163160841719957,30.250648738259358,52.586190420020685,0.3799134286298329,1.4329885695545452,32.88840572013987,cropland,0.4193910479469898,0.440738096867841,0.16422129605652785,0.1507769332436907,12.219838195456019,IV,80.87058362916994,1,,,,0
27.515207450100363,89.32513009448833,Assam,Karbi Anglong,657.2105671521807,29.721111502331446,100.68544268658461,2.7396420512614115,1.6465324707617586,77.25029617543551,3622.325367918514,3062.3350338833275,91.87795410517275,21.01934429656754,52.532527573102854,26.448128130329607,7.5643642937178734,1.3664144676286027,45.6065108508015,dense_forest,0.7423221614070942,0.3831547038119125,0.6972794452337776,9.400351346194162,7.5313709947605325,V,312.81998400191407,1,,,,0
25.9330554159258,89.58770397212659,Assam,Karbi Anglong,2284.443114639271,35.948915691092836,328.4398693505861,0.3424364276496361,-0.22844076620266046,106.68793849050681,2373.2410417325154,1652.986482759958,46.59706983551173,37.80336848446297,25.827531613783734,36.369099901753295,3.6046018389346357,1.320824787269167,25.414276482077724,dense_forest,0.6755090041864865,7.13240815676607,0.6278245673546384,2.3840673529482133,25.952401595622486,V,261.16081272421866,1,,,,0
25.960743387349723,93.45641717100018,Arunachal Pradesh,Lower Subansiri,1278.2506467736248,5.375967141727884,62.137049819396246,-3.0718359219037894,-0.9777839853757658,21.020285114279453,3188.611790912063,2259.139139042888,42.377574053564125,34.39167557937823,34.9602543814031,30.648070039218673,1.0343503051799525,1.4190944181123817,40.93523620336904,cropland,0.7674302374805783,0.9725937007975858,2.2615098796773814,2.010760630847023,7.91248262994909,V,100.15621947437421,1,,,,0
23.099244073560474,92.59532678755379,Arunachal Pradesh,Papum Pare,808.4337522955183,30.831930596553867,214.98129273055096,-2.5854319878998075,0.029052601571043134,130.3666320148616,2701.2615961447727,2094.8626587117965,34.19316056726649,25.42150275114866,27.94504880609356,46.633448442757775,1.354608459272834,1.26087249632581,14.520358892009842,bare_grassland,0.42367926470907125,1.3739956831854114,0.36066919869352,0.8796096634104223,17.22466173903805,V,41.25817934652487,1,,,,0
22.8351240499534,97.35557206241249,Arunachal Pradesh,Changlang,1911.5919625070517,23.178606115561507,291.05567619649133,-0.6523782308533688,-2.9817319932623936,90.58987846555257,4658.230421422815,3897.3931734692746,58.16415058684721,36.86624363694749,35.01401933305052,28.119737030001993,1.6411365291258815,1.3432593806257438,43.46382968091728,dense_forest,0.26993857084301454,8.968010837120213,0.4394600741086582,4.485050363339217,10.959033741570181,IV,216.4472103719428,0,,,,0
25.29978779123988,92.8365225282878,Assam,Kamrup,1701.8350402388255,24.90242954080291,336.26859107486683,-0.4830798927401482,-0.6850482067679414,97.17364367595168,4290.007260567812,3443.855758944952,104.23458507685498,25.347563732851903,46.06028849635762,28.59214777079047,0.9880158040180221,1.1875096060612471,35.26310808030964,dense_forest,0.38279418899308165,1.7414780658739493,1.0427103041680885,8.030984477439155,3.3861164519217053,V,229.68193818513095,6,08/26/2007 12:00:00 AM,rain,medium,1
22.902531890179354,88.94678456184425,Nagaland,Dimapur,1175.1551229546917,12.611608629755718,38.9786216425143,-0.37959487452145146,-1.0173239143004926,46.31461373414457,2439.1849460031626,2048.388353130112,26.663584030554276,23.725298257330845,12.07119663877695,64.2035051038922,2.538487598625866,1.2625383807196275,27.210958292368858,sparse_forest,0.5775259998984243,4.095640800693662,1.7351239907884677,1.7426907674425995,6.05521511191339,V,58.840070113523424,0,,,,0
25.487252324424908,90.17514275295726,Meghalaya,West Garo Hills,1119.1452306781578,24.464246895392698,212.14597508264458,0.37088720183124013,0.4016216218041423,63.73772742244282,2738.4940515869303,2079.4211073676684,89.20832548592617,31.532770019584582,29.967775881323504,38.49945409909192,6.072576895955246,1.2514035871921947,46.9853327217489,cropland,0.38287780127051085,1.6999814050839266,0.5472000396187078,1.022512167022981,0.4274511572920574,IV,93.6790996315803,3,08/18/2015 09:00:00 AM,continuous_rain,medium,1
25.444908414537267,96.36638000577311,Mizoram,Lunglei,549.3536229654335,36.14165813452398,61.93639265511115,2.0437721214180304,1.212893913084871,130.22991161519437,4001.117773932338,2736.82265210679,59.20536560046805,17.17199808390327,36.8141346177931,46.01386729830362,2.4221822708256506,1.3685769774669836,24.550526769870363,sparse_forest,0.7165451775362571,1.007369158778399,1.33111708377848,5.90956757201614,9.984206487080822,V,294.5487401669233,0,,,,0
27.392651516034718,89.55889165536492,Mizoram,Lunglei,1176.5629861678888,13.95798042833092,314.76465467391125,-0.13786569155527464,-1.204788689557692,68.24461191307238,3298.3135088086215,2409.925448711422,51.78708722639173,15.81676151843438,20.5438480528093,63.63939042875633,0.9726408901353406,1.2603612523014387,43.9123290876331,cropland,0.880826075283756,0.5466360747490684,1.341069770739633,0.39341659840962695,23.501131191674855,V,290.7448066895591,1,,,,0
26.882077187713247,94.90745340520274,Assam,Karbi Anglong,1285.3730086874093,20.49775369418313,206.42278918689752,0.05681882830452567,-1.7167895244629696,89.36568986489405,3775.497237077273,2525.919645834934,114.00702685771428,25.090557437637916,45.63299384297436,29.27644871938773,0.4912386477104157,1.1985004651427795,38.2806562305575,dense_forest,0.400117485220438,0.20149486158332858,0.5272194466930498,3.2634425820844433,0.13253982248450225,V,249.4538137587526,4,08/16/2013 12:00:00 AM,rain,medium,1
25.638449558718293,94.0900846925952,Nagaland,Tuensang,493.1595299942926,29.342712071873468,282.7838881527972,-1.5784384035671213,-2.8059429164595033,137.56754112639908,3259.6019784221376,2514.837502027724,90.237860406345,29.008310732861485,29.73709573288522,41.25459353425329,1.3750687380195532,1.2258397911490098,36.599901128354766,bare_grassland,0.1962354171476745,2.337039797177273,0.44601511137770955,0.4949611026347694,8.981860361464364,V,219.74242342700967,4,07/12/2013 12:00:00 AM,downpour,medium,1
27.065274256055833,93.91405927347792,Manipur,Imphal East,630.1395909453688,17.269585410798545,214.6682354040601,0.6094840999673843,0.1221167697678261,73.51352580566285,2457.4844778856245,2040.1416850279434,65.90236436012626,32.99156118378193,32.2468556424279,34.76158317379017,3.8681759169070804,1.2926964458385173,36.33160666756549,built_up,0.5135954974809329,12.02220868437117,1.373348960525198,8.252410457511044,2.7821854964590966,IV,79.5398446269573,1,,,,0
25.003674078066926,94.42849738473373,Nagaland,Wokha,3376.7826267189575,22.027118028379206,318.50264804078427,1.5447312490520377,-0.5349801646615716,67.26706830977656,2558.248567678018,1855.3501165995112,30.886702998209664,25.715284091755596,40.13262055978248,34.15209534846193,6.299565701378124,1.1419675482837819,20.70079754105639,sparse_forest,0.5222608734817338,0.338643614560504,2.0502288967684694,1.133608438379777,3.915459451756969,IV,85.6634284930146,2,,,,0
27.133006286698386,93.72776785290499,Arunachal Pradesh,Lower Subansiri,2481.396438393927,39.82486500116812,101.25333101665939,-0.7643686653512454,-2.320095909377888,159.15212089478408,4793.298461436356,3635.6211849490687,77.3750151647615,28.61383457923247,32.54404714508219,38.84211827568534,1.87535113247068,1.2593890175353708,44.04742411773979,dense_forest,0.4888861778411746,1.4290235792033814,1.2696637355313798,0.577123233320884,6.671810674475605,V,37.12984199763914,4,07/19/2011 12:00:00 AM,downpour,medium,1
29.018264791806324,91.54129925022318,Tripura,South Tripura,315.5074612483908,10.725983853460754,48.954979799017046,1.742114090774729,-0.43694676475204386,40.51991182771391,2315.349311481262,1631.4417593547662,106.28017629112121,22.164382859230003,21.373099478021416,56.46251766274858,4.4232529966064975,1.2387476635293015,39.07315893018901,bare_grassland,0.5252308870491255,2.4868533799685966,0.7849800191902685,0.1548151622139684,0.20448285517714235,V,138.61021901765218,0,,,,0
24.857708435024705,93.84532161628493,Manipur,Tamenglong,804.1275768827094,27.859014812418387,59.499427914666526,-3.60985441178586,1.7088267929421304,120.62086696057945,5759.543518979277,4421.248538954379,106.96021189792667,9.059926482588851,35.65233375122766,55.28773976618349,2.0264681362421912,1.2076523039954283,42.764333937813696,built_up,0.11443517369624509,1.0392725681684973,0.9287445713021624,0.47185679589263885,4.6009082510272625,V,172.44726413100082,5,10/08/2010 12:00:00 AM,downpour,medium,1
25.270276083467397,92.41422072579947,Meghalaya,Jaintia Hills,640.4053329105258,30.301772330145855,263.1444575807094,-4.619625100475151,-0.07231312821699043,115.5056853872732,4304.126870186614,3635.3794825627,111.94178010120218,18.695351118152242,38.28316265257307,43.021486229274686,3.4486182786130124,1.289451514430721,38.78621942900555,built_up,0.5226964150206815,0.8150477753172413,0.2240185840601125,0.48033077580339395,7.35575260334051,IV,158.41074004188107,4,08/19/2015 12:00:00 AM,rain,medium,1
24.3726408699952,93.48844652539964,Arunachal Pradesh,Papum Pare,571.4724765421033,19.600639866339105,149.3958249756887,6.115368087431398,0.37775074867717745,48.768215254694844,4331.85711561891,3007.8456520364844,49.70551302962957,39.126664317159936,34.19412771768526,26.679207965154802,3.1735897881859207,1.3540892749186717,39.673139213151295,dense_forest,0.6009183315899536,0.2990606534330832,0.6909119253516338,2.8613449406244245,5.493402647492407,V,82.92385924548682,3,,,,0
28.835883519896562,91.14603394112449,Sikkim,North Sikkim,316.4656170225147,16.375690011475143,217.24792319232844,2.8316616704315667,-1.7409709556415582,54.75459541567696,3185.332709972005,2577.758163734044,117.14438994755292,27.864030841811285,22.011778847363708,50.12419031082501,0.6061314982453928,1.2668754231542025,41.417657672175615,dense_forest,0.815126701189811,8.801566360419251,0.21195889270248336,4.968365626585559,0.37715300689646325,IV,66.60970738843743,2,,,,0
24.22388727652858,96.57980198163791,Arunachal Pradesh,Papum Pare,1010.9070613836573,30.38039928880846,96.10579218430678,-2.9547813573634993,-0.7273500975074223,107.41433995620866,4516.128798752532,3130.8780171289736,63.139648741567505,45.2299891795232,39.368818907886684,15.401191912590114,2.1664096417268155,1.274884249249853,27.588650567803967,dense_forest,0.41372336877787863,3.0899846301606004,0.5003179025604602,2.1404304146185957,1.240517105511986,IV,206.50023276092816,0,,,,0
28.870426826793953,97.09422188158288,Sikkim,North Sikkim,1017.1028810772298,8.28755894189246,235.4636341503988,2.1762446739748325,-2.7861038579400876,40.59203040432274,1602.4417626816805,1285.0341727755895,151.5314971150895,26.635033845642344,40.94872313207193,32.41624302228573,2.5657867798873553,1.4160540835068778,27.05880657206021,dense_forest,0.4590850394167102,8.875609956185318,0.9760322722743168,0.2185948047980761,6.944322145144982,V,231.24203718552846,0,,,,0
25.063675144521913,92.82888162018529,Assam,Kamrup,2232.987233564311,9.641589065612788,18.650632213571853,-2.932883216769805,-2.8893300026210946,38.40932288592347,2639.5665754202964,2031.7314617685201,112.99966595116572,26.232478817015515,37.69937560254279,36.068145580441694,3.990428194453135,1.283364268082223,34.46087095070019,sparse_forest,0.5614659780212855,0.4908376435611397,2.361280805259671,3.6616778294551056,0.05,IV,49.991603556732926,4,05/24/2011 12:00:00 AM,downpour,medium,1
24.862368582052536,91.76516175549213,Manipur,Imphal East,2103.2224053928485,15.756947955025215,134.87070262770806,-0.05123005615748024,0.9319502975079442,47.19736403577477,2055.8359366409127,1376.0901385586546,57.26417102565883,26.830261399088247,24.479867569325542,48.689871031586215,2.1516859428828337,1.3953441316977802,38.97820776046979,cropland,0.5802937982108153,0.10593912636020372,1.1911645572229077,2.537919395919101,6.165507052162164,V,101.37298643964554,4,,,,0
26.19745958155384,91.80173399994007,Assam,Nagaon,1260.848217694463,37.777143260927296,92.83128986196803,-0.9299123116424557,-1.0289091098069083,154.5113333772205,4143.662462337117,3082.7832680415913,111.95624451512151,25.83737595736581,19.68687519037916,54.47574885225504,6.071505526866539,1.5186258692973151,40.499642316105934,dense_forest,0.3105570976183107,1.496708435519941,0.7992914094655257,1.6665240798205416,0.8503385039320421,V,94.19988157223857,2,09/22/2014 12:00:00 AM,rain,small,1
25.376715164864667,94.18158242050731,Nagaland,Tuensang,513.9930201088717,24.78734089235597,241.24545671125904,-4.915560896714462,-2.927405399234983,55.97447773609944,5276.640882542511,4177.514229725668,73.72432315752751,32.336826840350085,20.901302872054927,46.76187028759499,1.2673635515407826,1.2643038105733961,38.926755748313326,cropland,0.2828315548540319,2.755461631543954,1.2722118200057686,2.642082403192635,2.454043677128715,V,305.4461454151431,1,08/15/2013 12:00:00 AM,downpour,medium,1
28.957558007245375,95.52626423901566,Meghalaya,West Garo Hills,817.776144323312,18.044461045002148,106.56475976201159,-0.7189600187087537,-0.3425114659153814,53.12208690789102,5060.615349124747,3577.2499402954995,51.928337184654346,45.248090497084306,44.75664150495325,9.995267997962443,3.4368519739926815,1.1063740759794847,41.72445009888564,cropland,0.277610195024763,2.482322494974471,0.8893962084896985,0.5147478954822031,1.3177563320602683,V,35.64053617436164,0,,,,0
28.918874102230617,95.02413926108564,Sikkim,North Sikkim,525.6915681081439,35.8981915255096,117.91963497860047,-0.5901828768358892,-1.7403851276804545,123.92654032509869,4995.705868057559,3738.1560118936636,50.10770811731534,33.54400774639817,5.134825744063075,61.321166509538756,2.570341244498065,1.2756177769500447,26.232973135789994,bare_grassland,0.44645864170996197,1.3918739269971445,1.0406175195470235,0.42511623319198355,0.41799680020982577,V,197.54336015971484,1,,,,0
23.101229715301955,90.21766343891795,Sikkim,North Sikkim,930.3946376808706,6.091785442631302,209.2077962734052,-0.795346410858079,0.26926989289329956,30.534861199436882,4127.9982455194195,2796.1628607515813,53.45020578238949,41.87450622491704,27.95751252449586,30.167981250587097,3.4032671532365013,1.254816985943318,34.824645090605195,sparse_forest,0.3765285524063642,0.051063064476746654,0.6320220877776861,2.2557873792429683,4.721709679309825,V,256.49365152600603,1,,,,0
26.87963326828027,94.94768917220898,Nagaland,Dimapur,1697.687499942176,42.87397099267395,246.9142360150534,-0.268254800822347,-1.4390296235181907,182.28799403142645,5369.870241240456,4307.11730925132,101.61831696997544,28.655620161090773,20.720834796208464,50.623545042700755,1.324658732899078,1.4253721922749485,52.38422368030085,built_up,0.27004375289050797,1.4561634822667429,0.5667859397462085,1.6321012077616561,7.112426540020882,V,169.8114468126106,2,07/20/2010 12:00:00 AM,downpour,medium,1
25.450344647737953,94.00880438350133,Manipur,Tamenglong,98.65106179091603,26.498461625899672,129.6333645854348,-4.748375849967488,-0.253610765741158,75.05784886624437,3486.780666478077,2474.071656288341,89.67106746709958,23.549530211868397,21.176182705118112,55.27428708301349,2.734155219125399,1.188508391057259,48.77123861408353,sparse_forest,0.48960775384622873,0.6848679192465534,1.1482449231844263,0.1704607032929881,14.369041932436781,V,196.1564033339153,6,07/22/2015 12:00:00 AM,continuous_rain,medium,1
26.7595931039459,88.97941405946392,Arunachal Pradesh,Changlang,1150.3495965468949,8.448411830187649,189.54313176043073,-1.0571626707315955,1.0154570114556822,17.306009998415284,3201.713698388942,2087.6932658089336,54.293085531395086,34.11702228231868,33.4973881817663,32.38558953591502,1.2900249195264804,1.0490701030109604,27.552061204432366,built_up,0.45945625540921137,4.825436425213617,0.9865433187767153,0.4352761474084772,13.20059704611353,V,116.68180743216452,0,,,,0
27.38287326893343,90.91164391283309,Arunachal Pradesh,Tawang,651.5622407650932,16.481959962035006,156.05810228073014,0.16923299604861566,-1.3286497472683412,65.02137176012147,3390.090926550846,2547.9492004666404,40.11755813609648,20.42919742853034,42.47519696318793,37.09560560828172,2.684314979614978,1.0435214802115111,29.02408838029272,sparse_forest,0.44664330233850186,0.8424240601555593,0.552192702290735,6.9621373521507515,13.963757456162819,IV,209.5203385732921,1,,,,0
21.990191467042813,89.5283797897745,Sikkim,South Sikkim,701.1487434910497,20.887911704051266,349.41127308432016,-0.36500524868526324,-0.1082181950972335,65.97146975648319,3787.361112391937,2578.074876370325,101.37966577765997,30.046072731315384,39.35175023199999,30.60217703668463,5.557614590737671,1.5073850830971844,47.48140114901092,built_up,0.24492209567934042,5.512002519232773,1.8473929387974068,4.215151560264719,5.670827987760593,IV,83.92872207938532,0,,,,0
23.158006768996124,92.01436929191762,Mizoram,Lunglei,943.353699426802,21.63773645792901,108.07084692070089,0.5650357960991225,1.3829259965239427,84.72312855971555,2183.2102075583657,1808.2304566201965,67.91701296904562,16.119531044588477,23.299626982607826,60.58084197280369,2.2307757535031185,1.337983462240097,37.71318557975101,dense_forest,0.3928587082603556,2.447341750693049,0.5854228383070058,4.843097029435278,7.301489914942613,IV,79.47324221456587,1,,,,0
22.914558207067593,92.60226015330488,Meghalaya,East Khasi Hills,394.85492845195296,23.529066129188415,262.30782566392463,-0.7067948597218726,-0.5570683897895992,69.80664238078461,3258.6996456205416,2521.4224698016565,43.50500711835031,11.324356434817823,27.6265176413831,61.04912592379908,2.5237828228676427,1.3341928686824942,25.138993153336962,sparse_forest,0.5657763945304275,5.6969990246934685,1.3767722739658446,0.4541267002141413,11.648201951178642,V,175.63771916525926,1,,,,0
27.846160819036253,93.03981157010568,Arunachal Pradesh,West Kameng,865.8076745669503,37.63517769134543,45.24380208296448,-0.676407404535587,-0.9814115584101528,144.6820637193982,3148.327635099492,2452.368422713414,146.19629812061044,25.91835748971311,32.976678044528484,41.1049644657584,3.3112792434265192,1.0598996347336103,36.549221757654344,dense_forest,0.25594652552875774,0.09588263194282978,0.3407933775222659,2.907163378496122,0.05,V,163.8479137736614,4,08/01/2013 12:00:00 AM,rain,medium,1
25.558834861817537,93.00276425262746,Assam,Kamrup,786.2393145969523,22.017114273036817,349.5796428077665,-0.2639439392491699,-0.12560668658472074,97.6424566793282,4110.1396147201685,3456.5972412129386,88.95039283108244,23.098434347077117,46.81568173895219,30.08588391397069,0.3904002369042419,1.2483609539299176,46.41836982719689,sparse_forest,0.5928935878395483,0.41927903053085536,1.1699245658084907,5.343851352351515,0.05,V,147.615857286582,2,10/09/2010 12:00:00 AM,downpour,medium,1
27.15668912454279,88.35610397509492,Sikkim,North Sikkim,981.9882233973941,28.912426515382922,126.27646684527328,-2.1098742322115536,2.378352870677798,121.86113396502925,4321.424024917089,3640.263110361638,91.16459637234613,51.455409923629915,44.164883607541846,5.0,1.041656699995848,1.1191424622282753,52.435300714688516,bare_grassland,0.533733485530854,0.19190608476799068,1.440402891496318,4.283953916425735,10.333914572361733,V,141.84975306123465,2,09/09/2007 12:00:00 AM,rain,medium,1
22.51686450730889,90.9335053767669,Tripura,South Tripura,377.1128588144381,14.975169551130934,202.8750526713776,-0.5772317498297082,-2.0213301614193724,54.89817757704503,3017.5193856697188,2323.9474006047567,58.5528877585938,30.787195827754417,35.337523344414244,33.87528082783134,1.293223736324593,1.5153440702180974,30.083935572407423,dense_forest,0.5115318734036323,3.7479299644087822,0.8220941525371593,4.818358880239267,0.7303418266301138,IV,86.54152866640433,1,,,,0
25.538137409356757,93.16821642715861,Assam,Kamrup,572.7882091637445,21.606071052657153,353.4749400348805,0.5181498531800028,1.7485820578644637,41.498093942001965,5768.233771926527,4115.269912076794,142.76449634123261,29.544201333440814,24.243309108209843,46.21248955834935,3.236053234413702,1.3339340641696682,49.2646134194841,sparse_forest,0.4855937070027875,0.39644589701751715,1.343950280159125,4.324282587037985,0.05,IV,106.88633697313783,2,08/20/2009 12:00:00 AM,downpour,medium,1
22.936926508973492,94.84396097154631,Meghalaya,Jaintia Hills,534.4874743032476,2.0552565813613928,261.16971818666855,1.0348832173238875,3.832656644957995,14.798094557549913,2560.8382194616092,2054.752046922203,74.23166793074637,25.184077165350256,30.76039232183863,44.05553051281111,6.315726565171423,1.5677058755743851,31.80860808722983,sparse_forest,0.6965203357457694,2.428798929615813,0.6639520861052846,5.212197409333665,5.9526491544066875,IV,88.75690110073378,1,,,,0
23.127181970028488,97.1436089273177,Meghalaya,East Khasi Hills,532.6302661354246,17.60579549277983,197.54846373073312,-1.7333645026512325,2.74995342692051,43.43783989720445,2735.9356697291987,2232.6673992454876,30.00575126363914,26.822569564482055,40.74301961777407,32.43441081774388,2.806795330491982,1.3019370737900124,39.37698762984172,dense_forest,0.3111455621983969,2.4452496064387157,0.18529635018081242,3.3135129709515336,6.1421139390051325,IV,285.68121920487715,0,,,,0
26.311065514483545,94.57021783876861,Nagaland,Kohima,3214.9665717580783,23.943340333948772,10.3064455666326,3.760328212488627,-3.8192814339445866,60.10705996127084,5823.44762317252,4477.513786439226,53.525281462071035,29.64209870899656,28.272167513404693,42.08573377759875,2.8435418502004715,1.4516214664472988,50.70856334450377,dense_forest,0.40847868131400134,0.40539377869446125,0.7968877068216137,0.8839768700539462,0.05,V,131.26589217823616,5,08/04/2013 12:00:00 AM,continuous_rain,medium,1
25.080091335618203,88.51646618103548,Meghalaya,West Garo Hills,438.55262962513376,14.556043710648645,48.73408196179335,-2.2640660703033726,-0.10509505380474582,62.96772582406356,3503.620246302509,2853.319653576867,61.102712493752534,39.98995269302657,13.447278260604879,46.56276904636856,1.9096557144673874,1.1798188305254191,39.19204256936971,built_up,0.46648290687351257,3.8227795891240945,1.9811450139377642,1.7214594301636346,18.05270371114761,V,145.43779028204347,1,,,,0
28.221451314461326,90.34501955384953,Nagaland,Kohima,324.01974150849003,20.9678512785235,328.40922249532355,-0.479897597792832,0.8228834772655831,69.79603949331822,2775.731677818009,2171.2130608767307,90.3164458844506,20.679589052827318,34.19228766651435,45.128123280658336,2.8658501853975396,1.34397642163552,37.79164037350806,dense_forest,0.6517275110739853,0.5707477843437825,0.9490554760740424,9.106678296016232,1.3049576714470386,V,417.04964717022153,1,,,,0
25.48340854525521,91.8146161900988,Meghalaya,West Garo Hills,723.3081828947813,38.299866210707435,355.566135685835,0.30422410589150495,-2.2126235431715777,168.09367973343214,4525.06570272653,3182.3381177735528,111.384022705847,31.507973040145956,45.17682821538932,23.315198744464723,1.1054968974517276,1.2463391029335307,49.20616010774102,cropland,0.5413181058010126,1.6404942892232008,1.4582790188731733,0.028364588449834412,22.621552790758003,V,51.9391429157918,1,08/26/2007 12:00:00 AM,rain,medium,1
28.166202771926887,94.7566499775807,Arunachal Pradesh,Changlang,563.7060169058536,16.88063919293402,334.70360212972184,0.6859135456417746,0.3106444796645755,73.70729623941872,3415.758258164849,2346.0805987649737,83.3856997499517,22.406166375549006,20.742447543786884,56.85138608066411,1.0757116772606192,1.4006229183982248,32.60926445913464,bare_grassland,0.48580313366265954,0.9206797440055224,0.4342464325241,1.1326479045671198,8.760195479825857,V,160.62383958998709,2,08/18/2015 12:00:00 AM,unknown,medium,1
26.042091346998255,91.67015617597012,Assam,Sonitpur,982.2331911085147,12.309450092061468,184.97966615414438,0.13705560768181213,0.05061967738457551,54.44801916232687,4412.170395710296,3376.6538605106816,192.84266043092504,36.49210052369409,41.452712930707534,22.055186545598374,0.5321676468803088,1.5072012144375135,32.74827825210432,sparse_forest,0.2674654043214194,0.28450161608341945,0.37510717132462085,0.012035765834251602,0.05,IV,148.29242284254047,2,06/22/2012 12:00:00 AM,downpour,medium,1
26.661499405678107,92.24347503774364,Mizoram,Aizawl,2440.783219456711,18.680148767535183,27.277117893000522,1.7669872227558052,2.1108854073765717,88.73111055270296,3317.3672159770995,2769.5633492228226,101.89346400999231,46.464858556473885,31.115202331787156,22.41993911173896,3.6100870488329484,1.1956967863824437,48.01189205355507,built_up,0.4805453250777467,4.754081034840848,1.1797402100206997,2.457409277319045,4.394526844490858,V,137.07934461018453,0,,,,0
27.192112414486942,94.38119511110305,Mizoram,Champhai,1027.110835302422,18.201298052029003,85.90926768414639,-4.751659653160193,0.44192583805056973,44.52301311703724,3807.3207411275275,2706.341165055093,34.88658719284635,24.476814053900085,20.62531073562618,54.897875210473735,3.0788009180932883,1.260415697875415,28.00258812105556,dense_forest,0.6569648532880565,5.466039754919909,0.10006416123506555,0.9992054061443868,1.0600939587148164,V,92.1248469245137,2,,,,0
26.686188716749527,94.39191282080237,Mizoram,Champhai,555.6493797608182,24.31409393225625,71.3030440996816,3.462229172067282,0.9355141070364982,78.86377235027751,4214.990953867264,3048.2029241000214,39.66052118990689,23.424905498992338,54.67680421300002,21.89829028800765,2.3326754852884415,1.3772507516018764,21.58908492110345,dense_forest,0.8180878847848495,3.904306265767584,0.2610416723894377,2.101931911576635,1.2526477267471128,IV,33.40366014404867,1,,,,0
23.24509137278756,96.81007240768257,Nagaland,Wokha,1045.9945362979338,24.048877620925765,29.470374801462363,3.392288803963789,-0.5648216622650266,78.33274652324545,3186.935915986408,2084.4734712781997,86.17174024114,17.550635404596672,23.628603110350344,58.820761485052984,2.48812698951641,1.2184907010215866,36.032348165901354,dense_forest,0.5321026952130812,9.551795208061225,1.351002247592287,9.04846940420735,21.696155186486738,IV,209.68060618046565,2,,,,0
23.89345433803144,96.34514223295568,Manipur,Ukhrul,1327.255551804625,26.485137354696725,341.7756681169987,0.4211429599857574,0.475951247285465,88.15694532689832,3595.160736320303,2688.0924404318866,95.91798256747225,44.260096775271734,18.63773597002718,37.10216725470109,1.420957261737441,1.1496692006955447,28.536763305778955,dense_forest,0.6683690879586364,0.7324098377650566,0.7022289426470474,3.3646755475479844,3.386979129959221,IV,428.5502305129227,1,,,,0
28.589410418179003,90.95901661367407,Nagaland,Dimapur,1499.6920102905817,20.68756972164456,278.2014008638671,-1.4953099442009494,-2.24587556293362,63.686175789857316,2975.873972242144,2177.090103007052,58.024613096369656,11.406194349415959,44.96382621914947,43.62997943143458,1.8115045097710976,1.1880809081797947,36.44871705151464,cropland,0.95,0.639436762353508,1.106845527504851,0.6039952677383393,8.656933532197492,V,442.2494408126904,0,,,,0
27.437515724338898,88.08144713472666,Manipur,Churachandpur,1612.7232579937722,0.0,79.71279983412424,-0.9064905859250943,-0.6643684861889714,13.458838386832266,2832.7033189565936,1944.4462571405677,53.71894947019626,29.13179528783326,30.01767092175961,40.850533790407134,1.1376017656538235,1.4136641653652182,31.48113690487653,dense_forest,0.7486072581097551,7.790864741372884,0.4064217120893456,0.60731106575643,5.932903263095197,IV,38.85900169826889,2,,,,0
28.8724052106302,94.86103865308486,Arunachal Pradesh,Lower Subansiri,2549.334214031834,24.249097779833384,4.65156715254762,-2.0472451501708675,3.2911506836577713,66.95796962649771,3099.5148818358884,2597.653607957014,134.69982067905218,35.894536208257264,25.97538160661594,38.130082185126795,2.736368140319176,1.2179486876877925,36.65273620644256,cropland,0.5117788775527669,7.0527390195260296,0.4348830272222731,3.993892013100332,6.867751202886686,V,141.41637423277766,1,,,,0
28.859008841903826,92.72114776631152,Sikkim,South Sikkim,838.7695131254453,20.53593295651944,161.30847104337556,0.7593936112616324,-0.9900788583348921,70.03724476341355,4647.0207667806435,3715.9376796726774,64.46540326677972,31.418628999163243,38.16970768571434,30.41166331512241,2.8169266236654478,1.3211563072739905,45.437320660846396,cropland,0.6586276544814549,11.8195875662252,0.660898666080073,0.9192467401421713,5.458578340744065,V,159.83513471836565,1,,,,0
23.120419311925694,92.31772441900978,Meghalaya,East Khasi Hills,351.65161576748704,19.52737303043217,237.30728696150229,0.6730887604217471,2.1144907092059686,46.744074798134164,4496.344847485407,3094.8808338953804,50.08134020444423,27.070653001029076,25.704177504775476,47.225169494195455,1.3580961559246927,1.1603193891286518,40.384084679169874,sparse_forest,0.5363730423775299,6.750074577030585,1.4995774976671825,3.060740088324799,1.6010485738876477,V,90.46146099108411,0,,,,0
25.39282421528641,94.06596801127719,Nagaland,Tuensang,1073.2694965402118,21.09856533168967,181.81441214294261,0.5558255577967195,-0.6826394447916933,90.67345539372023,4579.727749313039,3661.886595879981,108.27675493144102,40.17427579923148,30.621956324358145,29.203767876410375,2.212242219734315,1.3665411038992163,51.086045826096075,dense_forest,0.2522671837844276,0.1737653013462131,0.7781186073985465,3.628531081095983,7.190051151686033,V,151.59466306831246,6,07/29/2010 12:00:00 AM,downpour,medium,1
22.936751299411693,90.0706735794589,Manipur,Churachandpur,1642.7504066875892,27.419649272210048,254.96888268683583,0.7269735718866195,-0.35909648889870394,114.21146759918037,3523.235953646139,2689.3589403909205,35.375663084549025,18.26580037267513,27.218536059349326,54.515663567975544,0.889160329109231,1.1736913401817195,27.58014956743842,dense_forest,0.32636882840165626,0.3360292017051981,0.841818794276043,2.18736766984774,1.5620094268438238,V,252.82706673362293,2,,,,0
27.91684665690024,95.03900640018809,Arunachal Pradesh,Lower Subansiri,502.50217837058244,17.049605172312898,143.1027995074292,0.0770626777960607,2.551239198087906,72.56340572503574,3329.4661870201126,2809.7756492717067,40.12778903369244,23.441367497732408,49.92646958161461,26.632162920652974,1.561300929228074,1.3824504995470248,46.79401992489628,dense_forest,0.4089072930321245,0.9328382326798502,0.44369978992564507,1.1298524984371898,0.7210443263230071,IV,305.7199850395987,1,,,,0
25.154057715283354,93.96614046922629,Manipur,Imphal East,2497.635250883801,37.54612755868613,104.39280741313071,-1.0786501988094515,-3.100374710732785,95.9527857691094,3608.160923975473,2570.1467151472157,53.4662049748548,32.41511197444284,28.122689647945165,39.462198377612,4.907593801215925,1.1945285190799795,36.06819006404923,bare_grassland,0.29682198828864426,1.0911315761438771,0.7620221961497409,0.19395921607543495,0.05,V,121.80489018248815,5,08/31/2007 12:00:00 AM,rain,medium,1
21.961557321424856,90.12096806332464,Nagaland,Dimapur,719.5580114076675,20.488839639536394,61.18268928005469,-2.4340872691266586,-0.6045005739843375,97.9435881169102,3084.852278940225,2291.2402689411065,106.29273702960575,28.482317210861062,20.689287634135958,50.82839515500299,3.8843303866245797,0.978880654237726,40.52540499344602,bare_grassland,0.4684331049687401,1.5575981383288564,0.5259153752450175,4.797984402787107,9.05935964471033,V,203.97282782273157,1,,,,0
22.28745700068786,88.90412086870005,Nagaland,Tuensang,1250.4854053360348,3.485796482153898,118.31661061125061,-2.439441270855641,2.276733304053296,10.829595511128733,2995.0867051113373,2083.8504690887653,47.1107100521657,27.659986552088316,35.15525739392548,37.184756053986206,2.7974221050399835,1.3519931926353825,29.927581169402018,sparse_forest,0.448690890056214,3.0033179165474393,1.075795110786652,1.4769963892561044,5.656709526801338,V,103.08511163053929,0,,,,0
22.80200657877885,92.82814654085118,Sikkim,North Sikkim,1274.5550358274947,18.9742864706758,349.36937713454347,0.5418219564129817,1.7540194535376243,96.80038014927997,2390.4482838412505,1959.3289093519813,62.991013667739395,26.728798415609962,48.021644896612386,25.249556687777655,0.4356710345374103,1.3452548330434593,24.260473518556317,dense_forest,0.95,3.439324848323123,1.226979747451842,0.04039575294807193,15.964554634674835,V,271.82963494315015,0,,,,0
25.669076583958358,94.12568140104986,Nagaland,Kohima,607.0211006786661,21.485255030855186,267.782233275414,-0.7057542298629513,-0.9147031538941954,59.89953442558896,3139.558973851438,2105.0551618137733,88.06109884288358,26.876455875453214,43.527053103513694,29.59649102103309,2.923208260026294,1.1671564432382948,33.153177352870955,sparse_forest,0.08336652209989409,1.8488803095471646,0.8405261075084125,0.9275189103823003,1.538111073358089,IV,100.71315432312,4,08/20/2015 06:00:00 PM,continuous_rain,medium,1
27.153099358824992,93.98124496313582,Assam,Cachar,393.6872940028981,24.628727459272547,320.2195642108384,-2.6788609583751466,-1.1526749799518234,107.40300616042732,4581.212940075091,3682.644168351502,101.31048552668116,21.068352990421005,5.0,70.0,1.4049829846048574,1.4073202212870615,39.91482035399788,built_up,0.256870089611956,2.651868876539454,1.3320127705428584,7.276285344085261,16.14151373631241,V,283.67256619974734,2,08/14/2008 12:00:00 AM,rain,medium,1
26.855502705096022,89.3683717817637,Meghalaya,West Garo Hills,1083.9898873080504,13.938494295011726,106.55488948694935,-0.41361792218809434,-0.06940904723011915,53.45760316543313,2955.650758781303,2122.451714147161,55.82693350176522,51.56302390564406,26.857612128283527,21.579363966072414,2.145735637000241,1.4951499518354074,34.81922085668151,sparse_forest,0.6526445539675196,10.544658596167325,1.4305541025418993,2.7289561390113555,4.467172848099588,IV,240.83007089988484,1,,,,0
23.677104846858825,92.72163275363287,Mizoram,Lunglei,864.0626173918251,57.934416442121076,156.40852100341235,-2.1706528275864945,1.915846578074044,138.65344047746996,3820.5034063830685,2493.325760877414,79.05544607214074,35.90614277280399,49.70532093560956,14.388536291586448,2.176938397273217,1.2429890128148853,38.6294275138762,sparse_forest,0.32700918213115837,1.002786811192574,0.6955532541208126,1.9473728422481726,0.05,IV,115.06789544512907,3,09/13/2010 12:00:00 AM,downpour,medium,1
24.375855471372155,94.10122445290322,Manipur,Ukhrul,434.6379150859571,27.50186115356109,153.44542046649647,-1.805515568063266,1.5214557804578075,118.74629631229189,4404.9172721347,3257.932498055782,132.64592636493688,42.771979006504694,39.50617181453351,17.721849178961797,6.9672925038631455,1.1889513826359013,43.571859220761446,cropland,0.26948098372088414,0.5544336635609227,1.753825021261799,0.01,25.70544019732736,V,32.63742819155218,4,08/01/2015 12:00:00 AM,continuous_rain,medium,1
25.767618103186376,94.14747358568734,Nagaland,Mokokchung,738.59464836538,45.38505078151334,212.06628861314096,0.5778650894286459,0.09551856917192403,126.85360140828595,2939.6222908927784,2444.493121724645,142.7599234835427,20.43972409674662,35.48220185977423,44.078074043479155,2.506645021003968,1.1919250954091714,44.97330782243995,bare_grassland,0.532524387154421,1.6545600606174817,0.4102837775418604,5.708708075904538,0.05,V,97.66809227625173,1,08/18/2011 12:00:00 AM,monsoon,medium,1
23.69922631589037,90.2455073377438,Tripura,Gomati,596.4795978458038,13.353996498805643,323.81107528886554,-0.050091081658991975,0.18512474178938473,40.84460887761833,3303.001001238916,2708.2619525479613,49.55952388915297,19.864684158676912,38.76098974153021,41.37432609979288,2.695432765562371,1.3097345663930968,18.956300727296515,dense_forest,0.51401479815915,8.212225218707067,0.42597978804735165,0.2583720375339936,19.592624334286377,IV,91.99129322813727,1,,,,0
26.46635302890686,94.97934518774272,Nagaland,Dimapur,1331.3317310469656,17.74295340184983,26.315791271288585,-1.081254366491481,-2.131600665621745,67.44161485629022,3722.3002798121142,2567.5639877628214,96.6133234837664,36.55743206857911,40.54529918889613,22.89726874252476,4.94773413200027,1.2388377761680651,21.873278865361982,sparse_forest,0.6401182735764971,0.8196643059156017,0.913546462621425,0.8139758384889788,1.8581388095556812,V,65.60676515617048,4,08/16/2013 12:00:00 AM,rain,medium,1
25.056324239968973,95.45923045267934,Sikkim,East Sikkim,1589.8566550005019,29.132573038995744,15.668792081414743,2.5980321720192765,1.315349205994389,118.51210735760269,2799.0990711425993,2203.068108132185,33.33398330535501,34.93493734422678,41.91782565132685,23.147237004446367,0.20790574826822436,1.034269056273729,42.32044730319211,cropland,0.5870966137473395,1.7002805142884083,0.6687079628762436,0.6757212932850581,25.813978481569208,V,53.78367628957199,4,,,,0
28.80890784559821,96.15736517037074,Arunachal Pradesh,Tawang,2922.8733904873366,32.341688342554846,34.18470941656078,-1.6475988436275766,-1.07996171846975,144.92467119952258,3568.9757098575355,2695.0022997021624,125.06596043242845,25.500518387872454,36.447847228896954,38.051634383230585,0.2,1.4455451002589457,31.17325585420308,dense_forest,0.5617751164915663,0.6704799210512994,2.0788269734706226,1.2922487416486395,6.57075757881369,V,438.3741822289563,4,04/07/2013 12:00:00 AM,rain,medium,1
26.17188587671424,88.34414968237658,Nagaland,Mokokchung,396.70839709502974,10.343467999347439,148.4936273173029,2.1759664177716327,1.39130057450503,21.736996592906788,2083.285042801619,1356.1821714522055,42.989073430749265,43.350643750067306,30.65193961220666,25.997416637726033,1.2518739810638546,1.576578626668941,33.35079286170532,sparse_forest,0.4108983044692214,1.9585077492727223,0.9891037069825865,0.6108487661763974,1.5386447961096148,IV,194.39624422030076,1,,,,0
25.07367533925198,93.80014657950399,Arunachal Pradesh,Papum Pare,1601.038829469111,14.795223495556412,312.44706727036044,1.4720057921951077,-0.13732517036237601,57.901948148834975,2653.6583651826127,1814.8827744912296,75.60889598254391,25.85991774531393,43.74255046328091,30.397531791405157,0.784546048690635,1.2946155429230977,40.723978979212774,sparse_forest,0.6197045501519057,2.634094438615563,1.146316796280719,1.5320072440451433,9.062145626552093,V,169.7890114997228,4,,,,0
24.9793450289849,91.07693969951184,Tripura,Dhalai,1258.349608382113,4.8167675195541015,240.04046865012398,2.454524664301609,-1.3607640414144437,28.76602758604505,4271.483479912924,3515.9186613937645,66.61903746399177,30.347074301159598,31.613747646507754,38.03917805233265,1.6504298135597184,1.5246437357746438,34.63179949441554,sparse_forest,0.6545562393505118,6.106499850734879,0.8004982418073854,1.168998754441336,13.153575261620063,V,248.16089332754245,1,,,,0
27.575991250994832,91.87372218944584,Arunachal Pradesh,West Kameng,1662.6262632033925,28.65612472966126,305.7020378215357,-3.819400267469427,-1.5704886731914613,116.59104642038527,3475.1438574041167,2610.6794666612946,67.25215665974443,40.93768454573042,41.69788988389021,17.364425570379368,1.538930890480465,1.4129716677869988,31.042387047576348,sparse_forest,0.3490823485503166,2.0815388941190403,0.13805571658412177,0.5457738394529611,0.05,V,193.99435237638045,5,11/22/2010 12:00:00 AM,unknown,medium,1
25.83635337800822,91.13532996355566,Assam,Sonitpur,959.6951207809466,19.67643456463288,25.751986738459735,0.4095928504421366,0.24882719081355265,114.05160765802452,2304.1925012207803,1954.9153035515033,71.67712997869833,29.192468566384786,35.46564015480268,35.34189127881253,1.2718466023577806,1.29315970166203,23.904689975261704,dense_forest,0.5743712020666272,0.04750464684543024,1.1092500405749472,3.1980302031984174,4.005881064923178,V,406.06693414208536,0,,,,0
27.111860573688176,91.41960070750487,Nagaland,Dimapur,702.2295426711634,13.521757202349637,228.60795959402915,4.00457811333862,-0.9084668075052961,45.090623875586516,4059.8296258784144,3270.628652817931,120.93725320101703,14.06192354923758,38.77868019904272,47.159396251719706,4.251500082538001,1.3490703155936457,5.8155171174212645,cropland,0.6640989405959197,1.6793258921325465,1.161232982701801,0.20307801867260256,3.519603597755431,IV,51.19205937603351,1,,,,0
26.896902363001484,93.86487346092431,Meghalaya,Jaintia Hills,2053.058821874042,6.654099280072462,157.22584147534812,3.934982701543043,-0.4027359793271817,1.6944307533524618,2177.9673384257067,1772.6396064432265,55.32059964097707,24.640337369156647,35.84585788625414,39.51380474458922,2.379445824233278,1.2817478783510579,39.227177564231894,sparse_forest,0.6270270357606893,9.35052055866731,0.4113509330859455,0.6148169447753002,7.558827230667545,IV,109.94341021467932,1,,,,0
27.343155049913705,94.27338053563552,Meghalaya,Jaintia Hills,1596.8588409823624,8.357636948508368,143.68597015783087,1.1890879257876104,0.799364986708428,68.27697938064023,2177.3531250167653,1733.3159098503068,36.05334072087284,22.73191626140427,36.958586920712975,40.30949681788276,2.6136892729058676,1.4723926386766835,36.448318110793814,dense_forest,0.3960654211031648,0.01,1.6772292003374798,0.2033959668101905,1.8679771860724181,V,125.851288903068,3,,,,0
27.113824544855248,93.63389409827208,Arunachal Pradesh,West Kameng,1060.8963494490972,6.976940115119876,141.09929037610354,2.8884550165756737,-0.8182447515075427,9.998308170594605,6336.276651136692,4908.785222164766,108.91060893188751,39.862431410159466,35.0645908843322,25.072977705508336,0.4150721729650722,1.549754045916675,42.34648232471385,built_up,0.42236072206164227,0.45983019723394175,1.3805057205412754,0.31554833262749604,8.34711668003917,V,116.74093231549222,3,06/14/2008 12:00:00 AM,rain,large,1
27.955166649576814,92.42470247863281,Arunachal Pradesh,Changlang,826.2085674719158,16.043788654423444,258.16244185155927,-0.07644842389249398,-0.758283529156885,47.09511973867885,2745.0204853071723,2295.773104703709,98.3912968591283,31.37556304069552,34.25124680533658,34.3731901539679,1.6674685126243312,1.0740796789483102,30.821491237425498,dense_forest,0.3906358734857502,2.4545292753053483,0.9590456111924036,2.915151706819686,17.025847454733363,V,24.35621988202086,2,,,,0
23.743111342683946,92.790365311371,Mizoram,Kolasib,2887.8678892585954,40.48183496962075,21.97428111407429,0.45771886882167645,-0.7647533926165306,138.1425666218447,3285.856488551103,2714.7631032085633,140.35923109033513,31.812819914593184,48.63782911143042,19.549350973976402,2.6425860786465303,1.3785919336007797,34.117377832273704,built_up,0.21017041116783464,1.3136041783060017,0.6770868455246799,1.4070541154508067,10.83944796208361,V,213.48598460529126,4,07/14/2014 06:00:00 PM,downpour,medium,1
27.8691667626156,94.20391693111362,Arunachal Pradesh,Lower Subansiri,290.4855801291753,30.739719896518345,319.8717993143946,0.2696371033600997,-1.3452570810698765,105.53346140026852,4666.123557206768,3702.6844196463126,117.68367129788687,41.065356614759054,27.568527694065523,31.366115691175423,2.054461742798117,1.4002608824965321,50.15099520913912,bare_grassland,0.26325169940546383,1.5231791196988078,1.783133741747415,0.35790558300560504,9.571296019745821,V,151.84643099638816,2,06/01/2013 12:00:00 AM,downpour,large,1
23.731354583993564,90.38435761555097,Manipur,Tamenglong,146.44378396286425,15.705565089564256,341.98546577185306,-1.7687832704398765,-2.3118395632280824,58.17831515348478,2535.6326756531553,1941.7927362282308,29.718523988613068,36.36403128436587,49.10869701579803,14.5272716998361,2.0734884773521034,1.1570182207601265,27.38014869869712,dense_forest,0.6076218324638478,5.312490904859474,1.4943404676636796,0.12361793327722763,11.834892894734935,IV,56.41663208230526,0,,,,0
23.852561675085926,93.02890912725162,Mizoram,Lunglei,569.7231332420477,24.31306352666608,28.889027791929045,-1.8482352457126285,0.2508973159299295,85.79527471717162,4309.354408447763,2989.7498510928185,106.23233426296457,21.44177311540474,26.94196744533029,51.616259439264965,0.5230397621090325,1.239741906666191,54.11306114040542,built_up,0.4759223006785476,0.9228328800662311,0.41273393881459086,0.7352755313096481,0.05,V,183.4602612335966,1,08/26/2015 12:00:00 AM,continuous_rain,medium,1
24.051485895238763,92.92950265293737,Arunachal Pradesh,Changlang,1336.9433576848655,25.105253669898232,128.1975214231021,-1.0662272653766522,1.4652405776024011,79.24376212769728,2906.685183321668,2080.3807844751936,90.99657737930939,25.716688863186764,23.51418666189395,50.76912447491929,1.202378817219569,1.2470971337506256,31.09201524012093,dense_forest,0.364463979647633,0.2482106988591632,0.5259977992049335,4.854736547584998,4.807616595265264,V,390.69941509232245,1,,,,0
29.203247615401608,92.09711379927366,Sikkim,East Sikkim,2248.0565171208445,25.709684526550944,233.29804497298187,-3.9630918906348196,-0.25952421118496205,77.57527925045684,2498.0381655964684,1633.0798708558189,99.01007224600488,21.876330811950414,41.950592235546196,36.17307695250339,2.8797030730184185,1.2139232798218167,40.650250416430005,sparse_forest,0.6612657477073463,0.1332465111290502,0.8637232845886141,2.8488077757111423,4.093264025141852,V,49.94817101451714,2,,,,0
23.759151236454667,92.6896774018482,Mizoram,Aizawl,415.00443271652466,49.84751701179445,351.013595775729,0.1741435943660159,-0.4402673878714619,209.4241152712205,5747.660410389135,4002.425543086862,121.76243798391543,13.661784904291121,62.99323474258586,23.344980353123013,0.2,1.1477714410295685,29.493723773952425,cropland,0.5049855529994962,1.6734961051912802,0.8127490563015752,0.9610818621669386,0.05,V,135.20887204785254,1,05/11/2013 09:00:00 AM,rain,large,1
28.719482740402235,90.39968379162113,Sikkim,North Sikkim,427.6616656871797,18.60994345598152,218.3021521777351,-1.087651598647319,3.436399021890889,54.195901316922864,2596.8298113054225,2065.540600483637,138.79198594631035,31.94875711753212,32.9056652498775,35.145577632590374,1.1828731428124606,1.5549651077286843,26.369342962775157,sparse_forest,0.6469602037091532,0.8548000590687813,0.15112148928954738,0.7443536676556166,9.733030395753392,V,150.99520125234415,0,,,,0
26.579072867592192,97.33154119687603,Mizoram,Lunglei,993.1788528413738,31.397381931604265,225.53740299455262,4.3151788050289985,0.2863048595193315,132.6693385893097,4031.199662791204,2999.9026164537418,96.80470365921683,27.763655879492692,27.81674255412188,44.41960156638543,3.101654403094401,1.1399870250633395,19.008747823283407,sparse_forest,0.21133506181288014,7.433193690629882,1.1561837456091626,0.28121286630751885,11.013494005154817,V,384.9304181209672,1,,,,0
23.876315185173144,94.19644383849865,Manipur,Churachandpur,1536.6937156759361,27.721322787892944,32.511207593091314,0.5965507068379788,0.15258757845481702,87.97860279971799,3066.010668335118,2064.1389202019595,90.86886746701659,30.822722634411434,29.00833118263018,40.168946182958386,7.814361186378813,1.5568741928048027,45.01086785141184,built_up,0.5400317728770514,0.8073071000048453,0.87210849186182,8.313344516929629,1.0348835555486344,V,140.04772418374532,2,08/01/2015 12:00:00 AM,rain,medium,1
26.327082364136864,94.48587261586856,Nagaland,Wokha,934.2482437742798,7.93116071489389,213.01000742508364,0.37613376627888684,0.3455288222557523,30.72657540057591,3461.8803877747832,2515.493517580978,78.26671238870324,40.01710091722673,22.639046252977842,37.34385282979543,2.561875022894787,1.2422810490100304,30.03178246030307,dense_forest,0.2531597121995386,0.644471832556071,1.9721374583735594,3.850036466303286,14.586353733901738,V,75.25839793839195,0,06/15/2010 12:00:00 AM,downpour,medium,1
26.430886734586622,94.51998485054112,Nagaland,Dimapur,1538.9621064691037,39.939955601606755,344.3762244219976,-2.284296957024682,-1.0363797163698392,142.93535248240076,3172.028394976679,2527.1275795114766,55.906450790015384,25.20551527101871,39.760790799563196,35.03369392941809,0.2,1.354017504629025,30.87097153412787,bare_grassland,0.24149169474956061,0.5055345661901789,0.6465169783709102,3.113018160775134,1.371836634656082,IV,301.04557644576664,5,06/20/2011 12:00:00 AM,downpour,medium,1
27.72651921510079,95.36356545205982,Assam,Kamrup,2023.0055765014474,24.874983894376076,299.03519668642804,1.8008335974238223,0.011853566272625748,89.26711838301455,2751.9424099758826,2110.0571679327113,62.13212377046618,27.827449474766244,46.509987494560974,25.662563030672786,1.0909939042960315,1.339478429413444,33.73841930111174,sparse_forest,0.5864679429866708,3.8959339755908458,0.6724767603346322,0.8978696206508485,27.048621406075963,V,28.625340009483338,2,,,,0
25.33055396140175,93.10119747266167,Assam,Karbi Anglong,2331.0358680008817,30.802856509397515,114.27560372606945,1.0830827052642764,1.1926408292982504,90.23614361213313,4687.805134797691,3387.6579890092285,142.98562224223974,39.189419793869455,34.868470789254815,25.94210941687573,4.828074917483867,1.2486640029151974,40.79244009140167,sparse_forest,0.2562742120372197,0.9877075622265159,1.2323157486983105,0.7162764419544475,13.44632337407196,V,228.27583249515257,4,06/03/2012 12:00:00 AM,downpour,medium,1
25.185694194419114,93.13318605862501,Assam,Sonitpur,3436.203627142845,22.015989994021016,105.89663117076731,-0.8215338941406329,-1.0406222407155168,94.56025944785436,4357.953746968014,3587.3221133800016,73.92144384983631,13.78749099152277,50.462631284560615,35.74987772391661,3.001084788300627,1.1026960834634847,39.19411720368406,built_up,0.4442039631703891,3.4101714255646374,0.6246615675368439,10.269852836803715,3.5596254079309744,V,158.09118253926545,1,08/27/2009 12:00:00 AM,downpour,medium,1
26.109844467752442,91.8821053181209,Assam,Cachar,1179.8723157358756,40.56861250022141,300.75023383605867,1.086209729027527,-2.656287314944043,115.00239309255116,3759.6904805806175,2513.416780882989,108.48166167532395,23.223173475731876,52.91617093450779,23.86065558976034,3.890388970825623,1.3337719618981543,48.85585061054203,sparse_forest,0.36233091156390695,3.0766179451520608,1.990752870555283,0.47887962657403,6.61789206220946,IV,215.45551488961692,3,07/25/2015 09:00:00 AM,continuous_rain,medium,1
25.016115150031904,94.00966631760953,Manipur,Imphal West,1027.6414826056089,43.1896835158229,120.4600118538306,-0.5242402952272595,-1.860449066807484,151.2428298408845,3342.996102176162,2478.1514559790226,75.65787289462178,36.7223796260043,36.80602590635834,26.47159446763736,5.0348397509409955,1.1822432337125626,38.80043639939044,built_up,0.4017881817793979,2.2985478888080197,2.6436623811229847,2.1195544143252443,8.42908782079627,V,130.722447687571,3,06/28/2011 12:00:00 AM,rain,medium,1
23.679688939254287,93.43005941685682,Manipur,Imphal West,464.6061814528636,0.0,222.0871445066367,-1.5178290367999123,0.7707885270836616,0.0,2498.7951765439157,1917.973528667126,44.00075813102747,37.222055791645595,35.9881834420895,26.789760766264905,4.588554953125867,1.1577047629460546,37.6989022220911,sparse_forest,0.8012020324896141,3.05143076692019,1.0531398495797732,7.623077502665158,0.7392394491322337,V,121.91731038220237,2,,,,0
28.173188169670194,94.30326346426551,Manipur,Churachandpur,807.5971875569488,8.20467560994231,135.3055841339779,-1.0569463723678623,-2.28973608488262,33.95543958161669,2039.853630032305,1462.7019985046466,66.26719147318607,20.765444342840425,51.365254740406286,27.86930091675329,1.2506444305113684,1.4926920043214214,35.56903699742968,cropland,0.8660890929119889,0.33352091471119655,0.23279346633235756,9.390564704134473,14.665276213636572,IV,100.28321276195877,2,,,,0
29.192364255739523,90.31946449720492,Arunachal Pradesh,Changlang,1204.9864259033284,4.244220046914336,358.77710848173837,-1.275595728106207,1.9270269361339811,0.0,3327.1377017607533,2722.2566932339464,84.64795891254997,37.95089389848254,20.286958233501274,41.762147868016186,2.7343597249482565,1.599227114612185,35.17927738487424,dense_forest,0.6166028342290919,8.349169472338543,2.7208602493127056,4.167338201482559,1.590590785736655,V,50.679429941644585,1,,,,0
26.318008507369143,94.55455631442109,Nagaland,Mokokchung,1120.4025624763572,29.710296642550887,11.509275749929868,-2.4785668433411576,-0.35252061719721706,113.06153419257441,3671.6332036840677,2708.2880684426987,133.2867859690271,24.497787225987285,40.440898047590345,35.061314726422374,3.638876601188156,0.9771266604638382,19.258910160739404,sparse_forest,0.43967062143455343,1.8523964477100856,1.9063584891398095,4.729650608106129,1.9436974961525069,V,193.82158167200657,5,08/04/2013 12:00:00 AM,continuous_rain,medium,1
23.809769796538298,89.25106525705124,Nagaland,Wokha,2089.9634094030453,3.3962421846000925,54.92103605533616,-0.5162265420293565,-0.36917149511427044,17.37708019278161,3663.499666262784,2548.485008246885,81.3103011738682,35.97628151209355,41.88295399547362,22.14076449243283,3.9219685081057376,1.304005619327647,31.09768896607595,dense_forest,0.591539175619146,0.9752816410829209,0.28951126276021427,3.2589453667301567,4.117830534260813,V,252.79480212594095,3,,,,0
21.55868874575663,90.96928770772021,Meghalaya,Jaintia Hills,772.3628309449871,28.23264765070664,287.15113116683443,-1.6718383975816389,-0.16473804219184363,100.41322921559801,5416.750410594879,4121.19252410336,62.91889652981672,34.221300662181484,34.49384105412627,31.28485828369225,2.3677638880492773,1.0730934736489677,27.706716784670917,dense_forest,0.7906426824116317,5.233757744256661,1.6427611292340634,0.10695272035692371,2.256187495475247,IV,247.24564807505985,1,,,,0
22.477628137713232,95.27725696873286,Assam,Karbi Anglong,936.8873014764589,23.112645494402503,258.92938824330747,0.229589270496901,0.9746945166069079,87.04878386088602,3748.212138417093,3173.921401031598,73.79151496350931,32.494826065444045,34.88458960370419,32.62058433085176,3.448438971986242,0.9966701229243529,37.34970592833292,bare_grassland,0.5546245499258586,3.225371923325339,0.16895659676895813,1.1074748327335404,3.4056946053962918,V,311.23972241579804,1,,,,0
23.40178261266711,92.81666935740668,Mizoram,Aizawl,1216.8502475309433,36.38558192197161,341.7074649709274,-2.984710573413393,1.7903326656655008,110.7993859892818,3137.8464973515584,2592.4858771928853,104.48219257719121,46.53433386877495,43.38414593114663,10.081520200078423,3.9515197807722284,1.2695490324405134,44.02540979691072,built_up,0.25231567442593683,1.5638440811428347,0.378244523316048,0.2473586318406531,5.813489574688216,V,82.54393089566972,5,08/26/2015 12:00:00 AM,continuous_rain,medium,1
25.151958979654147,88.92735477848802,Arunachal Pradesh,West Kameng,2285.4655892128085,6.219262117803103,91.76391463117884,-1.9497154248891038,1.7471691572239392,29.04005821576534,2525.200197723697,2034.7173928526363,71.19918188444058,26.81310366602618,39.08234764461416,34.10454868935966,0.9316711346646804,1.1463666471868594,42.81813196251679,dense_forest,0.7025955549316591,2.6608324462340827,0.11591637001558885,3.0024273051783146,14.805159240443254,V,82.93895107241548,0,,,,0
21.92127394703334,94.91596134088397,Sikkim,North Sikkim,3181.2190120721375,16.854696477817185,255.30864209787094,-0.8738806420803592,0.29772545787231897,33.37442007882355,3277.464114107777,2341.896457001522,48.679803036100104,24.104626613579214,33.64897661819455,42.246396768226234,2.7172051814252187,1.1942779012179496,34.988268859023314,cropland,0.38358693277914585,9.697445206168696,1.2070355352406017,0.06670047501650089,3.7589688066184945,IV,180.40049701783775,2,,,,0
23.6557161525212,90.82869147328758,Manipur,Imphal East,1001.9071588070899,14.958333425888112,117.4775144040209,0.5163912557648963,-0.3914964423301178,41.70194340366174,2524.877535108586,1827.7028243573395,86.7323192565529,28.39079780773902,30.817712025162553,40.79149016709843,1.8860523816138168,1.1230942531024932,49.79727250411783,dense_forest,0.28729715900057834,1.6246967632522682,0.6604457002431414,3.751099241273319,3.501710812027673,V,320.33749296720623,2,,,,0
25.2298451804857,88.83846439329935,Meghalaya,Ri Bhoi,1491.2858554931859,16.099156708976814,295.679885450964,-0.829907581861397,0.32121704749931435,41.44388521760278,2723.2204493414447,2021.0267581382407,54.040372336516484,21.886395039880725,38.89447148501624,39.219133475103035,1.0799508643257458,1.1482449814552333,35.53070996007173,cropland,0.5452066357146017,2.7734443162386513,0.12912122185641234,3.0035369192935653,13.105590502379473,V,246.54636711752218,3,,,,0
25.946775801761923,89.34723395076031,Nagaland,Wokha,1794.8826580997406,14.887369709009864,237.79924093308045,-3.9715406709653576,1.625281027645035,45.02886511880615,2993.3307662397783,2515.580113980523,67.27991807486976,33.59552351060297,41.114089756779485,25.29038673261754,1.355237996405667,1.3841135030640466,32.93699516860972,dense_forest,0.4867354749015942,11.328432343127915,2.476049957560504,1.3632411088178902,4.388681140337694,V,153.0340867945446,2,,,,0
29.32395853940137,91.54362334283879,Mizoram,Lunglei,393.30552198692317,1.5661993972697523,31.965030502650823,1.94391735110262,-2.2495595911375323,10.041019774989458,2474.059870799256,1694.5263714307525,57.611088893122314,31.268809201023885,41.0984104951467,27.632780303829414,0.6756887942834995,1.1261791307109483,38.939289913747615,dense_forest,0.5964127717031238,1.7037477204569456,1.338812576001199,4.076739406529228,1.5705305244421255,IV,124.44795452065513,1,,,,0
22.822195812188564,92.42506566040458,Tripura,Gomati,602.7468114574546,15.898595612866941,168.76239210136276,1.6990578526173143,-1.4933177438016967,26.469310821736507,2822.740246744823,1996.7808280462798,45.93334342639793,17.584243892345413,26.69001951354782,55.72573659410676,2.8689322329326847,1.245941010480906,44.651204861745676,dense_forest,0.4207734801921994,0.5297884596882864,0.6678871001669249,1.9814659792833214,2.142636455220466,V,210.68747794687485,4,,,,0
25.54347168446063,92.02299872642128,Meghalaya,East Khasi Hills,1464.4094681657853,34.357934097245334,171.62214781777965,-2.9464242163794703,-1.4868148891092918,154.05476213333247,5625.996359582978,3897.198367605472,156.8331852821865,42.37472255459786,27.950027404918288,29.675250040483853,2.022746252422039,1.3927539856268807,41.672287615629635,dense_forest,0.368942139012416,0.9651103467964394,0.8966297125210627,2.887351197612734,0.7051422492867474,V,210.5883681072697,7,06/13/2012 12:00:00 AM,downpour,medium,1
24.40094440091301,93.48728485762963,Meghalaya,East Khasi Hills,287.3585526928321,9.398125859934204,152.2231188777269,1.999691255145087,-1.1698968709436544,26.228657010509096,3664.0116237216475,2750.3363975070442,41.14217662116336,23.382686214672397,27.572719621751805,49.04459416357581,4.744783751220241,1.1926787653157425,31.49810368671897,dense_forest,0.47148529327552524,1.8855423827285849,0.7539543454603495,0.5187298436793775,7.468965059024707,V,96.67404180718273,1,,,,0
21.73925027765222,97.14843247880286,Assam,Cachar,1449.7446231502831,23.485529332016267,69.77875243355372,-1.2284719379852016,-0.5511559819917246,76.49882173486225,3048.3867749076435,2213.946347563428,72.83068333156031,18.456350016983293,33.65358430014437,47.89006568287234,2.3179661049922604,1.2510104474238073,33.46786813814703,bare_grassland,0.5789344023310801,1.0613553086488936,0.3033778515631646,2.3889485557582715,2.5604079905074864,V,209.0408913065711,0,,,,0
24.25185971470912,90.6923361208541,Sikkim,South Sikkim,303.2627360604988,16.823708984543515,84.41514820341608,2.983791459055058,-1.3152513272601354,55.7224733399126,3446.0237675194553,2389.0939161873002,56.77150689791645,22.435215318328165,35.36364306241721,42.20114161925463,0.43994015612031495,1.1755859247711213,33.8254429302364,cropland,0.44278101700632444,2.531851390083747,0.6061384995254473,2.781215548205847,7.4533466955621455,IV,79.30846883181734,1,,,,0
25.718411905382062,93.76426577260973,Meghalaya,West Garo Hills,2464.587134006216,16.214299658065258,310.1142580261837,-3.0986218192199533,-1.1747882994008865,34.66720129767162,2349.5987760852713,1911.175879483863,53.685923735107274,27.893409445692036,39.66067377698189,32.44591677732607,2.6129559154029462,1.4558848099292083,28.094951150262787,sparse_forest,0.540738314688924,3.4352781641251076,0.8790780346637274,0.960923007019167,2.98338500131298,V,140.7651966067145,1,,,,0
24.509073426684633,92.72875433915326,Assam,Nagaon,756.2881700779537,26.132640764368343,261.9981119918167,-1.321614151700535,-1.1377621109891072,132.32041853574952,3741.012736722957,2620.5898970166377,110.99245486682618,28.859276654123057,23.65022896712373,47.49049437875322,1.2290896789780392,1.1838227215032873,38.329842340075515,cropland,0.3575970305360866,0.31719342075434015,1.5952777252605208,5.375329723018858,0.05,V,52.525909665939196,2,05/18/2016 08:00:00 AM,continuous_rain,unknown,1
29.039000299108107,88.01853658419542,Manipur,Imphal West,1275.1579904641028,18.29535715850437,141.5842570492905,4.204834943741471,-1.6478666480943398,78.70417067751421,2594.5145187559556,2169.226956145327,78.29543911684672,13.635076811077838,26.146729757049187,60.218193431872976,0.7416582090391236,1.0627437658554484,21.52401751938915,bare_grassland,0.8350397393691693,8.188900263268543,0.5073793572270051,0.6663388410580253,6.355562121079009,IV,255.6247771642079,1,,,,0
27.16063494904401,90.99871993388022,Sikkim,West Sikkim,1171.7940310521487,31.21152018125711,57.979119295739665,0.15052811638918712,-1.0980066823968462,95.30707797746054,3193.24019824063,2529.536243128751,54.9733005282427,35.00830601627024,34.268650539427426,30.723043444302334,4.104114866722542,1.041433530437179,37.613110684560006,built_up,0.543061604698028,0.5859285756098277,0.18428249622021975,1.0975008425313795,2.9770097765981682,V,213.08700257432545,0,,,,0
28.103736666019433,88.25536902390452,Tripura,Dhalai,919.704238714727,17.893788896782638,199.5086612618147,-0.6125794569848941,-1.469748068500215,57.4733436361317,2910.012221104677,2315.105351274881,80.84908187940299,31.550684163778815,44.59587049457762,23.85344534164357,1.8866330877098894,1.0967658944252605,39.40931110585743,dense_forest,0.3323989358689191,9.866589657767207,1.315809429630312,16.212455909295528,37.156134725408755,IV,137.04869438102094,5,,,,0
25.780849809001683,88.17179143675821,Sikkim,North Sikkim,772.0590926802456,10.644897812649265,334.9221691917517,-0.4232777750903987,0.383269150548028,44.10909162413381,2954.854245225315,1923.4184347772434,53.16095561392575,36.98443474803609,43.996369266993526,19.019195984970388,3.899584937733195,1.5118381699853607,32.804395873837024,built_up,0.6735048385785702,1.8005661101661805,0.4967059693294935,3.855974678550382,6.969318466018672,IV,215.56806730450154,1,,,,0
27.578906188662103,88.87505934614465,Nagaland,Mokokchung,3138.970481310156,21.089986741991716,297.42177233576206,2.9903417476432206,-1.1350250561770743,72.364546364695,3670.912091365071,2531.2259189064944,44.71268398915062,20.252129762315157,35.43743972687597,44.31043051080888,0.796669265077479,1.1675752132653088,30.56141900888243,cropland,0.3311877202364073,5.3539644573570655,0.37464438565732305,2.9039787352207553,11.491118649787976,V,180.8531688867642,2,,,,0
28.481755045278547,94.19846280815992,Arunachal Pradesh,Changlang,1439.3019715187536,14.095379348375793,359.14547075365164,-1.8228140236956523,-0.8118986986759147,48.94739967936446,1922.316340117843,1284.6245866956303,169.40875574232257,13.806157723379581,36.476050181829265,49.71779209479115,1.8837659967899416,1.0747710990609436,30.910130102306127,dense_forest,0.4725620293541239,5.5456076158808445,0.16004003665279323,2.2981078613350205,3.011853596090584,V,36.29030845999673,0,,,,0
28.16845331035628,91.42959189981924,Mizoram,Lunglei,1378.451289802294,7.707127891521363,277.7614803721196,3.2820674074555063,-0.01291804835888961,22.446881808781136,3983.7999313897176,2695.4001993692323,84.1912395305811,29.602784635371815,37.78748610069142,32.609729263936764,3.0577042287026592,1.339319365102453,45.56316137636051,dense_forest,0.6040988258984149,0.11315658741021667,0.1372386784259148,6.0230807188094015,15.280411409128302,V,128.60506259529575,0,,,,0
27.963654473982707,89.20240284358474,Meghalaya,Ri Bhoi,1972.76025101559,27.8963381732714,71.30557712685876,0.6152129280910672,1.3787829938513776,90.55155501359792,3172.0962908060646,2627.9069171435776,57.355058722921164,35.286818622016064,37.03582691480225,27.677354463181693,1.0761612030106256,1.3094878616300532,31.525051357348545,dense_forest,0.25045529903699926,3.502323589130719,1.015508049636403,4.842488195533978,6.821950727382667,V,29.8454627862025,2,,,,0
24.120046483141877,90.50280657520366,Mizoram,Aizawl,1362.9137232391615,22.56304571650998,195.50358321755323,-2.9535217960349742,0.6960279829294538,78.60724791873909,2968.565862274607,2412.72616604734,31.938600648371153,29.29300804970424,30.793520692409285,39.91347125788647,0.6247552005186673,1.2950514350712392,26.826944408781056,dense_forest,0.6765937670712816,1.1640492308063561,0.17556807502528637,4.928713546607407,1.327980584921764,V,44.69081874472116,2,,,,0
26.710853818795762,89.37804602164421,Sikkim,South Sikkim,344.07294296477994,13.516821989242658,357.4231860201331,-0.4110839240591084,0.673467825667512,82.16359490738591,2738.3394230235326,1811.861077070492,34.71202991876374,23.676630242706686,30.705621728174663,45.617748029118644,0.6698473916370494,1.322393408503859,19.709627810271705,sparse_forest,0.47738245740678253,2.453311962317769,1.6394326234239889,5.765758617797664,11.3107007162482,V,81.66395927175682,1,,,,0
23.45289083981282,88.8645202639835,Mizoram,Kolasib,2637.2933600994575,7.443892479649383,98.9192997878395,-1.2894871326670099,-1.805663167278181,34.16622815464626,5592.725357566158,4568.559300304976,73.21191691294219,34.04168855843664,30.435983995895477,35.52232744566788,1.9304646674229693,1.244971795652831,37.24797937189665,dense_forest,0.32598024868398945,4.468298472730362,1.3969936829544678,2.380769893419172,1.0041195237441414,IV,183.5658668662847,0,,,,0
23.734786400489913,92.74807299700386,Mizoram,Champhai,2551.075408775073,52.04506106067676,97.04917403994044,-3.654658308223051,0.9936665407350151,151.67894551992237,4961.095804556913,3938.4518220795953,118.20599515078024,32.44252646624224,39.62388922238532,27.933584311372435,1.4843557460227315,1.1300112573813497,22.094453026551534,sparse_forest,0.3791712988201556,0.9869116991437722,1.051237856404423,5.3647241403874,0.05,IV,134.20822781280816,2,09/13/2010 12:00:00 AM,downpour,medium,1
24.171326103382405,95.7297361835721,Manipur,Churachandpur,565.2499051119084,23.079794790056216,83.24346388153148,0.2675349016300581,-0.8475048625191663,70.64879228131947,3949.0126329684617,2898.955565437154,70.79512601403968,26.993218493443248,39.30829552117084,33.69848598538591,3.31241751780038,1.1417870825733416,26.637227183000622,bare_grassland,0.6951750397013189,1.1070004318954203,0.40112347196106335,2.027536101980597,5.424476446792735,V,157.32762592796752,2,,,,0
24.569805378150647,92.56817263027608,Assam,Cachar,656.2123468254983,50.14676346311661,125.02968967409159,0.5109179852647472,3.1890436349214686,187.34644256206104,4111.26973127341,2807.2695705597835,128.7377743487491,36.09343521259166,35.13089781760041,28.77566696980793,0.8132714448100223,1.3866293476164113,49.739210387153264,sparse_forest,0.4912418542335742,0.049769711745700766,0.3769276668398145,0.9193479335331557,8.023301172898748,IV,105.27228813751094,4,02/19/2015 11:00:00 PM,mining,medium,1
23.041868247994323,96.40452483471532,Arunachal Pradesh,West Kameng,2705.0842577901003,17.926218266204266,52.89470086302094,-2.6016642423968674,-0.8884404034203814,78.02039302695935,2662.19654105228,1910.1404848372638,89.47054075932436,24.642973757393246,51.31427319630099,24.042753046305762,2.5966230213387425,1.3585469173478093,18.74596026547539,sparse_forest,0.5570965543934326,6.538169963123868,0.65916480859992,0.23322445252478297,7.672875761875605,V,194.60939045937494,2,,,,0
26.985814469016365,92.68356210898058,Arunachal Pradesh,Lower Subansiri,1901.5656973287548,27.569225230957944,190.02216001074535,-1.9055781190317356,-0.6877098123189884,118.67754991072744,2366.8815428979597,1582.3819315651724,123.57587164705168,39.439544890160654,24.007077661705132,36.55337744813421,4.832894461243825,1.6812274809164238,42.562512592171494,sparse_forest,0.38137846057320673,1.0900650319001242,2.133668404894715,1.8726422256323405,0.05,V,87.70479515615772,5,07/01/2016 12:00:00 AM,downpour,large,1
26.489703188571163,94.85051605874351,Nagaland,Tuensang,1808.9357466798722,46.35267935522472,329.59888083228793,-0.2563633355577297,0.9395965031156193,125.62528827208715,3269.4250413722552,2707.7579010045233,106.2518773816522,44.88167265355764,37.27351955558522,17.844807790857146,3.467214229369307,1.3951196684997977,45.19801747194109,sparse_forest,0.5405329088173065,0.37304935150495666,0.786630762010238,1.5734640036188674,5.022591420409675,IV,168.65101740362564,6,06/17/2010 07:30:00 PM,downpour,medium,1
25.854659738536668,97.10009814099995,Mizoram,Lunglei,1093.97291971386,23.115575830169917,63.009691285951476,-0.5665699162223617,-2.309331008197707,102.29866709101275,2509.4877546271764,2055.921180234485,41.21398040488813,38.948581406054714,46.3914234171025,14.659995176842784,1.2034275993404262,0.9552255584382945,35.77771371052954,dense_forest,0.5420231640676904,0.8517709335563171,0.43591362344656065,0.18931532164093767,3.578536895477732,V,315.58794642801206,1,,,,0
22.850217981449795,95.5878550853722,Meghalaya,East Khasi Hills,702.9340422490737,24.276528051943924,348.7401970710792,0.5148808887750164,-3.199811402686536,60.38345201549627,2916.6436147775994,2387.6152026896166,65.12822136741255,16.19597858869279,31.56880352905147,52.23521788225575,1.77861789060959,1.209956217344525,36.21841163365603,dense_forest,0.37405299784452956,1.5819236997545492,0.45278459261719245,0.5702461048004352,3.905572990593719,V,288.128741166813,1,,,,0
29.265386587946963,94.86118123701377,Manipur,Imphal West,1211.030026395902,12.64919569969334,251.7309487664003,2.5487103462533724,-0.6060246082802311,25.438750807900874,2368.888925235815,1879.895754685249,46.164853568611136,36.87561505016334,30.251059242293493,32.87332570754317,0.97995321115648,1.1885236375159196,42.70506528546309,dense_forest,0.6567691858976044,0.7536563643919252,0.3709558072227085,3.64362178844776,18.48042763336197,V,174.1378533066797,1,,,,0
26.412791500626778,88.04226554676032,Sikkim,West Sikkim,2237.0898148873716,30.940151506217212,285.25061110319706,3.5531965290538143,-0.058919311115566544,116.69997276982402,3020.3521564264647,2208.4309736827768,53.569555995996716,28.218973525701973,48.446239155491085,23.334787318806946,1.2806812981854578,1.3484599018605021,36.34611340678525,dense_forest,0.36759590160301453,2.8429123247370134,0.3997147108164868,1.2133424560922654,0.05,V,118.04053441283739,0,,,,0
24.865815842344603,90.99298150029493,Sikkim,East Sikkim,1506.9825121185243,6.152112228667821,83.8570126700375,-0.5273072878197319,1.659291090399666,33.60977328147922,2422.050220130869,1666.393234561345,55.096998115631514,22.87867209390833,29.972671735621965,47.1486561704697,0.8219877177747459,1.1804354990388006,16.70219544548689,sparse_forest,0.5273605025970008,13.114431076618345,0.8088225369444517,3.0055887906123058,14.461945710184844,V,227.40294074663367,0,,,,0
22.8055985333842,96.96836661678275,Arunachal Pradesh,West Kameng,799.8222396830403,24.442463247363627,266.870137560975,0.051167039976016813,-0.7699545840862191,83.11282818015974,2866.1973465323917,1863.5766907545471,100.12061338168334,24.721497975011182,38.310008441715794,36.96849358327303,4.267060590693079,1.0961745333113335,25.71190964356704,cropland,0.5792978022084089,0.2379064098193029,0.42902425350871853,0.9091689676106836,18.47680999059653,IV,121.19846736125572,1,,,,0
25.751283570307155,93.60163044319805,Mizoram,Kolasib,895.3701296288282,27.063181964959796,357.0038397034264,-4.668370307820634,1.647498250188873,83.97672079802629,2281.2965358459537,1516.0219857802826,83.75235790909238,30.407040973842744,40.04800112321789,29.544957902939373,6.139982576408699,1.2953889208275766,29.679519169057187,built_up,0.39912241970148155,1.0516054504506014,0.7348549098806343,4.477567142764834,11.309857644205666,V,122.86396885359751,0,,,,0
27.003869666413294,95.46379385649271,Arunachal Pradesh,Papum Pare,2239.5607520428653,45.11710364086326,30.711249701528487,2.963137526934755,1.606829321461654,169.58910797169054,4055.940014972506,3322.9057444487416,103.13528310557584,20.413854353794086,38.3900787275915,41.19606691861442,0.2643999166681805,1.0969998018827347,39.13016226140619,cropland,0.24102389405752067,6.919842739383644,1.751906738977501,1.9210003859595384,21.34109219336892,IV,138.25352040429752,6,06/25/2012 12:00:00 AM,downpour,medium,1
23.463141636507867,92.84503284064738,Mizoram,Aizawl,1214.6044574105354,42.38574625817638,221.03786580583613,0.6052602995655253,0.25163186727524456,144.22770727489925,3124.296887880186,2418.9595500615746,96.93789831374119,24.925562122862466,27.064088928510674,48.01034894862687,6.914929612516086,1.2433653006540237,37.21929079409528,built_up,0.22196904251464245,1.324531463815062,0.5921466938279869,3.195823103488418,3.7853922026494873,V,188.815366437683,4,08/28/2015 01:45:00 AM,downpour,large,1
28.574185389114096,96.81942213851147,Tripura,West Tripura,551.2830345166467,17.58751777194406,125.55537929083606,0.2550603904839277,1.2362879481733446,54.62628577637235,4007.1712900059943,2955.437627374282,29.765226014668833,18.589563192622876,42.304381954419746,39.10605485295738,1.8107808566780914,1.150416995544869,32.16967190976886,cropland,0.6955123488652137,9.641555187296092,0.7369779993327659,4.016356151103148,5.167804553202013,V,97.34630453395204,0,,,,0
28.7487818734227,90.82512750312577,Nagaland,Tuensang,3058.6902061860546,25.363775331141245,99.8478333582068,0.09392918270104052,0.8343948597851985,89.85779525169154,3881.054994382571,2634.7391007420683,64.27552899831247,24.20604378518497,58.28443791800444,17.509518296810583,1.2718647948451312,1.5623918998270512,43.47068406421774,dense_forest,0.44239513780076806,1.709276869163046,1.1426188641553612,1.6940804561763172,2.287322024561164,IV,216.3813781546395,2,,,,0
27.010309411223616,93.16879103909697,Manipur,Tamenglong,2268.8628875716245,21.514424463608954,190.02055268734276,-1.5907823885553531,1.631742903478694,74.0700365455358,7052.716882226101,5315.068203373646,79.26982577328027,31.392256682031277,33.74342906824032,34.86431424972841,1.7511467220338173,1.5297409999407026,47.54792039743276,dense_forest,0.5200160627131541,2.3898068901493104,1.2341114871358194,1.501256001531761,7.987605131192839,V,311.86567887282257,2,,,,0
27.538336406038827,90.85956868738707,Arunachal Pradesh,Papum Pare,1052.3836200926903,13.094970600357858,317.3218040199671,-0.38229651931576625,2.314683519169013,50.835945825271175,3726.043263774646,2532.351967267126,58.98818463828143,32.52115703113525,37.92151128566816,29.55733168319658,1.8114345001458194,1.3823790002733574,45.502780638702276,cropland,0.40310378140882186,3.768227611577702,1.0124301505249518,0.21103168375203915,15.637947393275736,V,157.28768175455573,1,,,,0
24.925955746990944,96.05210988184568,Arunachal Pradesh,Papum Pare,970.3963646361115,12.37907237232075,305.3667593221283,1.2506826189649456,-1.242285123773283,56.381225592724995,2384.8189091160234,1589.8707388875048,107.97961831395013,22.14432422064983,14.197096604669603,63.658579174680575,2.8770293422003212,1.3651538175458993,33.56531535425913,sparse_forest,0.5246492825783894,0.2726406764483957,0.07142508345398521,3.8483052894033416,1.4469603099179444,V,78.83687147868025,2,,,,0
21.685292313887125,97.2113006202366,Mizoram,Lunglei,1284.2739921964424,15.63297233926141,126.33618687105007,-2.443758009241688,-0.8202663370819249,60.391927592822476,3234.4950712096206,2360.260319436511,55.86286488308028,21.72203295419539,44.51604814494108,33.761918900863535,1.27286823805225,1.2646304282871323,42.695438667244645,bare_grassland,0.5842281609296297,12.234184061059374,1.0866185386918064,4.12406059363484,3.258637253042684,V,92.85740782682217,5,,,,0
27.24675067189542,88.64516044227094,Sikkim,North Sikkim,1380.382649677779,0.0,241.68548394544175,-5.186094741433174,-0.3977522788902236,0.0,7585.117909495304,5208.793068978337,196.06504000978524,31.963979588164943,15.04883877194698,52.98718163988808,2.627438615706963,1.2520371841731042,45.106445725786024,dense_forest,0.28703663930562384,0.07443627921383426,1.2365477623720813,11.365735804659458,5.663895429586703,IV,133.57593211229616,7,06/07/2012 04:30:00 AM,rain,large,1
25.46793023504561,94.2633094836398,Nagaland,Kohima,1605.2451958251631,32.510181109271336,83.24628597363872,1.4303902777137867,-0.052762062783478475,100.65120268469417,4007.141114107526,2713.528105093184,183.00351938046703,27.81855022231256,44.98175138361642,27.199698394071028,3.6449785466217084,1.3047657784397195,31.690395612226638,cropland,0.6575893178923595,0.4565150861283511,1.160170466194772,2.403491844254679,0.05,V,188.09010858624293,2,06/21/2011 12:00:00 AM,rain,medium,1
22.396556581343415,92.22994616758449,Meghalaya,West Garo Hills,1591.9157288981212,7.854687139816328,265.46689702293634,4.342893532937232,-2.037298562705588,12.540082708263572,3416.1794689352373,2531.303744824402,95.53939388928222,18.37038767651179,36.561251805463385,45.06836051802482,0.8024495718376502,1.3701946774429778,34.144610058223385,dense_forest,0.7746763294939178,6.739822409313737,1.004505905563234,0.7863272382464771,12.158856466428144,IV,94.76889977212066,1,,,,0
23.253575198816804,88.39588480435883,Meghalaya,Ri Bhoi,1568.7250093123014,29.946443597535954,129.32493603038327,0.8523431469223074,-1.3401555310375306,94.75708312938204,2956.6789043363096,2108.1099728287454,53.265055702699456,24.997505207448057,47.29614202355741,27.706352768994535,1.7981012064788124,1.4105209483815155,30.46017097866772,cropland,0.6618919382444259,3.813834950572027,1.2729142006204377,1.0910515232092397,15.517245364793473,V,100.49546965705235,1,,,,0
25.41114822930554,95.68526190449401,Mizoram,Lunglei,2701.416054623172,4.341595248160502,243.45930377111924,-1.0447626307881794,0.36176281197380156,12.949356412649404,3989.669748606002,3374.3222652361287,71.75902257278403,19.100636165111183,26.278056621412027,54.62130721347679,1.7507657312073086,1.1294555423927406,26.77437329201224,dense_forest,0.5580190492425482,2.463938969262027,0.42916740228522604,0.1680307491182389,0.14928269197592936,IV,146.72060403983377,0,,,,0
22.04901487092509,96.17074010035118,Sikkim,West Sikkim,700.4711434788061,10.684637209925256,245.74894988876883,2.2934030649071673,0.6474569586387546,50.60367959944358,2286.8915638767244,1763.9933181747872,50.449467207496824,15.162220439189847,36.27422826718876,48.56355129362139,0.2,1.2220491796897608,38.91323204587432,cropland,0.7238771538518096,1.9878608077479984,1.1493685468390307,0.0523895430876132,12.893812913588395,IV,120.33026022726047,1,,,,0
26.53533828674679,96.87978511442182,Arunachal Pradesh,Tawang,410.3822934621669,36.927945035607706,126.02869156147594,1.122525974490587,-2.9449898506691814,153.96395213941776,3039.6295871430875,2493.1897475050177,42.388713282030054,31.835842149290826,56.022370781628986,12.141787069080188,2.0257830244854116,1.5642030588041345,29.99499209303346,dense_forest,0.2950997112491196,0.9767018032983172,0.719915993196746,4.14569379595432,0.42519541921851617,V,298.0774774940985,2,,,,0
25.418928084639997,93.60276899425298,Sikkim,North Sikkim,555.7649981100184,18.890925203184963,265.3573541760681,0.8767626247639283,-1.174017640318666,64.2160831887469,3723.1211747106695,2732.210811880803,33.139576584874604,39.52229429102693,38.32303562138178,22.154670087591292,1.9662460389132896,1.3677722541146524,29.58252304918016,dense_forest,0.4666419372181008,0.1974084516345453,1.846407637887916,1.8418656486244172,0.7209259277982764,V,69.83965325249866,1,,,,0
22.289432752295852,90.02992961966477,Meghalaya,East Khasi Hills,1383.280193008721,27.829418661583215,222.31980150989887,1.7307724791830001,0.6969529583988914,93.65485390975084,3484.6779891985743,2929.364067322395,31.096291175235088,23.83025455418252,36.989814852696895,39.17993059312059,2.488010183424544,1.4324229016630317,22.943202853804234,sparse_forest,0.19248996088762355,0.1133951874471831,0.8817748178696297,0.04212876759718342,9.867717482825872,V,236.6020623998402,0,,,,0
21.50381192112816,92.67015186542142,Nagaland,Mokokchung,1729.8302007135749,10.445972627137683,132.35483971428084,0.8885814961822748,0.4718588036376017,48.64773845548549,4138.86492996008,3117.2096632842686,51.29995455034813,36.02188839020068,37.76239523222026,26.215716377579064,2.147977920594878,1.18106841255442,26.777666668040897,dense_forest,0.7093448549904594,2.6259806375959274,1.5403104849962777,0.31143892646542304,11.11034392791164,IV,172.70669230270374,0,,,,0
21.67310206165851,90.67321763279458,Nagaland,Wokha,417.11419704577685,29.811766593912594,61.558082826316124,1.8749103870452795,-1.0452317073637811,117.07950978230022,1936.2763711645327,1631.742653840011,67.05661870823147,29.113932736438578,36.56336584377646,34.322701419784956,1.183116993851826,1.355782365813405,46.245719561025325,sparse_forest,0.5129037460458624,10.500261832775136,0.36419631947293807,1.0972329442412436,6.374824888483267,IV,167.06618882023056,3,,,,0
25.63524342551599,94.07868357113055,Nagaland,Wokha,1933.6055408492768,35.92024894649033,33.880293964433285,-6.182070387947159,-0.3961323403414475,112.84882877314763,3160.2842436535457,2213.9370798644586,128.26549833063882,21.1592212836599,45.53778661949314,33.30299209684696,2.9718668918078115,1.1967184740533043,22.847005304409862,sparse_forest,0.12166068722607276,3.051343431538403,0.8436080010053613,0.8501390779230618,2.156351532048829,IV,121.04963474531964,3,10/09/2010 12:00:00 AM,downpour,medium,1
25.465603753592003,90.18614441074197,Nagaland,Wokha,515.3122413298338,35.27464847498713,116.30184956232125,0.6280359037602564,0.12653009318436437,135.1997583161609,3249.49473488276,2121.8856736633365,58.8637777713661,42.06971477289704,30.175606597931584,27.754678629171373,1.7930080573855602,1.5497739952684166,35.3920550106013,dense_forest,0.5085757293204647,0.3172188456321473,0.32508641691189577,0.7924852147519074,0.34913563519446045,IV,114.42858649919991,1,,,,0
23.734438144914858,92.64564686656391,Mizoram,Kolasib,672.5658913568732,29.12064797167675,111.64315261704202,1.0353093764111199,1.0329207225548949,112.80446310730726,2609.5087978060537,2212.553671096248,94.23722690378011,37.45435557824949,33.50325695331129,29.042387468439216,1.9870953705166379,1.339603906791179,37.30575863219882,dense_forest,0.35219022590189814,1.1409641779858706,2.525265133811817,1.8898879806042725,0.05,V,190.59410741360438,3,09/13/2010 12:00:00 AM,downpour,medium,1
25.136126527437835,93.07633115099787,Assam,Karbi Anglong,1510.4651875463053,34.40927937772106,47.77236566688447,-2.823997543562077,-1.1944779270651729,115.71168186476653,3973.8207883135183,3088.4320639037373,68.10926232268199,26.07880673925142,22.6070644590534,51.314128801695176,3.614561314810204,1.073660076362287,52.22323915782569,cropland,0.33823259527064786,0.740944171393345,0.5288143787303611,1.2469902494687426,0.5054387089160526,V,87.42733507512631,5,04/01/2010 12:00:00 AM,downpour,medium,1
26.285074486288046,96.76415997019554,Arunachal Pradesh,West Kameng,1983.3146699766842,6.953206527751437,172.1918879362823,-2.1370415428543184,-0.5891075936146858,39.48788785140093,2628.0190129471503,2081.929704183123,73.38240331608306,30.794174900799973,40.70777873465186,28.498046364548166,3.359126764191634,1.1258925248530118,42.71403117844074,sparse_forest,0.753286571109805,3.7693476404379758,0.5916734151485082,11.01777535094734,3.514213099888987,V,31.975974794168323,0,,,,0
27.229933675295985,93.19132991041351,Tripura,West Tripura,2649.0509584127876,18.213508781655033,95.8633899616724,0.24436393082713234,3.532213768054799,74.73069514173933,3911.388938908395,3232.1033882841134,214.18716144517924,25.48519009328056,21.113892624059,53.40091728266043,2.4722338571963696,0.9,13.540725467163721,dense_forest,0.3179874438496495,4.481340445327243,2.2816013052690134,1.866677699549929,5.218146971630769,V,239.51606611750566,1,,,,0
26.124592082319694,91.84114379365177,Assam,Cachar,512.0597259234773,23.116012910956698,79.39302097338025,1.0347241350611092,0.36167598501154763,58.409299317455876,2918.2353910437623,2083.0722797232547,84.57065206738696,36.62836982216909,16.083725644890517,47.28790453294039,1.7878787788000012,1.3519533062029245,52.29318205179101,cropland,0.4518643255421362,0.7236737696599788,0.5813205081759426,1.7682448352300761,1.5425683393974396,V,78.64245584216657,3,09/22/2014 12:00:00 AM,rain,small,1
22.20532574735684,96.76889573188683,Sikkim,East Sikkim,830.8489579122952,32.451273242814565,51.481440968680666,-0.41409280441672924,-0.44627168085613056,122.55824316738064,3446.960290561189,2730.0712622183914,43.60768286470662,27.313264348477468,50.34494714501187,22.341788506510653,1.4937913378348187,1.2041568703946093,39.95244056440335,sparse_forest,0.5526896132238991,3.408877968352451,0.25804352119139157,0.6066827670867547,19.19761022981082,V,82.62226411490064,0,,,,0
26.098179852709265,91.78056398637754,Assam,Kamrup,328.1269783340825,22.948640579869277,199.31160110651572,-1.980185862016541,-0.2137815258502253,67.65066666346078,3639.0075380490175,2441.5651260157656,125.88888062811728,27.700612583431187,31.7783376935553,40.521049723013505,0.9125610840783687,1.484243029308865,36.41335709330501,sparse_forest,0.005137124382327468,0.6770705739427981,1.2867144924852962,4.876571856835791,3.316897050240074,V,123.91079024673218,8,09/22/2014 12:00:00 AM,rain,small,1
27.01614087607588,92.92883822596004,Arunachal Pradesh,West Kameng,3708.779813756925,11.261979858732822,99.67538037430305,-1.963028993621351,-0.5465119472905504,29.401401476760153,3055.57521417556,2181.326724841584,34.351881934645974,31.63158421368054,47.51868087340286,20.849734912916603,2.701776791531095,1.1963860165563536,37.35699025313414,dense_forest,0.5640062237014164,2.3259373277385356,1.2162298354698857,2.9582477357229857,1.5537824099861,IV,74.65618902103394,1,,,,0
27.608628726155786,90.70215536436656,Mizoram,Kolasib,635.3466142797786,8.915619664118081,91.96316616786146,-0.42555997974857396,-0.22694824187008383,29.223203932497817,1677.4710621057225,1312.4423050976072,37.87017500117372,20.392401802623922,39.112903579553425,40.49469461782265,1.097230484025428,1.4258230136720937,32.67545048725143,sparse_forest,0.4999785148892471,1.9717708594112227,0.6917216243929025,0.45161360207013623,9.816016201014966,V,95.64728323195887,4,,,,0
25.52621970760094,94.06799323205645,Manipur,Imphal East,764.7876746814137,35.23658328377094,242.42816125205718,-1.378472591777949,-0.13879969943239387,101.94205197788702,5104.150725875851,4299.287958341225,87.46499137366003,23.75871135555732,25.32474247614153,50.916546168301146,1.1042810675210473,1.4419711362978747,50.26435947583606,bare_grassland,0.46765617541158916,1.9734401297401432,0.8169904319592303,1.7074379577066927,0.05,IV,86.89605375560792,5,07/25/2016 12:30:00 PM,continuous_rain,medium,1
21.885161404650187,91.71934489141002,Arunachal Pradesh,Lower Subansiri,835.666731770553,33.74210996223202,234.67669843095646,-3.029105167706927,3.6653532716707433,134.504554305359,2625.5762408281053,1895.310130435141,64.50441316063305,33.9222873565245,30.163294755874972,35.914417887600536,2.927232373973201,1.2214195913069388,29.498074379542526,bare_grassland,0.5360065956630362,2.878180254217537,0.1874020920668975,1.24199935934283,0.05,IV,182.04514944766595,0,,,,0
27.311130497830895,93.79532510807007,Arunachal Pradesh,Tawang,2162.0453715364692,18.892569582708354,252.27222408753767,2.2577719659190425,1.0527182221744178,76.7638631289923,2715.6786334566114,1880.9432333178709,129.59693075069578,21.937262951536646,35.26890515568513,42.79383189277823,0.6597599392839198,1.193227119989057,41.84377086955394,sparse_forest,0.4563338814935028,1.7581389729359682,1.1259948217305076,4.675313893892984,4.920801107199339,IV,319.03084473225255,2,07/16/2016 12:00:00 AM,downpour,medium,1
25.819355569707465,94.10838023914316,Nagaland,Dimapur,2479.1890493802066,35.663300770206995,285.5540827820012,0.7647617145504271,-0.8143605543727042,102.25297033470054,3145.3205192201463,2379.734481786279,105.0066422489298,23.40304341585161,17.230917438721047,59.36603914542734,2.752213122490289,1.4776139429112367,27.278880492765097,sparse_forest,0.47752291262008784,1.0697066659267713,1.180241338591599,0.6470736425714116,0.05,IV,278.2633203761915,6,08/18/2011 12:00:00 AM,monsoon,medium,1
22.062327242854746,88.08210169976373,Arunachal Pradesh,Tawang,970.0944349717224,27.262766307824876,206.86805258749564,-4.81202294980954,1.212691054019619,107.26740943669613,3796.9758880289264,2533.7622111108485,37.856788733723064,35.84388959232383,24.33811095801108,39.81799944966509,1.9172942090993685,1.1166661677145338,31.513309458303606,dense_forest,0.5769626113764278,0.4028159196579493,0.6969464362629898,1.1217179099925159,2.80868061798812,V,143.90776355382624,1,,,,0
25.083402988910148,94.00111877859769,Manipur,Imphal East,2071.457660549611,17.648478606941666,192.47662466568957,1.1463777476034915,-0.7686581598229474,45.899753187566134,3139.8890266727713,2094.862855467172,100.15638471101585,35.215235054429556,41.56996771130564,23.214797234264807,8.030848706598048,1.3501549703035998,39.36271256859375,sparse_forest,0.42497763424884033,0.28742821264613794,0.533569639085294,6.311724500038905,0.05,V,464.6791468932511,2,09/08/2007 12:00:00 AM,rain,medium,1
25.602293205083587,94.11086943140332,Nagaland,Wokha,195.23975575450345,46.900269656218214,239.09205980430775,-3.2561877193680333,-1.6858960472157465,144.1560804329776,2596.784766840134,1962.945400973994,72.59345855239656,35.08933117720262,45.87389721757267,19.036771605224722,2.4387351991385837,1.4888876340652755,37.30922244014633,dense_forest,0.5578279692056791,1.9217350571162883,3.6817901354454556,3.1740246293427017,1.8286437420981576,IV,123.90971428683164,2,08/19/2010 06:00:00 PM,downpour,medium,1
23.142722113247512,96.68968184975196,Arunachal Pradesh,Papum Pare,577.8970957624789,16.43603225116279,230.939369957435,-0.08192264231072717,0.4837805783393158,60.04368769852136,3603.785541843609,2707.2147968997833,50.75891740157793,23.919281085158282,24.642388162503142,51.43833075233859,1.5660127954954859,1.622138763374887,38.70221463739894,dense_forest,0.584184346566045,3.1913795495693718,0.8434867855084076,4.0645865338916956,7.046918304311778,V,295.7133834629832,5,,,,0
26.201868460854964,94.53085429720481,Nagaland,Mokokchung,917.7190049171973,51.83259073024314,102.33618716890753,-3.6407333453721584,0.3670589801742806,141.38377751468076,3615.626870917219,2852.0554546027342,131.34263427045892,51.72067568182168,45.56333465453692,5.0,3.0473609285607863,1.3007171070255068,41.51850779584261,dense_forest,0.6674144320348311,0.9435902264790745,0.7254405983040793,0.6803291658800716,6.075802481971806,V,204.75824783538076,4,08/04/2013 12:00:00 AM,monsoon,medium,1
24.932962335274404,89.9949841124736,Sikkim,East Sikkim,2082.136629844761,17.039412058250303,149.78054763950294,0.6635442010846682,-1.7751783256989246,35.0074522363789,4105.833769068111,3457.138770100769,54.7896352270172,16.025619623248122,54.55001774192547,29.42436263482641,1.2101092740953294,1.3254803643652107,44.19317146619575,dense_forest,0.4148115118169442,0.3697773562870606,0.7506888045667373,3.2394235620955705,5.815402926728977,V,83.34216497184558,2,,,,0
22.8102701045651,90.00882187294238,Arunachal Pradesh,Lower Subansiri,459.3020492106277,20.03826395609242,124.66029666173323,0.07308585137699235,1.801354740419074,52.209364681876124,2793.7127423944294,1931.4015745726042,98.1115952109877,20.878154297325214,38.31869067344264,40.80315502923215,1.016411652099382,1.3675200024034129,44.24124264763057,sparse_forest,0.5136097992852711,2.755084017665914,0.22493988741630078,4.115404026967363,2.3112700696610857,V,90.63642525497892,1,,,,0
27.593075841173068,97.41734849605399,Sikkim,East Sikkim,1384.584127822762,32.873106425012566,149.9275859652738,-2.292136128784789,-0.9456892173643638,144.59468612102577,3367.1565799653245,2552.130214378611,39.411129059492566,22.477238318863108,39.954099598020434,37.568662083116465,4.95020622326953,1.2984427815569695,24.891089833755178,cropland,0.5853333864631483,1.3128964780362713,0.14318674810035734,2.304245235982079,4.668222123158926,IV,179.878089236806,1,,,,0
24.753608022952573,93.45689844256682,Assam,Karbi Anglong,1241.6985787609754,47.52056367344417,315.9871804582407,-2.452809317242961,-3.610857376730768,143.24199699058664,4049.679118170274,3165.343146443522,45.59904333233982,26.16264450422096,10.559137056550643,63.2782184392284,3.0249474005316332,1.3638414763183107,31.56858303189053,built_up,0.7956409831185358,1.6354322496605733,0.8586413752683795,3.4594218188963093,3.98612859457602,V,110.20469164016758,3,08/17/2013 11:00:00 PM,continuous_rain,medium,1
26.26948654287451,94.57937492481429,Nagaland,Mokokchung,1145.18287506901,34.11760674487237,220.84826234975145,-2.9502434282460452,-3.0106967103297237,126.81189524270658,3334.825033698976,2251.69582981393,73.12421548364301,45.814498739884,10.73018821255088,43.45531304756512,4.423198876814209,1.1791755277634623,29.698145411303706,built_up,0.3170543298258806,1.8835048043796552,1.8197886809092665,3.5311191286306847,0.05,V,263.1035173911738,2,08/04/2013 12:00:00 AM,monsoon,medium,1
22.025473809214148,95.14160736267097,Mizoram,Champhai,1882.4640068139552,8.24436027621302,318.53591271278356,-2.33781716920206,-1.2791058371299728,37.67526633627176,3809.093548025255,2724.202288226277,82.39539479151205,44.72857515260786,30.481469867150594,24.789954980241546,0.9783119958695634,0.9940478565674338,23.849120419011363,sparse_forest,0.3573773994611169,0.769264118014598,0.19635703608748578,9.083149974825037,14.70578713682309,V,101.8733840190147,1,,,,0
23.75886352699252,92.67844411055827,Mizoram,Kolasib,1228.2410032092696,44.90538657158063,36.790974895484354,-1.1898160389592722,1.089504949846937,161.50852509310494,4059.361263093217,3243.2223162342375,78.3190370715914,39.11399347912073,49.061814026095696,11.824192494783574,8.391209464792004,1.428173686085417,43.90781431220111,cropland,0.27629128613577025,0.5691695426611139,1.733454555435699,4.640747609281315,7.645381187241224,IV,86.55292109932455,4,09/16/2010 12:00:00 AM,downpour,medium,1
26.552291171601688,95.76862364783163,Assam,Nagaon,1695.810298849658,15.171752743732306,248.12892058292812,2.45650019441293,2.0471227620974015,60.28861071804762,4903.00701565671,3914.712375814023,85.26867590953749,19.50068940527028,20.731411673971575,59.76789892075814,1.651300759649783,1.4292761406744274,28.626699212805818,sparse_forest,0.5999795887751556,8.300221133045842,1.3202959362806932,1.4119162296855183,28.018738371047444,V,290.4262395435902,1,,,,0
26.345812561106452,94.51413604062391,Nagaland,Wokha,2792.7897723894416,26.77050086988838,126.66065225241408,-3.4215084995328064,-2.2090721111448115,102.87984750428542,2216.3150935331773,1688.3312111474293,156.42527941609734,39.776512194932565,40.596335927177215,19.62715187789022,1.2975351932128756,1.4826340717350286,24.22945822635636,cropland,0.12884755378545198,0.2260938845122821,1.7161471498333243,0.16341796165762967,1.957786047553386,V,38.669560341444466,1,06/14/2016 08:00:00 AM,continuous_rain,medium,1
27.193279108912584,95.87422989271556,Arunachal Pradesh,Papum Pare,499.43447567415114,36.071065551148806,212.99528442451123,1.645030449941888,-0.6669133014371312,132.02728361614993,2986.7747028427466,2219.0795465112074,102.30071828625347,51.359959769640945,31.78155829467714,16.858481935681915,2.544738140185683,1.2977830687120762,42.162429545170475,built_up,-0.1,0.5072665415196995,1.1420195275938247,5.083626797033684,1.7625067418549247,V,320.9584313570013,6,06/25/2012 12:00:00 AM,downpour,large,1
24.561652160056575,89.43112168172934,Manipur,Ukhrul,1333.1774582845546,23.062853234692632,94.1271983055482,2.035731822004714,1.5957971450648405,86.2742540074318,3229.268414985687,2620.937555041227,51.749795216067675,27.833247966776955,34.460000484863485,37.70675154835956,0.6346202447621456,1.4010419002445451,32.574098799690475,cropland,0.47870845900042464,0.09191866323676104,1.1265068159033251,1.3105885514653761,0.6177391092195839,V,210.42533542452148,1,,,,0
23.307107087545784,94.94960883838733,Meghalaya,Jaintia Hills,1907.3543635862761,30.73464210769795,99.29805831416374,0.3102438608867173,-0.9452494875545292,95.04651766093455,5204.224399863326,3753.2456497408516,41.78792333349426,29.27964926802256,39.82042298332468,30.899927748652765,2.0864047790794715,1.2916770835193856,40.4309091812053,dense_forest,0.46950199495358813,3.8510672786652265,0.874947285172506,0.47023905198857296,4.138021128350927,IV,67.00100504155851,0,,,,0
25.55041726188245,94.19157818639137,Nagaland,Dimapur,862.8089224254369,26.0209932914497,122.86689046849955,-2.3061970861575816,0.959046692996048,105.08110234986248,5112.240680810878,4279.355666018255,118.25749688177993,37.24468586770745,33.404852670661164,29.350461461631383,2.38791730760805,1.197492236590183,42.32477887934827,dense_forest,0.03185554592250567,0.6527130808430391,1.461596010291049,1.3038493866121268,1.3960310430729832,V,71.17989464643188,6,10/09/2010 12:00:00 AM,downpour,medium,1
23.655291407773994,96.35586436912021,Mizoram,Lunglei,1112.2519611244559,2.297334193995228,86.13647066488166,0.5509456885025894,-1.4182796540523641,6.812176980405572,3574.1341577673707,2993.049983553789,113.20419663760518,28.96893839060561,30.377068893700574,40.65399271569381,0.5594459639769032,1.234706506854008,44.13490193790143,built_up,0.7120602393017719,6.62380012214455,0.5058542461621467,11.67481761690864,4.375206318943696,V,23.743264657548888,1,,,,0
26.66283569027216,90.20344190917724,Tripura,West Tripura,1224.8226669687115,24.00137564318135,235.41540687344948,1.656862599991314,-0.8248568943365879,110.88315964474252,2641.139393548294,1911.3499485013153,51.72354130204936,50.02375250218553,36.35937407846926,13.616873419345211,0.9317659489200789,1.2666960379130507,35.4671574859667,dense_forest,0.6419711537233016,3.2123474571438053,1.5903511137608541,2.3349042294351183,26.649965270390158,V,104.5771109277755,0,,,,0
26.82470721136361,92.11530936447387,Nagaland,Dimapur,971.1932541371822,22.47063050992296,115.03166584181672,0.4100184431395627,-1.8462480365705785,47.30709189118426,2937.345365127532,2411.7789220833974,49.39245718679864,26.104316577557448,30.705834131897994,43.18984929054455,1.930284153676863,1.0441646607978465,43.04473318484857,bare_grassland,0.5061554531288215,1.281591776852224,0.43141539280562696,0.4830455924575049,10.184868507609565,IV,102.6162343784554,1,,,,0
26.158482436340428,91.77779196954904,Assam,Sonitpur,3955.8988377969577,41.34198302282628,60.07654822629189,0.038879834630267895,1.1253297743894164,136.53991359751956,3219.8993668202706,2472.4589484132116,238.0294657602666,24.42505653163074,42.8146097296387,32.76033373873056,1.4259992866458895,1.39555364520404,40.67296128479707,bare_grassland,0.23400299081624054,1.0348991136821646,1.3148690002329775,1.1841451992932943,9.078643687177241,V,183.6592010180612,5,09/23/2011 12:00:00 AM,downpour,large,1
26.73700577857601,92.4584906661311,Sikkim,West Sikkim,2248.838142416996,2.243786713008964,212.04208444253828,0.4709465448755855,-3.7915181743226696,11.27635082603383,2820.7352092847677,2274.4312484732886,138.27250864052397,36.864101136866154,49.28625692927184,13.849641933862003,1.5159882747105127,1.5882884449025123,31.476021264439826,dense_forest,0.33574738957632627,1.0368969728671642,0.252585220590888,0.7315648708842613,7.451379959002911,IV,206.45527442467318,2,,,,0
24.41941642720956,94.04536977771805,Manipur,Ukhrul,2064.501883319407,28.130194014128378,21.910682583621917,-4.459493181122798,0.14910288653837678,108.21244110961455,3721.5709539872664,3123.2352660015245,69.41703815227345,32.32459270345568,25.058182150767855,42.617225145776466,0.8910892841264556,1.4809585280332689,42.81818695032583,sparse_forest,0.33777505748720105,1.1091338785345732,1.3764494933229767,1.4729194279037041,3.639407172406485,IV,100.6572574793307,5,09/11/2007 12:00:00 AM,rain,medium,1
25.30357683431588,93.13718566024983,Assam,Nagaon,618.2593964826837,21.116155889779808,304.15087179846194,-2.1511002247541735,2.208276452743067,86.74229128473938,3506.590634490736,2787.3749151455304,162.41593082649337,35.10062559503372,31.41674100317082,33.48263340179546,1.2181473142853148,1.4550686879873436,26.053461961029786,built_up,0.5929003867868101,2.987904217843712,1.1083522183429606,2.0095123139257005,11.825248815597778,V,73.37550769661185,4,06/03/2012 12:00:00 AM,downpour,medium,1
25.06944745008089,94.90299746051544,Nagaland,Wokha,1957.871341404936,18.439731274102517,63.772067994744795,2.0618865901680925,1.6519841132265998,62.963770756543816,4070.9550389579213,3209.687735594392,47.06511374228713,39.19799166983969,34.127704303943,26.674304026217314,3.564082810577983,1.2349231656126662,28.838432424904653,dense_forest,0.5440260447245222,0.46316539259714073,1.881795185939195,4.31921292598333,13.89656215189491,V,146.5657017278715,2,,,,0
26.28423177327808,94.50650776805321,Nagaland,Tuensang,499.5943927831911,34.05102642938867,161.5337837508543,-0.9115373145665577,-2.423162195773609,97.88785746871363,4696.977593391242,3158.4388356047066,76.91257817919669,29.791587483857224,26.781258657920695,43.42715385822208,2.0005182374933175,1.2325578183652024,35.77958116444132,dense_forest,0.3339334420368685,1.121814159946881,1.5558017567884472,4.56268403509141,5.3027603346830405,V,177.23903677002897,7,06/14/2016 08:00:00 AM,continuous_rain,medium,1
22.51019858788776,89.90096660720043,Tripura,South Tripura,845.6361341510197,18.181479988888015,313.86566242493404,0.6434423898280293,-1.938982331605309,50.14469486975036,3333.1952577300726,2414.428530084779,30.685354987165333,34.19703866172714,40.0117475812148,25.791213757058067,3.7353183101775222,1.1141680053578396,29.439125652936948,sparse_forest,0.6986524063677368,1.9068925280024476,0.3948015157965521,0.8956276737437023,3.86683792107499,IV,54.643877570971114,2,,,,0
23.940521236747525,94.10235800699839,Manipur,Ukhrul,1465.7795996909308,44.08700343327904,191.5172704748548,-0.7336115451846434,-2.1769186478707843,196.72626611589362,3793.188727716124,2497.718036202213,101.62734011260478,16.416398842387004,43.95478403969189,39.628817117921116,2.2094194818157478,1.4654608036647647,28.976182537419284,built_up,0.31295247684584737,5.635726393244318,0.9367176493690109,1.1842182656675986,2.8276934470392234,V,148.65527086057241,5,08/01/2015 12:00:00 AM,rain,medium,1
25.55443614647156,95.13051674270629,Arunachal Pradesh,West Kameng,516.6637628538452,41.55146196010409,305.5764756616744,0.284275850905172,0.3573433864916513,102.67599882625217,4151.238398973387,2876.519431461482,27.664925828432224,21.835885775806506,35.46600961761761,42.69810460657589,4.313298920304258,1.3399137986330383,29.808253435994438,bare_grassland,0.6482875395913674,0.7359840147514175,0.98686291558396,2.4003891219761955,21.989724637864928,IV,173.078607340463,3,,,,0
26.606676901768417,89.8969681464642,Manipur,Ukhrul,1605.6310108167975,18.974208056672833,198.50735754640314,-1.7066257503271793,-1.6857052026062287,72.94163772933213,2288.318038646382,1803.7534162932564,47.113207644373034,36.46731150444959,26.729194493988487,36.80349400156192,4.284117810870885,1.156355992628008,31.0879046317018,sparse_forest,0.95,21.92719431309004,0.4237281753818053,0.4553281064588005,4.1453377113867225,V,159.6449186676881,0,,,,0
25.3705207232787,92.34723305779808,Meghalaya,Ri Bhoi,1653.366719294498,44.88069276112489,209.8070606719685,-2.4746767154609097,-2.426602735729202,122.12125615276207,3709.360449315023,3136.977605381357,140.50701196523806,27.17101851005407,23.47130259730716,49.35767889263877,1.8306293201852455,1.262625578815223,26.62350486666975,sparse_forest,0.6763002297583259,2.1058553265962305,0.986560886104898,7.849589999854328,4.337890167657024,V,211.82666445855722,6,04/21/2010 12:00:00 AM,downpour,medium,1
27.762571150766043,92.00812751651195,Tripura,Dhalai,183.85796720515836,25.243643546152484,111.74389849875611,-0.7342039031260091,1.5539856093030844,65.75256412263342,4704.047227013355,3415.3117287779423,67.32201200281173,35.163587220687155,33.641532629989,31.194880149323836,0.6429411437100463,1.236197605051692,43.32491146409234,cropland,0.508948274559114,2.4246258053009084,0.24899909330181325,0.7944010876737,5.408389948852223,IV,62.57389516404362,1,,,,0
25.3925908169754,94.60786025902823,Manipur,Imphal East,1079.7175971555819,38.640566501905475,288.9762122933645,-1.9810938035192807,-2.152236279177745,131.10175517925094,3973.0606192443083,3190.3559549103375,38.36978909239245,25.332793258463262,30.324611591081194,44.34259515045555,0.41250863996436227,1.2533401817138614,24.58898427893817,dense_forest,0.45585477056993595,0.21814690134060732,1.7459237219564119,0.9962854982229447,18.54356073626673,IV,33.36697297956971,3,10/13/2013 07:30:00 PM,downpour,medium,1
29.4388210222618,91.81631113457223,Meghalaya,Ri Bhoi,1063.7617815294907,10.11106501900283,207.7963822860186,-1.3628049985234596,-1.2485983697239904,35.71353013861081,4476.99870825892,3574.5457464901324,47.05708104715267,29.47931351224872,47.661352284170945,22.85933420358033,1.8647948537772934,1.2016356363762621,27.87842010144999,sparse_forest,0.49987027862075517,1.3996814953692964,2.283452823354185,2.821873412913511,2.317755051995223,V,13.58881414115233,0,,,,0
27.47102386151937,96.82666466671353,Arunachal Pradesh,Changlang,835.5319766685842,15.612747511899299,216.5877312167129,1.7360203774127045,-0.4840534638846683,63.65067008847233,4005.0375222554067,2656.739921160128,61.82598148239782,31.83765926810741,36.757602201548,31.40473853034458,2.7616075819685464,1.4596823318910706,38.35611091793152,dense_forest,0.22365892998246922,1.4127476813064521,0.6080148489886554,1.706563362974633,6.448118568135296,V,94.3022399154208,2,,,,0
26.583768847450624,89.4811421037246,Meghalaya,West Garo Hills,1195.5225251092422,16.32942502012752,120.90114009005259,-2.4922920396440364,0.6275460166053174,32.39001162850375,2992.4207063351505,2439.0977301923767,72.28538155691294,29.978748869012122,43.186476958332044,26.834774172655834,0.9043557186512439,1.544401884383278,51.77247989026462,sparse_forest,0.610455106823431,8.45795821215749,1.196818142699622,0.7814547409960609,17.302873602619382,V,238.32274361276703,1,,,,0
25.65706726531877,94.08730970505493,Nagaland,Tuensang,1339.9631995857453,35.16984645315329,55.13381696547203,1.1205060235288247,1.1478405745018265,150.54181028383485,2926.455305039933,2286.5811243380926,85.51094817514056,49.62052262266862,33.80722386520828,16.572253512123105,0.5287570499019627,1.2572658719282952,39.13657354650709,dense_forest,0.5975042888244952,0.45089918046272004,0.5329203303011356,1.0714700460262108,2.1160837140702142,IV,178.49375256222092,5,08/29/2008 12:00:00 AM,downpour,medium,1
22.91953222637094,88.82254367079308,Meghalaya,Ri Bhoi,1926.7895931574917,14.97691420317739,249.8962917410515,-2.388498765153223,-0.9399547309837852,67.83190425849082,4889.008712795703,3708.2622481279977,53.05114427324979,35.21752865855196,30.33650969167008,34.44596164977795,1.6017712776784163,1.1055844096084781,26.127399898258837,dense_forest,0.6390120605894043,0.08436831853713138,0.5195512298114185,3.641817636354365,4.435421231835792,V,110.28723631662254,1,,,,0
29.32603655227536,89.11378318852306,Nagaland,Kohima,60.641993369663005,21.71833857988127,249.46970542127215,-0.07155679415368704,-0.5051389775946833,49.90421446379371,2256.259667217885,1723.80645348295,64.3596640357717,25.749102077227032,48.77871714360064,25.472180779172326,1.556070471141829,1.3503963849588543,31.720194867201773,dense_forest,0.7515919053425255,1.4552359748858743,0.05,2.3057348470782153,13.893368587571594,IV,91.10036277096083,2,,,,0
27.54257323092964,93.97647301836795,Manipur,Ukhrul,1956.2222669410673,23.4904126656588,166.71505584373605,-0.3589680849734107,0.2948811946603325,79.48058688872882,2672.4360018099187,2194.1187419877356,24.750990301903318,41.09514168740593,33.935274304043254,24.969584008550818,1.493529104668947,1.1627891478401813,38.8383773337224,cropland,0.3768032016073388,2.496304199538167,0.7713576905070016,1.7090496267530575,2.4655828177598074,V,36.95975599633747,5,,,,0
23.648537494587572,92.74369390356998,Mizoram,Aizawl,906.6250732143975,34.525753478080425,32.67425116545106,-1.8797057310200405,-0.6533416640606609,140.64422436315178,2751.5392510858487,1884.3381946209308,108.29711620780515,32.2195014637337,25.28551284736066,42.49498568890563,1.1035667915468101,1.3704892507877078,37.392353145813864,dense_forest,0.4152239539760619,0.5187265062302082,0.7113183606309823,1.6049948821993667,1.136839235231852,IV,283.8419647125914,2,09/13/2010 12:00:00 AM,downpour,medium,1
23.37660056351638,91.69016727582428,Manipur,Imphal West,2214.560448114391,30.071182754517174,116.01573508063413,-0.9958225946930116,-0.384963143901605,79.206799253117,3073.075116135719,2082.061737169797,61.993724898593996,28.683243377993673,40.33937718408736,30.977379437918962,2.4318672474735723,1.340043896217769,28.67852929593726,sparse_forest,0.6091452881468297,2.993900542753021,0.6269321620125127,5.020183729677531,6.289946714380575,IV,116.53754482467363,0,,,,0
22.723255939679422,95.04346234447078,Tripura,South Tripura,1969.8406424697675,28.814993355119753,281.12618968583314,-2.476006762495754,-2.7129531952994865,135.7092781578242,3442.050281331366,2822.8264115389643,65.73409899056507,32.18981290244056,40.13698282902056,27.673204268538875,5.587949754678195,1.3102140939389892,35.801464391858765,dense_forest,0.7220627720550258,9.158694591758206,1.531464031368774,9.857860683627834,6.035693893234884,V,143.75862071502937,2,,,,0
21.841735809377536,89.44381970267858,Manipur,Tamenglong,1293.0253808105085,19.250079489350966,305.52793755641113,-0.2613484467715282,-0.6990570079177927,77.97788785867445,4408.314878804133,3491.579040473489,66.31236667229109,15.982401060129973,34.787556364846644,49.23004257502338,1.9136094180852548,1.0752897867358966,27.850448400390924,sparse_forest,0.35740270510595573,0.41085464815953515,0.14405312441798562,3.7050423781780797,14.167785730538537,V,117.18042499231524,3,,,,0
24.87179036123377,88.96067546078451,Nagaland,Dimapur,838.7601930687929,28.783587970507412,305.51208491948785,-1.4399707017631778,-1.349319921928935,122.36702877900673,2809.208092589687,1938.4407114927903,28.17832201765276,32.67467113007502,40.17105244265575,27.154276427269238,4.922323959300272,1.494384101219641,23.18944363927716,dense_forest,0.40185506725914577,0.30098968632779616,0.6259613777098051,1.9495743968220547,3.7854427636713917,V,54.09409283556866,3,,,,0
26.3844791491618,93.6703579521768,Manipur,Churachandpur,676.2573931100349,16.06440011921861,75.40198983632195,0.19880771939786956,-3.0052272505428625,54.60332268518837,3100.077695458876,2474.3714331571587,41.177864593456135,24.915573496345345,28.56845004606179,46.51597645759286,4.516755364527372,1.5546175743327462,25.211396305163888,sparse_forest,0.4088362004127539,2.4479759814465822,0.14706870424051222,1.9621096528472326,7.65782218307738,IV,13.17125432089832,1,,,,0
22.12144845099717,90.97946673466038,Assam,Kamrup,1034.6851065304245,18.615396041182183,310.84436871211005,1.6846773416308793,-3.787419181836957,70.15321946025321,3021.604209738815,2345.645927336683,90.25501923216589,29.622529534007953,34.133224374547716,36.24424609144433,1.3959284656720705,1.1067784888769032,28.75265545242516,built_up,0.44526383917150125,2.674752780956703,0.46190545506068426,1.2854825855118661,0.110715566777701,V,317.25017957841726,0,,,,0
22.908337279523483,89.01719949576163,Arunachal Pradesh,Changlang,1028.3361064233802,17.024288379433703,206.44247126853548,-0.8889783098709256,0.823368742667767,69.3168838874564,3215.9192998121935,2647.255218956389,74.89129989479176,24.96870667987821,25.467092984414947,49.56420033570684,0.34072887052753703,1.1803387776356502,27.62074914834944,cropland,0.7462961071460653,1.437729804119564,1.298530454205112,4.417668080379269,3.0862345942811507,IV,196.55994903770537,1,,,,0
23.497297026715543,90.9546719067455,Mizoram,Lunglei,1478.1111183289486,18.58232818865877,89.78587288837406,1.5816147627106756,2.77636952199247,96.92752880086466,5235.935217519731,4202.786277831612,54.864083366810206,29.53932346250389,31.75296020424998,38.70771633324613,1.1438168439357879,1.3045303556720862,27.629481617257518,cropland,0.2770519835976516,2.414132277856731,0.5823360747976076,1.0600058783417847,0.5659832672645622,IV,528.5427779111009,1,,,,0
24.523704016682906,88.42214024450736,Manipur,Imphal West,1008.4388721358787,15.156421947792836,247.62159238592983,1.6593978410973804,1.1731740376201132,33.58244021665558,3626.2830927406044,2957.412341774664,91.39223107205235,15.46415136443986,34.65878218492732,49.877066450632825,0.4237604497965488,1.1694476196332848,38.50567578204957,dense_forest,0.41562286132280885,9.463646781721742,1.8269978065385986,1.9777078670120525,14.060521195766167,V,118.75556507987338,1,,,,0
23.86131659294177,95.29421757489695,Mizoram,Aizawl,1118.0972840268303,15.920570907342395,201.7074979482971,-0.20549165037145734,0.4310328961690234,53.05664739761916,3756.6355132556787,2629.358087009722,38.11174165826622,26.975568555583365,38.361199078025805,34.66323236639083,0.28936205054564523,1.2606115677811658,27.389603366902364,cropland,0.508660562461022,3.036258057030915,0.21038806221764364,0.5642792070607054,1.5056729947312664,V,55.747579462925486,1,,,,0
24.713749676506637,92.3357828616664,Tripura,South Tripura,255.67599146764746,1.3987668060355887,257.6402466031642,0.09178920750293272,3.535741076798855,0.627486702315502,2173.2035878735296,1664.6231882400837,94.40339048875104,37.27026027979676,42.64194666078559,20.08779305941765,0.8641431367933269,1.32772914835445,38.34907139348313,sparse_forest,0.2670188214737833,2.4977272992008333,0.27509237959290356,4.548461098855423,5.666780264676444,V,268.45240625978374,0,,,,0
28.324926547854325,95.47949171598137,Arunachal Pradesh,Tawang,1478.8272380281078,18.88251222942455,122.35337597809514,0.45343523153353305,1.3308846892160626,35.18446426709407,3476.6032660919354,2703.0910173586385,125.15342980127657,24.447751592222147,33.82524645580774,41.72700195197011,0.4439803522047862,1.2785490768417878,34.53322233612682,built_up,0.5239939222844541,0.789488547758864,1.1639559658953715,4.546406136791327,2.0989087838086244,V,152.85002223809,3,10/03/2010 12:00:00 AM,downpour,medium,1
26.108538869647195,96.71731118500938,Manipur,Ukhrul,1248.3467773594737,23.961159610595033,293.3505738896709,-0.5996385468125388,1.2872092924020855,87.85430906286152,3597.890587491005,2510.4166688571304,53.290901459966896,19.57677730536195,43.093698532115724,37.32952416252232,6.631318472479421,1.2878850362218346,28.483185139694385,cropland,0.48809941253934946,6.562996812532955,1.0088514101569757,5.496291278581578,2.1289839179592938,V,58.56086849808924,1,,,,0
26.0935840298336,94.74911223158587,Nagaland,Wokha,245.75443121034183,16.88960507448904,122.53881747672484,-1.1536728202869895,2.3071481359546606,80.15999022710298,5549.667455903578,4348.406732864951,116.26975963523115,28.865304435999366,20.235926214760234,50.8987693492404,2.380636608232956,1.0888586657427015,39.29665370619636,dense_forest,0.16704521505354153,0.05130739878000871,1.056845668780884,3.9918355029185677,6.557453897444199,V,197.5404974031698,0,08/14/2010 12:00:00 AM,downpour,medium,1
23.741825151530346,94.49022450971091,Meghalaya,Jaintia Hills,2571.643156128261,11.26538525811401,229.63036076153847,-0.7578515260129671,0.06664427796292463,38.41570757153475,2926.6377504820703,2478.3712807336397,48.48116147883397,34.99153707140084,55.59764560830115,9.410817320298008,1.3908915488863443,1.321765296668585,47.304399661974884,dense_forest,0.3758388691829201,1.572450855934571,0.7000455689850855,1.46064819549319,18.82672580953361,V,149.95871195842153,3,,,,0
26.06769673951762,96.23717965719857,Sikkim,East Sikkim,696.6606851825122,28.32571017958661,90.98901705759577,0.6459437288685409,0.11093366602401347,91.51941377789136,5731.55629783595,4240.3060355184725,68.21781582720556,15.973802792649535,35.590695293920014,48.43550191343045,2.8547680677185205,1.2507197420016942,44.73288724921379,sparse_forest,0.6019745288619355,6.162800079360707,0.5565478136235105,0.07058018312156608,1.943533103684679,IV,68.7494192361039,0,,,,0
26.41826091223931,96.18352176340382,Arunachal Pradesh,Tawang,946.222405345997,1.7080654096633765,160.69962108558946,-1.8661781696978255,-0.3635351850329295,0.0,2244.0176103432195,1587.6725927277091,49.09736731818671,15.721626901204507,26.181636057961718,58.09673704083378,1.6875332047508824,1.153689858396805,24.552810210242207,sparse_forest,0.41640598809037344,1.5296782651197134,2.0668918370747185,0.935167803195577,7.770684939524355,IV,37.079144860444075,1,,,,0
27.57087748529967,90.5299722693288,Sikkim,North Sikkim,435.3817287001337,29.388782584507823,183.02018377203004,-1.204843124546884,0.34632733714196434,105.0510168529454,2806.9288069187123,2271.6935343272935,87.28240478782796,18.117037852178385,31.823669027888247,50.05929311993337,4.2212594138007695,1.4564487692255632,37.51223820857889,dense_forest,0.6433652479820158,1.672013704735988,0.1626471648865773,3.6052974497327734,4.407644305306029,IV,179.0513795578643,0,,,,0
29.0814899685872,88.50895456152375,Mizoram,Kolasib,673.3893411486922,17.930560686884036,197.19848298394223,-0.36291113165596095,0.28537109157589036,70.24670117594971,2475.8860926855295,2037.6738579115815,87.9947291304451,30.78277293932287,28.88911791727061,40.32810914340652,3.855468587129333,0.9998880584663089,20.40068874912093,dense_forest,0.54936560362932,0.08784759137317553,0.10960698838752224,0.0832598178307784,2.271669110962864,V,142.0520571178386,4,,,,0
23.458950340480612,95.4410050897736,Tripura,Dhalai,2583.9397361446577,21.164221056925687,203.82760163648817,2.4413001025892287,1.0236062557806214,65.47667214756626,4099.289744370624,2895.4337523956046,53.204500040563005,27.81951874356494,29.371926790090697,42.80855446634436,3.399443821253432,1.384858130275144,25.976977367906294,dense_forest,0.6182028692898058,0.47566758847568824,0.7376970770744218,7.53962818132128,10.969836713101046,V,173.3954038140173,3,,,,0
27.89897243043465,93.38212921340585,Arunachal Pradesh,Changlang,3428.0778958904866,29.965668727097906,348.192971892523,0.6842600697805697,-0.12966455734155732,85.95605721350508,1916.1894857793948,1368.4206177812264,107.2242232787512,15.83590719774963,25.76796378653865,58.396129015711715,3.3123801366082923,1.4396646484281608,31.000762040857055,dense_forest,0.4069615040971395,0.045789197393048375,1.9455331741040571,0.9606979864108836,6.9936428810651705,V,71.60139163917557,4,04/02/2010 11:00:00 PM,downpour,large,1
25.983478775851765,91.6683707431047,Manipur,Ukhrul,1512.209234205944,15.932949677166821,354.98361743761944,2.359727222702138,-0.5219131917074815,59.816845539107604,2063.8010145468784,1441.8710058729391,35.1542316998952,29.53565745228619,33.40970828493386,37.05463426277995,0.5915192311019407,1.135979097524831,30.53943788301596,sparse_forest,0.6290429118853189,0.4305650409098295,1.0693105034232326,0.15889617475499418,0.7018444422133315,V,322.0415250705234,2,,,,0
25.740239757320165,94.07943769626216,Nagaland,Dimapur,592.2849356719319,28.16689263169843,242.3481403582427,-2.5740560141121263,-0.05495039077608466,73.16877592452764,2493.1016515826773,1969.6517925720955,123.8969436401575,5.617925791021731,31.280482827689113,63.101591381289154,4.85876234082322,1.4395448355847857,48.66406442894064,cropland,-0.09846299386534271,0.4491822203297675,0.7480939674026832,10.35880335118309,0.05,V,254.66289915775383,6,08/07/2008 12:00:00 AM,downpour,medium,1
25.45997436791083,93.14907416197416,Assam,Karbi Anglong,1030.1901143224713,37.46055169912223,339.94156349323845,0.8159426778806536,0.1352125223594277,90.91221394199088,4732.285153022294,3262.1018776597934,127.75122097034765,31.596846011859903,31.58295687474829,36.820197113391814,0.9875995294799672,1.498891041411565,49.003481916192,sparse_forest,0.5343456482130813,0.7071007214328567,0.8173380598576708,2.954502509712618,0.5674187140533755,IV,143.77149438049105,5,10/09/2010 12:00:00 AM,downpour,medium,1
26.15713510348125,91.7914083412812,Assam,Kamrup,998.459470033071,11.541794618617264,151.79016041648282,-1.233378305470091,-0.7747897586753207,40.15466560560333,4036.9651285936297,3389.2748672803327,151.32782287278124,39.17547048073747,27.79475963469177,33.02976988457077,3.35519505765289,1.1108888258223693,40.224487447686634,cropland,0.35495162197347696,1.815637366867847,0.9296070037614109,1.4606847045271487,12.51758617818617,V,259.08748185872497,4,06/22/2016 12:00:00 PM,downpour,medium,1
29.250269818917182,89.82717035238744,Arunachal Pradesh,Papum Pare,1218.0950044998438,19.217805102844242,343.6229813386243,0.722141620438678,1.5136530876963734,105.59356216159733,2323.3405492720185,1513.8047637787154,65.63369754653242,24.791745490255344,29.821035931681255,45.3872185780634,1.1559872064070966,1.1484460522241549,33.80617771792929,cropland,0.00570138422151778,0.32900066434139036,0.2459544056621331,6.470931767939998,2.3285712194398,IV,25.585440183968764,3,,,,0
22.44624216030177,95.91480678326967,Manipur,Imphal East,1539.759309015544,13.991702672182557,104.47560345975447,-1.5217937967010762,1.1068016417625997,69.40783787635962,2657.6567313225296,2132.309651668617,80.7563380905834,27.6751512973952,31.125939399765713,41.198909302839084,2.5097254203995316,1.3479303917750585,30.348130906832473,dense_forest,0.7082339053126485,0.02237338708200832,1.089279550192383,3.9201225138334914,11.305807303303993,V,132.57341832451056,2,,,,0
26.701555152985414,91.83244120086448,Assam,Dibrugarh,1539.4204521007052,12.092678514824733,265.90549584766785,1.002716032284281,2.188760232829542,29.556542727702954,3513.372958227903,2636.900161405434,57.165917431014115,24.97890021167341,36.42180227371327,38.599297514613326,3.830569801324692,1.2875581681620785,54.18406736129376,dense_forest,0.5449609695873232,0.04379018505103521,1.795555875059992,2.0526515046852207,2.832013220407078,V,254.6107933321755,1,,,,0
24.92046198988917,92.34024110909813,Assam,Dibrugarh,846.8788513536623,26.080443093345764,249.44029151525365,0.5762066363138265,2.1411343059250623,91.3631925912382,4745.211663796792,3815.0439896688044,95.53849550522476,25.79256643471592,29.097174102123066,45.110259463161015,3.4671049791784925,1.5183206957733848,31.317306174638492,built_up,0.14556546324657774,1.9206452911236487,1.933548389753451,2.1392978079208302,11.257031509092732,IV,215.00326478542019,3,05/09/2014 11:00:00 PM,rain,small,1
21.578631394804063,94.87455420846048,Mizoram,Kolasib,2997.9490418536616,28.618427239528607,77.00077507960299,-2.264748886774018,-0.03668040763525442,117.21028100049762,2904.6273176715904,2465.912937466379,91.67471494694091,25.75872395598356,37.35023413860527,36.89104190541117,0.3451397603474527,1.464443920314999,44.89638823539481,sparse_forest,0.611127465150089,0.8839437269416458,1.0944601076251996,0.2731807753660897,8.202154732366584,IV,64.99080441570064,1,,,,0
24.732283173664843,96.85114909442419,Nagaland,Tuensang,1454.7026353000865,4.303201591322171,138.95556212844693,2.7239179335843575,-1.0771213495548195,8.22180822531696,2235.078600115492,1859.0051224536264,60.99386702849731,24.22525579701459,33.00366497603086,42.77107922695454,0.34152965103614336,1.2866212964199026,21.683878034797377,cropland,0.613318413247328,2.840671776998578,1.2932672101679568,0.1504258532191261,5.536464082790098,IV,149.6674837231118,0,,,,0
23.995187766738557,94.00889992401214,Manipur,Ukhrul,406.1658616565903,23.870196317899303,295.57382435782506,-3.1095001628803987,-4.023565041902141,43.724731754752725,3101.871020636369,2102.084792690194,103.96029987910651,35.88037616968799,38.006919218407624,26.112704611904384,0.5998679867625527,1.3444617677580364,41.170809509458294,sparse_forest,0.4772228062420484,1.4017156668798851,1.5625514071214188,0.8419700443381685,0.2542169231854077,IV,371.2087114883911,3,08/01/2015 12:00:00 AM,continuous_rain,medium,1
25.708879615215025,94.52636546689104,Manipur,Churachandpur,764.5665529028144,24.869311996369063,268.2433789884403,1.1300712170854954,-2.1718201845230993,62.53452708760711,3210.042284630392,2277.059465248885,43.62129685603489,28.75647106502136,34.23498415214523,37.00854478283341,0.5578677244657362,1.1889340075305612,38.985161218677085,dense_forest,0.39484451280757105,5.3800620788132525,0.36295739505663593,1.641342598732963,14.430976190097102,IV,90.3381127633849,0,,,,0
24.546052274793198,89.33785260350365,Tripura,Dhalai,2530.4916248799755,13.955776466506341,295.27116900497833,-2.7256332849566167,1.0963131874051775,28.378550485527335,3780.1483536927703,2614.04338025864,63.47301797527569,5.0,32.677347461527894,62.322652538472106,2.7809671251445476,1.157309807490238,38.1113758281972,sparse_forest,0.5872042625996607,0.48044606888977887,0.6459526080028981,4.543741137693976,2.8287317370788494,IV,121.24059480679048,2,,,,0
25.266979557108478,94.97235401187183,Manipur,Imphal West,677.7574524065317,20.579953041260428,182.81446040552692,-0.15324079228692677,-0.7404358881062031,52.715431831517535,3413.7089434308086,2769.757702262548,47.73042798532735,28.078501366458955,34.65268105328082,37.268817580260226,2.013983253910783,1.1519773497052004,51.193857825381855,sparse_forest,0.5486008274112145,0.8308245869063988,0.7532017714709454,1.8605611332543546,1.2365200467062887,V,391.4675394254367,2,,,,0
26.079191235340044,88.72748280600764,Nagaland,Kohima,502.24079625930307,23.297968996380654,328.30177822172504,-2.000942135774669,-0.7296483561493394,78.649840715906,2603.1736337443263,1891.2596376197048,46.298591839207646,34.1490887271498,20.482253947360782,45.368657325489416,1.4827113529960416,1.088245467145841,36.184968611037206,bare_grassland,0.7969953964331368,1.1972139232107064,1.5100445353624306,2.625390103845047,6.294079310630976,V,144.23797168379758,0,,,,0
26.20640944408979,94.93851325929016,Nagaland,Wokha,1759.0114420186342,33.6460607558253,102.03286985002421,3.490329131219675,-3.253472999467502,120.46162781628402,4628.441484390268,3533.058392053861,106.71285346987719,16.672407777885446,30.968608060728258,52.3589841613863,3.2484094510255854,1.0848509100285595,53.0683051770844,sparse_forest,0.3845112914874782,1.735373642549053,1.081495983655388,3.522877041689964,3.1690264102194456,V,169.18717511994237,5,08/14/2010 12:00:00 AM,downpour,medium,1
21.901016997307952,89.18145230059046,Mizoram,Kolasib,1583.7805387220299,32.43872216167422,142.93942623446873,-2.73341659530519,-2.6684641215782934,108.03028593796697,2908.267994624911,2463.3906921302278,80.63589892485352,21.440674764072604,44.386298607897714,34.173026628029675,1.466909651541721,1.2583328907856888,41.79402774591632,bare_grassland,0.7865479040113289,2.0714114533955903,0.7514423722125989,0.4271170479934578,26.694237897981694,V,218.72351729459376,1,,,,0
27.78587757081492,91.98971239908442,Meghalaya,East Khasi Hills,690.5829384486158,7.307107986522913,226.09094339323505,1.5777418171661226,0.1574562878626198,13.995402281277574,2242.1087839372058,1483.2892208336696,61.81945128440585,29.904317320091437,20.915320964150926,49.18036171575764,2.6574900565396535,1.5584773528021802,31.510168575994292,built_up,0.467716139215708,5.074353765927013,1.2699975685779312,1.3061181657134036,11.344068036126462,IV,179.76407860131846,1,,,,0
26.70575244670315,94.63993789116329,Assam,Kamrup,575.7536041919021,33.71504977552817,91.68750398338656,-1.7014592488811244,-1.7365845601046082,134.7778401677048,2457.922202676741,1982.2391754357293,90.52249827844236,28.681641616139615,38.49528221291271,32.82307617094767,2.4697023068952473,1.3454959789639596,29.971072667006943,sparse_forest,0.22459601510166316,0.0997522773821092,0.870370112117536,4.841710056506463,0.2895709008898548,IV,145.76887210977685,4,08/11/2013 11:00:00 PM,downpour,very_large,1
26.72195923585554,90.41977728027213,Tripura,Dhalai,98.37573037847449,18.47851090694422,219.72604864157879,0.2737769462730248,-0.39272192248333115,75.60288244719983,2684.1800023494816,2088.793498978931,54.81681115395807,42.25311440148123,60.0569913372725,5.0,2.7414652253380827,1.4760794094878888,51.24451555308594,dense_forest,0.3900183112997674,0.36374533521223473,0.3340850595849746,0.01,4.621856754331976,IV,74.5165978164417,2,,,,0
25.38819247493214,91.47029217276027,Arunachal Pradesh,West Kameng,957.9893063548031,28.910090662310097,251.13304059852743,-2.770373417452052,0.8423343247868953,113.94939433079725,2616.3570624915133,2162.7876263388953,101.32513820015271,28.863512665993053,42.4603234294456,28.676163904561342,1.9399137576197496,1.2625778510133936,33.68603167738708,dense_forest,0.6510108879477934,0.11824981738188936,0.8371177896370263,0.31079182576539277,2.2021224925249547,V,122.64443998044962,1,,,,0
21.852893102745817,92.76905483361186,Sikkim,North Sikkim,1477.1115506502274,32.89635949975509,209.04154993616706,0.03456366327736657,0.07982832250135292,93.54754379451174,3674.527595015197,2527.3199264544132,53.12310098268478,41.35613996581553,50.88403578849779,7.75982424568668,0.4472177976449961,1.2722591774876737,32.682174323434694,sparse_forest,0.42182353246956383,0.6546570171623879,0.34093458479856387,6.221857066093826,4.7383933595711465,V,89.26096662688727,1,,,,0
25.216320092696243,90.26415022788875,Assam,Dibrugarh,172.46790117824136,13.799723246079925,238.38856124728585,0.05005456339071924,-1.499329157075548,49.93941251768215,4688.8033014459415,3141.9537333753783,114.94730753267451,26.38374257976635,26.96899356396584,46.64726385626781,1.4100750489912504,1.290143807981678,36.15427106447626,sparse_forest,0.5986556523531259,3.0543697104090874,0.9274673332927489,1.2924271391673825,14.635116512877541,V,302.1023461107561,0,,,,0
21.793628408956238,89.75549275543177,Mizoram,Lunglei,1895.8468684470436,14.329096614552432,23.328123090269845,-0.2822655050605871,2.3067760153823373,50.06860169770878,3354.536552944071,2589.6332803253777,52.64431699352692,21.994141134485517,36.5142328483249,41.49162601718958,1.0375947883703394,1.1451347750221679,13.110038206123036,cropland,0.6607837886571919,5.063778708772915,0.96856355380865,0.41850748862911563,1.5157126224516666,IV,204.7647852072089,1,,,,0
26.763089778051686,89.4585762369711,Arunachal Pradesh,Papum Pare,1188.192367018221,27.03492357708857,40.963748853494906,-2.5023910111269787,-0.5175898592752439,103.40935524961027,2269.121021194531,1549.9814891953558,58.14625189051131,27.83605121114598,45.988513395854454,26.17543539299956,2.5204414248106914,1.131032550478171,30.375755225000823,sparse_forest,0.5398415959629026,0.9817843360118359,0.1714433618633705,6.831279173461207,18.39051277535995,IV,224.27952060483474,1,,,,0
21.889930439652797,92.31833458877776,Sikkim,West Sikkim,1253.7243227805723,16.86048561278782,214.96029525816053,-0.8005307809212457,-1.8906662498836488,64.47888168709602,2501.749200594514,1726.908898714972,45.79686082939833,34.551526782114635,35.16033482238073,30.28813839550463,2.6770805682655014,1.395016762196439,27.78940397989445,cropland,0.4603760138082176,10.58589277600816,0.14823699127670772,2.6570245907784655,3.2772911615925118,V,139.35452214487654,1,,,,0
22.097929915417808,92.97809789027205,Assam,Sonitpur,328.52233101797646,13.11929762743931,32.54113489317622,-1.572109225527471,-1.4492541429650887,53.611781096669674,1953.3445235531926,1631.8935858005366,49.11380293716162,44.36066278721127,54.180988634124105,5.0,4.40082839023766,1.4869999815072372,36.14854349248381,sparse_forest,0.31413588329236863,0.7027300517455416,0.884475998867174,0.6998483460036982,12.40709383618535,V,144.17881365217733,3,,,,0
25.536151409175904,95.60889266281687,Mizoram,Aizawl,1477.223452037088,21.624520052188497,292.2618925066253,-2.542231922380028,0.9457598889408836,65.17317577615728,1741.7177810295316,1455.8003300500998,46.85298096227576,17.541033884118406,30.597099362901382,51.86186675298021,2.216164368027531,1.3378959672424435,33.95200218729352,cropland,0.513370088686253,2.71083193139121,0.6429973168424574,1.4244568096971775,0.4743752902759646,V,241.3867300417457,2,,,,0
21.76516381906034,96.16303578812347,Assam,Dibrugarh,551.4248759568336,23.68905270895751,319.99124955792666,0.6601601845925678,1.8761977895494564,107.09550378538994,1958.90283168402,1465.3699508241668,31.539004716897203,33.7126730507294,43.05553030933977,23.231796639930835,3.062383270777915,1.3074327793101457,52.04838994435623,bare_grassland,0.4730711445559919,1.471361836235772,1.4644478811225023,3.3554175183483204,4.152136072286587,V,130.22740917534242,2,,,,0
26.641184276729664,93.01157121819584,Tripura,Dhalai,473.90630187853395,20.858894564978556,212.51489946870277,3.4319841245278657,-0.7805336447646453,91.59015138261871,4612.052549714275,3096.5703396338295,78.70631847867104,43.77726549823079,30.862802872260303,25.359931629508907,2.6278929124652737,1.40063688127287,35.679893302912646,cropland,0.7011922390355315,0.757175424068536,0.3410271768387949,1.4693315846840718,1.8158903086008102,IV,345.40662162885013,0,,,,0
23.745564090004418,92.70889390049918,Mizoram,Champhai,3224.9591169149558,21.541749482810424,272.9489332670138,-0.9795560255622403,-1.5127265062677155,59.182202523850826,3708.6120033430107,3056.930113652452,112.72127832360941,37.166765494769336,16.074874586860588,46.758359918370076,1.8106487698152978,1.2428539619867596,28.059118026927464,built_up,0.3224255792377857,0.6946012234673763,0.717457819200285,1.1158519008155452,1.6260183425146484,IV,280.67158761784265,4,09/14/2015 01:30:00 AM,downpour,medium,1
23.990212381860527,93.93019622928325,Manipur,Imphal West,951.8047710272398,22.766555392546028,271.8930608236749,-1.302327407707105,-0.7653982776242113,72.36810478040815,3701.7395942993794,2540.2252032919796,121.49254663711369,35.20581062565296,33.775008254719104,31.019181119627937,2.7118825434589837,1.3110368769943277,45.5405566944282,sparse_forest,0.32232410067715145,0.3913715100564127,0.9860435802559704,4.922259595361574,4.101666747906542,IV,89.53035702333082,3,08/01/2015 12:00:00 AM,continuous_rain,medium,1
24.978928684072994,93.49701570978233,Assam,Cachar,643.8590340016792,52.210012301195505,205.8498024029553,-0.062322876537483585,-1.3500053408448078,159.4980882881175,3446.2295738719035,2892.734647713494,98.08820045666948,34.88071256508025,24.015713795568146,41.10357363935161,2.2315868792656883,1.4227159736769814,37.148520750955825,built_up,0.3237629948624019,0.5338553196597638,2.712378352098406,1.084046070018014,31.809556386934354,V,286.56299532520484,6,09/01/2013 12:00:00 AM,continuous_rain,medium,1
25.050812136783417,89.07691154624787,Sikkim,North Sikkim,1625.0429716097988,37.48051552351105,128.5536148773544,1.6718440929667788,1.0067602967699714,161.07311429578337,2829.9709214792792,1906.53405299713,58.411055358835995,25.928716346126606,33.46143852238765,40.60984513148574,1.4378981366340644,1.276142882380377,41.41073124867896,sparse_forest,0.4499732763412323,2.8387144099295365,0.5118987957409235,0.815135011017797,9.448855883668266,V,50.92374380158545,3,,,,0
26.22170255304989,91.78141859556904,Assam,Sonitpur,483.17050493630035,31.25436009551307,218.00179948639504,-2.958643102731574,-1.900821763202646,128.867091326389,3118.9127829263743,2198.4252882578703,108.00681494831356,39.07734394057532,30.504260897062647,30.418395162362035,2.4668984397583293,1.3775870097598442,30.481712663676532,sparse_forest,0.5342770716884107,0.5911670887549593,1.1006528813909544,0.9295397984745128,9.47083878904161,IV,86.6309897634111,8,04/20/2010 12:00:00 AM,downpour,medium,1
28.997792962519,93.6552643571727,Nagaland,Mokokchung,1784.7128899289874,15.868332573936824,194.13335219235134,0.22914596372535834,0.12462098475965872,54.47890625199798,4581.685892451347,3821.917295077448,63.662991726016976,31.015399239778084,35.65422305422983,33.33037770599209,0.9896693445236573,1.4368689717435377,25.662550833046836,sparse_forest,0.8325488680286275,0.8469424698504694,0.47825510274382643,0.6488417387123064,6.950367623928473,V,71.1750942226231,2,,,,0
27.60103579753273,90.68759530236788,Meghalaya,East Khasi Hills,1705.4315530141578,15.868182245841773,358.29146300261135,-1.8443023049810048,0.18274240299715658,65.57093159254615,4976.051330468612,3863.9810284974665,76.14461055429965,30.640413454230572,40.40505007284153,28.9545364729279,1.2396612151193895,1.2527811511375948,21.800772415039177,sparse_forest,0.6552998210824234,3.628531078908041,0.8155587115453437,1.5098225163397185,3.47495816756827,V,96.76019032958365,3,,,,0
25.337534623714845,95.40864809224965,Tripura,Gomati,1362.1104450973671,20.548864568596827,247.1614429413659,-3.9153696944217793,-0.7088144033438749,71.27077564008046,3017.05982220439,2442.2760309186724,40.582145378111555,35.10957782414163,21.34590858284709,43.544513593011274,5.3951991386403675,1.1525920278383108,26.971299469845434,dense_forest,0.6121536062350437,4.481982951683184,0.6380194049066099,1.0716723860359285,11.92109245869885,V,59.41545573551916,0,,,,0
26.279761473247945,89.53771281324025,Arunachal Pradesh,Tawang,718.2904055728159,22.16473497155694,194.31762719187208,1.1304733047855855,-1.6333001636447055,90.61531125185604,2786.5138456317,1900.9706203657893,39.5688927055983,34.609016614169136,40.381878185043895,25.00910520078697,4.914868846503956,1.167426813148431,29.858531355637833,sparse_forest,0.6039616266478618,2.993961096698063,0.6960602221465217,0.4261385951527682,5.597731166015372,V,181.61810814782626,0,,,,0
23.616537871506882,89.71827180141965,Meghalaya,West Garo Hills,479.0229874634797,21.471653796733264,191.68687968740193,-0.07478286647180242,-1.8949376504613837,73.52184847105204,3562.752803182868,3019.4471200273765,41.496369569882475,29.96987692235532,57.92773405165994,12.102389025984735,1.8923255932709582,1.2360351731884422,37.370435279230286,sparse_forest,0.7634393888272123,1.559345293357457,0.37055773555107596,3.9641287986086517,0.6959225923151066,V,76.07474273728396,2,,,,0
26.01245684121323,94.59902731718046,Nagaland,Wokha,804.8676136468428,29.868059895371392,290.417042051323,-2.1757748973640334,-1.2489255562537953,117.01919962132521,2701.911621276795,2082.1625363036237,110.36852510209872,19.640163945286695,24.541129074868618,55.81870697984468,2.323228886167847,1.3109262285404644,45.45687823814489,cropland,0.7413780265093374,2.492334286540445,1.3666318918695366,0.7624041863953583,27.399516579488534,V,259.06171251696986,4,06/24/2015 12:00:00 AM,continuous_rain,medium,1
24.27222126424023,91.13164296490494,Assam,Sonitpur,688.2085317211717,22.34615749222872,332.47298754680264,-3.093337484442983,-1.7142889500784133,102.900279908919,3038.048305160296,2544.4603406089013,29.987850523806387,12.956516344519008,32.08725228312619,54.95623137235481,2.308202902650833,1.0924000059571848,32.12014960480306,sparse_forest,0.6027121403256759,1.8470265210492811,1.5940004580953078,4.071986713434594,2.9616324279968813,V,80.63225086353783,2,,,,0
27.385691399243218,88.31904521060636,Mizoram,Lunglei,881.4851437152195,12.391288871366516,340.3825760107289,-0.633906065822218,-0.3001882727452719,62.06567111427878,2685.254681080761,1903.9313083764016,62.371091121234414,21.51819287606724,31.393757811737505,47.08804931219525,2.39163982794241,1.3341833977013797,25.2418358416723,cropland,0.7177681509983285,2.6770049549265975,0.309446151144702,2.994384536144356,0.08238341717849569,V,208.40992924007293,3,,,,0
26.652102508370938,89.41789086322018,Assam,Kamrup,608.1657517551874,28.03278776006177,52.11163019025448,3.3399088709946545,1.3400030055236316,93.71517086114692,3228.095120326422,2447.2369820714234,40.55359396947384,28.45257501950129,23.97252076575345,47.57490421474525,1.5749850473026317,1.305637823643319,25.72472195465317,dense_forest,0.3872257926574756,0.011331248402631916,0.6516356879123455,0.2670737550610381,4.529149471938959,IV,152.25242613544333,0,,,,0
21.764897163716135,92.93505922081873,Meghalaya,West Garo Hills,637.4893083060525,12.41371799692637,146.35945475917896,-1.0277474804016566,0.7123988900216731,30.114011640735352,2772.32259874623,2191.2148879943907,90.36558721275185,51.43748468276142,31.793846371584223,16.768668945654355,1.2389560196932337,1.2145503418504642,40.28825930629091,cropland,0.5738966523061263,5.897055500986377,0.17543787539048017,1.5365814166655845,5.410901272965011,V,140.2638811136819,1,,,,0
26.117029001447218,91.86608534484677,Assam,Cachar,1495.8439185676707,22.297105029807398,213.42049309093557,0.9193174569750213,-0.06198081725757898,77.22531358823628,3999.292976170743,2683.708580168622,86.66720227635011,45.710729651828466,30.67810884302171,23.611161505149823,3.2215127740597875,1.366499564936304,40.944606694257494,built_up,0.3209615821809112,0.2055594127767619,0.828153393093316,1.8162726816430885,4.197759000955785,V,176.8131564220886,2,07/25/2015 09:00:00 AM,continuous_rain,medium,1
22.903902626100813,92.80639354582547,Meghalaya,East Khasi Hills,2376.1104683065887,11.044167080572713,335.0802740141607,0.8093370157133754,0.5963677037249415,25.07059666496794,3134.4323510669738,2568.4654297116613,148.82648257635014,41.85701850563982,30.123838101792142,28.019143392568036,5.319751145748572,1.2526171955967027,42.43651555182875,dense_forest,0.8001908601566204,3.192450128349442,0.3784600195168314,1.4160216683506064,1.4414170381326703,IV,121.95649463982764,1,,,,0
28.440485844714686,88.90970220922745,Tripura,Dhalai,621.7534599805515,13.067916048618684,152.29689738151586,-0.28658950381643367,-0.35497277134744604,55.106982355500264,2118.352482480666,1668.549732615559,25.715448809076218,32.537371543633796,30.3285398415166,37.1340886148496,0.6933319996057853,1.378159462815882,29.46342841140556,sparse_forest,0.6822643609385676,2.651818502948272,0.8324667019287189,0.5624552681954818,0.2956703152781786,V,92.99482084715555,1,,,,0
27.339729550224213,88.64033798872201,Sikkim,East Sikkim,704.6851264485664,28.07578664162824,300.18883333381183,-3.017051855554443,1.466764224630853,116.48674777936756,3978.536791706457,3361.5162766951617,155.19859006332752,35.3324575606382,28.71271636140541,35.95482607795638,2.0728602876489415,1.2883861852277954,34.89492594906603,sparse_forest,0.5847253178157331,1.909725693301239,1.4726874745133953,6.271220583768256,0.05,V,308.5374976859249,9,09/10/2007 12:00:00 AM,rain,medium,1
23.145911541142965,89.35186164377329,Tripura,Dhalai,357.176861363665,19.444532945218153,66.97131097911635,-1.9598076354924283,-4.011271470446256,95.05585202133456,1860.5738079774933,1477.2057465863788,116.17663768753756,36.45107143686732,45.303182663010375,18.2457459001223,1.848238074743621,1.19579624617922,16.822907938991225,cropland,0.6736506322553059,1.0329749872630747,1.3618100780736686,0.3590123805606934,0.17282770382594875,IV,178.70838680492392,0,,,,0
22.75253939634856,97.30707076578899,Meghalaya,East Khasi Hills,4210.003272305202,22.75715728544497,250.29895015160378,-0.7456169138297668,-0.6867254998565067,77.10215228442301,3022.836465256086,2193.323570553094,86.65650194954898,19.990409330305916,26.768677049542113,53.24091362015198,2.720264363231105,1.272410659863512,37.63259405502738,dense_forest,0.5034513424462808,0.3055012058692963,0.5565067383480411,0.11152301434981879,1.0658977855246086,V,303.32333283118527,1,,,,0
27.093601106453256,95.47906227190371,Arunachal Pradesh,West Kameng,1018.9581768493085,27.868718521713998,309.9671638323949,-0.3297874558331403,0.2788752393587337,112.71357584551315,3131.869083165565,2316.366320496676,41.8643942701102,24.097542340694236,29.29437559917723,46.60808206012854,1.5929083521316207,1.187707051583786,26.66848746852556,dense_forest,0.46100250983069185,6.054698426188736,0.618163883375746,2.6047648626935143,18.087375522881718,V,286.17134909441796,3,,,,0
25.286145559147432,90.28907164910467,Meghalaya,Ri Bhoi,779.8761148643914,21.518574028645585,354.89383334533346,2.4828271751437394,-1.5598412917139508,56.80141734067037,2806.3635675252617,1856.1068742698717,45.076399044455414,27.42275861706999,41.19246907961408,31.384772303315934,2.8557086773977756,1.2232157902344138,32.47016709184972,built_up,0.3126130557616391,8.24571944540355,0.2834962070769142,0.3842279794181882,1.5088501736323343,IV,79.770598232498,0,,,,0
28.11014407810597,93.36722317096688,Meghalaya,Ri Bhoi,704.4220720831456,24.167186931661146,92.51569272386712,-0.5614973542611182,0.527927589042469,99.82733594660719,2537.0242580944505,2026.760973122511,130.80937547605888,22.093754431488264,37.90660888670231,39.99963668180943,1.2705447442260454,1.3374606088406396,19.352741326009482,built_up,0.635442988326422,4.552726751155939,0.34846653064681943,2.3850528181723423,0.9441286161738918,V,55.09883235491408,0,,,,0
28.110223424239333,96.95345958739628,Mizoram,Champhai,655.6986811549867,31.603106083226358,62.741777045172725,-1.0528959960336253,0.88811234478629,99.09843497092895,2481.977764650147,2095.306289129831,51.12356268278563,28.2971235537763,29.811654570669006,41.89122187555469,2.641404825339318,1.3661567249725524,46.4435958953509,sparse_forest,0.0860340720462664,5.247387518990403,1.7225090502328826,8.846652988148936,2.9109056157873305,V,116.8476832877555,4,,,,0
27.20213358794104,95.86650122880458,Nagaland,Dimapur,2701.7575388552204,29.495940758446032,157.20195114881386,-0.35964288117200766,-0.3145387039120987,129.79511549073848,1846.8770933623005,1451.3950149639895,47.06140768878469,26.823709415508233,33.68790327112006,39.48838731337171,0.8006896790455406,1.0354612125382017,38.69726563803486,dense_forest,0.44600821002028523,0.6978666569741285,0.06308712917409824,0.28874571593377224,2.176095294546372,IV,389.67452085321924,1,,,,0
25.47201392896574,90.20200805280416,Meghalaya,West Garo Hills,1348.0912118826984,45.50282512009204,0.10701829965025667,1.1216751021031897,-0.4045358067444169,212.61083537306268,3054.8353272908807,2464.4261627350306,193.04631624066366,36.850314990345744,27.259371979192334,35.890313030461925,1.6703473679526586,1.5523126418049067,35.017804659541845,bare_grassland,0.3763660445577649,1.6166942571803418,0.9898674828129224,0.2895480433772393,4.67337499264891,V,138.88564690921476,4,08/18/2015 09:00:00 AM,continuous_rain,medium,1
27.371018911536765,88.64855944260601,Sikkim,West Sikkim,674.5640719416136,34.58446268784486,166.0962796153279,-0.5585765296297511,0.8872497938590578,109.36528273060894,4800.18243979392,3279.082322791447,136.51429191689044,28.212070244423494,28.523949420545854,43.263980335030645,1.5042080410184056,1.4235102576443213,48.3905129880349,bare_grassland,0.04111912374284288,1.0005466758602546,0.9396686786461956,1.340275989056926,9.759483677835572,V,77.87407270635063,2,09/10/2007 12:00:00 AM,rain,medium,1
22.994638203543005,90.20851938715374,Sikkim,East Sikkim,221.96540926339878,5.095748686513234,37.09755591293627,0.8535402249045521,-0.3783062395534617,12.514554784378213,2471.4877699622148,1686.556981046786,78.63715033606172,42.7386468700888,24.533623739458456,32.727729390452744,0.25322782900806023,1.2934367306293628,37.929109982826716,dense_forest,0.5080113474206435,0.11580532935568016,0.4250375002319322,1.5106526421843336,1.3096311615440404,V,262.963380352478,2,,,,0
25.993638991986913,94.5582200754754,Nagaland,Wokha,888.5665199832355,23.995276037257355,18.92223002979803,1.0790540063449034,-0.38533121593871333,72.62150792636696,2634.270555063535,2210.0367963220165,132.11377758080604,35.38537553581337,39.32819179173129,25.28643267245534,1.5499291864748252,1.248875315321711,44.30587634245761,dense_forest,0.39308557711390363,0.24942297775500447,0.6358197992717682,5.476366638469118,0.05,IV,267.93683327309674,3,07/26/2016 11:00:00 PM,downpour,medium,1
27.271151789958214,94.75938600610974,Sikkim,East Sikkim,2208.933547155915,14.96774020913033,75.92960020508725,3.2283781480071174,-0.9469654684381306,41.36215598240996,3039.620543950973,2358.2744968648385,80.70685058576728,22.813375564452073,25.422545072446695,51.76407936310123,0.44035678860308713,1.5167467215528263,32.724763574982084,dense_forest,0.4255788393386943,0.03672443223169278,0.24059743541812645,1.8160907726187692,11.463656778417498,V,73.49110627263775,3,,,,0
22.903027135507266,94.36432229605833,Nagaland,Dimapur,1034.526822721857,18.897032614700404,312.5164074988071,-2.252809213105712,-1.7518641715734562,52.431367709612275,3670.9826115132305,2406.2502932757993,35.353176437910214,21.08634195993832,37.45327706037315,41.46038097968852,1.8319673941204404,1.1076462489770798,44.24508202159698,sparse_forest,0.6042472369138203,0.5942233576598233,0.3813819932303186,0.5588599139150128,8.924810344163014,IV,150.47761548131191,0,,,,0
25.40711137059454,94.00546175601663,Manipur,Tamenglong,3880.5361071446273,33.24014843027101,109.39933816572561,-0.7210270045323307,2.91136727041157,110.3549263067962,3166.4600735799304,2516.3658229719317,103.22140233053253,32.190862430628215,44.78901891432742,23.020118655044364,5.769928911278729,1.3236327626827202,30.526158781396482,built_up,0.6331904677452292,2.8766341819273835,0.38142761001651815,0.3391242576426716,4.0249364895673745,V,212.9945052965425,6,07/22/2015 12:00:00 AM,continuous_rain,medium,1
22.4114257268407,90.89953077328725,Tripura,Gomati,434.1200382958953,13.944739250864568,65.73295980225193,1.9404296237283403,-0.21506322807832617,54.10388476208219,2351.079925899175,1748.3741285080791,68.43117917893449,30.50183063957772,35.56446523854173,33.93370412188055,0.6472137874914327,1.5762122542510815,31.860119280004017,sparse_forest,0.7143066974059881,0.43778610946143015,1.6050211201474427,3.517555835366019,12.368942397642213,IV,52.80000831362747,1,,,,0
29.111218726973334,88.8437360419893,Mizoram,Lunglei,1276.2570886580677,6.3660923013291,206.1055145492144,2.0200734384161003,-0.8122894201796743,27.055491724332725,3447.328152751462,2731.8459920077416,121.66133588108936,27.75834446792395,44.45468137266999,27.786974159406064,0.6809210397102577,1.455635564001359,18.07474603916525,sparse_forest,0.7099167989353988,1.1327900173192667,0.9730948671659537,2.9593924651756254,12.949394306523288,IV,206.4601991807196,0,,,,0
26.19065051000287,94.84993937180282,Nagaland,Kohima,1199.879683305924,43.03526126244575,214.67613388293057,-2.4216084828716555,-1.2433187460634159,195.9738422214677,2655.2061835594823,2121.549860029582,130.03243734584137,25.905038444813282,32.546763723885796,41.54819783130092,1.8208606077072658,1.266441877805847,27.25302525407448,sparse_forest,0.5285663783631306,0.31745822688514597,1.1902987239500942,0.16712807583812567,0.05,IV,352.13923328496634,0,08/19/2010 06:30:00 AM,downpour,medium,1
25.99832209772892,94.52319463244984,Nagaland,Kohima,401.4829806324258,23.61747009184744,276.0934887691073,2.7371488357368934,-1.2621890141917251,87.71211020355146,5204.583023715761,4189.788522240314,112.01940656078463,25.452788997352897,31.61052015378489,42.93669084886221,3.026930145487289,1.1199819099799737,45.38993757034198,dense_forest,0.6061909145255453,1.499501922219352,0.3764373432868462,0.5788978786146346,4.0838514974597,IV,162.57952881795705,6,08/19/2015 12:00:00 AM,continuous_rain,medium,1
23.453662367505217,96.09936345683928,Meghalaya,East Khasi Hills,607.5116237969416,27.684507871418816,348.54319765344246,1.0834798064502773,-1.656794754773776,104.32359100281664,4232.829841924259,3564.812236717435,66.50735910265888,25.104231470081118,45.037339664118555,29.858428865800327,2.7922063339389047,1.168886673613867,38.69587886439827,cropland,0.5333313558751608,0.8044941603989064,0.4682556577335226,1.8078737331230033,3.131381110823219,V,267.2012688008561,1,,,,0
26.86003360388876,90.16166866929143,Nagaland,Dimapur,730.1894456682971,16.643452222932158,286.7403378826338,2.909670725692005,0.4190957839603241,77.21499330523254,1990.968258265044,1431.627582567025,81.43525746689261,32.21505484273073,36.386935311520425,31.398009845748852,0.5447113721089955,1.510559587487791,22.634143675106145,dense_forest,0.5791086784704882,0.015455883507785526,0.4073879835118568,0.5706258726435062,8.946951949873876,V,89.7806486312449,0,,,,0
24.328823729090313,93.13522071062087,Mizoram,Aizawl,840.6562953862104,7.431302512135385,99.8087826084392,-2.5431255409766846,0.9132016032722313,29.270181450131652,6844.930748604886,5730.463853510477,93.08913156317595,32.29650176676017,26.05439071307875,41.64910752016108,2.0619014558644193,1.4950567335067775,51.68059049058287,dense_forest,0.7814480810714082,2.0868695930270365,1.1756938819453704,0.06030008039047603,1.972785816089638,V,127.28547766064786,1,09/16/2010 03:00:00 AM,downpour,medium,1
26.106124246773774,94.4148264408186,Nagaland,Wokha,1003.394014412581,30.843139316313867,287.81414526380655,0.34661172313732935,-0.6766083582136414,90.9133456780267,4094.414359446261,3103.261595823408,138.56321927802855,29.86666355108428,45.838158738046,24.295177710869716,8.25100452229991,1.337672198116759,35.58889761152802,built_up,0.4342476002343732,0.112381385354526,0.9405406569354631,4.037492469376062,0.05,IV,268.0387384689582,3,07/01/2013 12:00:00 AM,downpour,medium,1
26.58002426437609,96.64641656728713,Sikkim,West Sikkim,476.7721018582548,15.852604899906458,230.16616958345435,-0.314404551648717,1.8953221812987047,32.82964767350859,2784.412496357407,2139.2244300145944,89.42842469248484,34.39886599770544,22.018561821205168,43.58257218108939,1.1756050183265983,1.2374150018910608,44.31360961468792,built_up,0.7462281459381421,0.01,0.5055064029718053,0.629084309392577,0.3909488244837678,V,101.59415442990107,3,,,,0
23.75147792066033,92.71104674816408,Mizoram,Kolasib,1392.1500007260174,30.031674024471023,325.42498253504937,-0.019470762902117245,-0.3004756528124244,125.50583034630093,3500.740037904483,2745.4000543768057,80.04451768611591,49.97844543945825,14.134451844572384,35.88710271596937,2.672234504467515,1.1909896719630297,35.38826702954111,dense_forest,0.4862741229726719,0.900862410332379,0.18179569266059242,0.4826225387872315,0.05,V,188.35370880053702,4,08/06/2010 12:00:00 AM,downpour,medium,1
25.824798037087326,94.17307875891625,Nagaland,Mokokchung,348.245497664521,28.946038445565307,296.9087748685471,-0.2206436041377875,-2.4299079765802993,120.89936609009729,3720.629604397456,2717.912296774459,84.72961255465903,41.877210224009616,39.342544533132674,18.78024524285771,0.3466102003929537,1.213162539488776,50.52588742547135,sparse_forest,0.23551604397207998,0.6047070329552316,1.9471806913018446,7.34848159130367,0.05,V,95.14294511044429,3,10/05/2013 11:00:00 PM,continuous_rain,medium,1
26.149471495909832,93.77919974270887,Sikkim,West Sikkim,1453.123058859778,22.8683760315196,188.35605179562418,-0.3445619620790278,-0.9518431164901304,99.71283631664855,2264.8051954953435,1786.2616718360155,46.71867766718073,36.251638204699546,36.71912922532454,27.029232569975917,3.657952239561961,1.3906623202868755,30.471654064065643,cropland,0.5347544868833507,2.2939041007134633,0.4114251155871038,6.807714556305009,0.7847710285121813,IV,290.23471996603286,1,,,,0
29.27185868399658,91.89391979656172,Meghalaya,West Garo Hills,1366.6063687089027,8.502841648472705,263.2602885377324,3.1028234890392143,0.7078113769566037,35.24626487390523,3135.710348017762,2478.0507715778654,43.33058571967291,26.285530166316853,44.80691329512156,28.907556538561593,2.827620530406785,1.2478931189634688,17.083868370830892,cropland,0.5651008588378741,0.4456967483865004,0.2657052521421268,1.2899453800238252,8.441378729284162,V,484.64747962894285,0,,,,0
22.25061791355104,88.94917517410634,Manipur,Tamenglong,1059.609713663897,7.485687976763357,176.8193516390043,-1.1875895640599086,-0.4308274236070311,24.831848320364873,3858.2816358266728,3098.3282987611205,59.19267471242677,18.963436478847576,30.03642716954125,51.00013635161118,2.4921331136486375,1.383155465559126,28.290266030385375,sparse_forest,0.3888122509949046,2.3339865926669146,0.5918022295195805,4.768089411794677,4.219634602132742,V,203.67140860092587,1,,,,0
23.36334343254698,93.09520743803273,Mizoram,Aizawl,1958.3742399410237,4.9570487838584,19.451442925052483,-0.36562644083440166,1.6267762714319582,32.872165423930625,3498.88918803068,2881.437718478216,149.14876735731184,26.630515484509168,43.111726161333195,30.25775835415763,0.47055702244782943,1.2004327128415357,28.658394436648766,sparse_forest,0.5121341710278695,0.19828307023583733,1.0101245986505365,1.1626013903962575,1.9100557436484817,IV,52.801471528463665,2,09/13/2010 12:00:00 AM,downpour,medium,1
26.429220521539268,90.94107611671915,Mizoram,Aizawl,793.16973130602,12.968746598680845,144.05807345998517,-0.6802073623467635,0.37694356058356754,34.862672483962164,3225.4974614074354,2139.263541961183,66.08896176818641,35.81398731497894,30.222670546372758,33.963342138648315,2.3326466190984716,1.3979903189589462,44.21364127874408,sparse_forest,0.7031007529307798,2.93426257254479,0.4110071166652993,2.2853078890326683,0.7044887854083173,IV,82.03796816857322,0,,,,0
27.064773792261878,92.47752594675764,Mizoram,Lunglei,1351.3655055855868,20.177229162385274,263.46843465623243,1.3738122195370193,2.949860430092122,69.05382405587312,3301.0512640954294,2651.4654215645633,68.83181340896985,27.51104273290349,22.40524072922912,50.08371653786739,0.6570039424481454,1.3041492779858392,36.8339612929102,sparse_forest,0.7293049339106642,8.387851668735557,0.7594134031482325,2.2999278832222583,0.4407572312500208,V,32.12062894303826,2,,,,0
29.465744599839134,97.31817931726603,Arunachal Pradesh,Papum Pare,648.2520578106285,0.6175325663679203,174.91749340151227,1.2112595757933535,1.3703244695100678,0.0,3419.965483432132,2235.579179889954,40.97737525287421,19.28580538534674,35.27485818495121,45.43933642970204,3.306526376005151,1.2934012032103122,17.97729465073835,sparse_forest,0.5871743106486179,1.8985435806167206,0.5975084993438896,0.10697459114551502,0.7252030403322421,V,193.5367445794089,1,,,,0
26.219816662298587,94.00854598005073,Meghalaya,Ri Bhoi,1083.6079410323578,9.101737294528164,186.44232124018578,-0.9140032561423757,-3.368069353603602,30.898143088997344,3188.649445595764,2196.108146069854,57.918858340119485,14.55446193362978,53.97132478217969,31.474213284190526,2.9748597090015134,1.0254786762901822,37.866071859865876,cropland,0.5528209242652524,1.263897342428013,0.47912975725975593,1.0327412689914048,1.6722889910735974,V,408.38185790430094,0,,,,0
26.152481689622572,91.8582971396983,Assam,Karbi Anglong,1182.4562467235396,24.90909101823505,215.31608840968224,-2.6770138367466263,-0.4485405282694541,59.77227722148119,4846.363501418724,3426.6257784970385,130.3173065131466,25.4631488956135,42.73265982434343,31.80419128004307,0.7543348721236962,1.2438769031730765,32.48375599336007,sparse_forest,0.5077958158735145,0.014441509138039588,0.8833200505004264,0.07017595591626694,2.784746347773989,V,327.31472286439464,2,08/22/2015 09:00:00 AM,continuous_rain,medium,1
21.976813510966384,96.1086773621569,Nagaland,Tuensang,1755.071751091774,8.696677637344008,269.07502617647674,0.09615311954636577,1.1127804131140093,29.437961314477793,3272.7569532750367,2578.3389282731378,55.30660234066359,30.256309262671337,33.20497046797707,36.53872026935159,1.2672380373975458,1.5903184136570458,35.22305864090641,built_up,0.3743521635949725,4.7967473212186,0.6784146528776158,3.00184883593312,0.1454870658800994,IV,112.67610937282188,3,,,,0
29.113671056215708,94.77737984478534,Meghalaya,Jaintia Hills,1177.3208050207727,24.370985241710134,358.3254183499402,4.452230644041921,0.5584670281676343,86.074879449616,3221.533672805016,2630.3048814727204,41.192338712460895,46.77603583055466,30.985473484794532,22.238490684650806,2.0225166060833506,1.4840026728350448,30.251031884558273,sparse_forest,0.6991796945366076,0.8188674629055295,0.548704759779718,0.5486409837751691,21.214241898850116,IV,46.53341763173093,2,,,,0
27.41350435842054,96.1826839671132,Assam,Dibrugarh,2166.7207592055656,15.606686321579899,144.44849116640154,-0.6997393863487242,1.3166923947551834,30.626286720495784,5107.285910882698,3653.3750436617697,40.74389034284302,46.16399584606185,43.980664379032774,9.855339774905374,8.016709087329199,1.2256764059052248,39.47474874543431,bare_grassland,0.5882491363859395,4.482577705198179,2.1153051985699522,1.7299020599855788,0.7456448738749779,V,118.05313131477467,2,,,,0
28.017049533771335,89.52366609727558,Tripura,West Tripura,1158.1577545432033,31.680112346374784,247.26959411895396,4.698878353815385,0.10151010253307274,133.716164932837,4132.408991604641,3309.8256070243006,41.1408383501328,39.49790112005884,33.49073828479863,27.011360595142527,0.7205326853886505,1.373102820228566,30.296776004468033,dense_forest,0.6609250730480337,6.672662136397806,0.808943980094279,0.73312828401583,7.078859165288611,IV,428.82671300540767,0,,,,0
27.818068274794967,91.57716833672465,Nagaland,Dimapur,2654.657918233825,26.811137766448923,284.19897108807515,-3.0351046602146834,0.9615949615719104,88.31277383573783,2008.5512088691992,1596.8348633865442,107.59623584838413,25.60035464907878,20.830538189467013,53.569107161454205,4.484567542753926,1.6266081519500049,23.140942421513326,sparse_forest,0.6763528389790987,1.9400632021174387,0.21385011491075034,1.150100104653205,8.521131217494931,V,108.98969272644423,0,,,,0
23.0669360689501,96.34283931663256,Manipur,Imphal West,1096.3545583579207,34.19381385380588,9.525562329469759,1.456850508049143,1.0552939814163815,100.5745782020213,3300.536811972724,2678.1004169093408,56.60943710164336,26.00946613290292,16.96862610057819,57.02190776651889,1.9521929928555344,1.3815558076745813,25.38362291907692,dense_forest,0.35479462607736056,19.60889830539893,0.24545703782645326,0.2275634532474759,3.906762530342081,V,283.7224487307573,0,,,,0
26.065997086665195,94.48065348236699,Nagaland,Wokha,705.7753300659109,24.52592233999529,183.54061736775253,2.559347995378388,0.9542812240447139,103.4087846189174,3506.914531050989,2451.9425506092534,186.36729502521047,38.46638449134123,24.415382574376896,37.11823293428188,2.8429306218528327,0.9734870840369536,50.11130684275625,cropland,0.41935687098311014,0.32072779090864834,0.39433692689729394,4.602588397063632,0.414113567423827,V,59.80920305618021,3,08/04/2013 12:00:00 AM,continuous_rain,medium,1
27.33133019052934,88.58034726240207,Sikkim,West Sikkim,962.892016614759,51.04669627006862,352.6139221209416,3.2393363782519176,-2.682044246330239,142.7950283274299,4658.146540675626,3381.0174240972688,99.08468960405233,42.23745931580373,26.260343246883437,31.50219743731283,0.8482942599899772,1.4924485057570605,34.45143536411396,sparse_forest,0.34343384295779933,0.9958984817139944,0.9007482570413088,1.524573884079117,18.063467629188587,V,71.91398217891742,3,08/27/2010 06:00:00 PM,downpour,medium,1
23.066518289789336,89.43481038639285,Manipur,Churachandpur,5500.0,10.074232588192688,61.78241794990416,1.165729501129181,-1.8308001830601992,44.66008522948137,2130.815535502089,1402.6489156938846,47.196075518652776,23.385763299633943,39.60872258217763,37.00551411818844,2.2733231219611114,1.3904299652340573,24.45392990093127,dense_forest,0.6862846342027707,3.2824390901081713,0.24954545539802186,1.9522691436053763,31.015149061056448,IV,60.95398018353728,0,,,,0
22.223233052634725,90.64655109131033,Sikkim,West Sikkim,3161.852981245363,11.20819316107784,25.87243737954585,-1.1803395159344794,-1.4091744473232564,39.72475514776345,2209.6584025840234,1751.5879221800237,75.72966478178013,22.716031899148746,31.210088026838996,46.07388007401226,4.763917785207271,1.2871033998686459,41.32674692496943,dense_forest,0.6687329969438455,6.3422020321233745,0.1226047007832881,1.5871638965676662,5.241441614802961,V,74.3822260051355,1,,,,0
27.341453680299196,90.59283621171008,Manipur,Imphal East,1794.300090853149,27.710619576115423,136.86794386834126,-2.7722608385308667,1.161082769967254,93.80383157954027,4961.104322914898,3783.878344763332,120.61917125203836,32.875857563986614,49.05424587938765,18.069896556625736,1.0595334597065615,1.0383551098185915,39.90245877108718,sparse_forest,0.7323007610623677,8.078907186945704,0.7412496121765719,0.5550432963270897,5.5153298025831745,V,235.6382350686191,0,,,,0
25.74535997712992,91.07410704404421,Meghalaya,Jaintia Hills,308.6829349219306,8.322577730209453,70.46601280113325,2.927149604680744,-0.6780473604483721,8.318550350091009,2718.1723632779344,1818.660300053249,51.27633123479585,18.424510461469787,46.779738178619326,34.79575135991088,2.0343974684393187,1.380836783090577,40.76568397462756,dense_forest,0.430580812027912,5.208656240332751,0.6483876812475766,0.8557464828332851,12.66667086256064,IV,283.2997948876184,1,,,,0
29.459738488217482,93.77082140587748,Assam,Sonitpur,1126.0124452155371,20.774554927513734,124.13700946575524,-0.24656483385992944,-0.5789601643889655,70.38108803110659,1782.0110320597744,1245.4878894581234,56.3414696998419,32.836724661283796,40.76474189126623,26.39853344744997,2.3000525357611683,1.1453580010327664,25.029338736076998,sparse_forest,0.7863462429757841,0.7394105699685659,0.5856844080819411,2.8735069470049552,13.262223172703502,V,238.19362980412976,2,,,,0
27.31486229388948,91.28997656444875,Manipur,Imphal East,1671.0238415097617,16.188536251188115,142.11540586652876,0.18081143734131744,-0.01883880230603018,72.0581507649824,5186.374402162903,4142.537476909246,69.9795897723265,23.405516084386008,32.8736172426977,43.720866672916294,1.4092784848677058,1.2579669315625777,30.496698794637567,sparse_forest,0.7241571185942963,0.10023725217605059,2.4455023200040262,6.716855860093663,10.474424667154091,V,163.22465156208474,0,,,,0
24.21160203110611,94.07065082053234,Manipur,Imphal West,906.4962358229116,22.389481141303857,10.777058624962464,-5.487518084231105,-0.8663736913997871,79.22825428468144,4309.324441764356,3607.650740173537,86.8029397015591,34.78589166685225,49.808641953500725,15.405466379647024,2.2904662735107446,1.209703346394851,41.91862209367245,dense_forest,0.43613320060619093,5.474316798478462,1.3726837591112282,0.825887635863888,0.0805148936472162,IV,12.78286237006169,5,08/01/2015 12:00:00 AM,continuous_rain,medium,1
25.403153651095824,94.0996951240144,Nagaland,Mokokchung,276.3522989429981,54.88666638448248,142.47032362608002,-1.738520389503325,2.148636581892175,219.46820640732147,4107.571240538246,3348.985438984018,90.8419523152115,35.25612864986986,21.808212630691465,42.935658719438685,3.7851137425606014,1.1099884811818088,52.732645937978916,dense_forest,0.2110180482806676,1.3638831009606445,1.9969936261553154,4.297904306627236,7.407938457526973,V,55.80707512793299,4,07/29/2010 12:00:00 AM,downpour,medium,1
21.88811714625061,88.70712377977144,Tripura,Dhalai,864.0354484099399,5.81398183356403,50.80092599038096,1.4539007833659607,1.4357320546040913,35.81013583823386,2190.901971274903,1854.211981554028,27.800468444949516,25.2154482955325,27.377167804492046,47.40738389997546,2.5779013088312532,1.3569293254646004,45.826269727839765,bare_grassland,0.35463913913505307,6.37027113798222,0.3854106866701633,6.796358270623117,2.1665016999562825,V,473.0321868557226,0,,,,0
27.42626886594376,88.784179696862,Sikkim,East Sikkim,1174.0460424137295,35.3776231521381,187.7684522631083,-3.552165683757978,-0.23408740386200044,122.81628539186484,2953.872609155979,2390.170850953372,97.28458541001459,37.34180413655792,54.4051224966542,8.25307336678788,4.103328522612358,1.2060469273018888,8.370323482032667,bare_grassland,0.2575718319959745,1.5867278344195104,0.7158726796496525,0.3364230916100963,5.8742475260652025,IV,40.876564573121705,6,08/26/2009 12:00:00 AM,rain,medium,1
29.00289608497433,94.87917009727222,Arunachal Pradesh,West Kameng,3033.0898383704093,42.4267866173764,152.16029731003607,-3.23270368341649,0.057328830665077324,111.31178012866074,2727.400916471074,1876.9247859291168,119.22860098087567,34.30307615383459,33.94710781290942,31.749816033255996,2.5281312048878806,1.3251658835471471,45.36657039586367,sparse_forest,0.31759224259901536,1.0689809750482613,0.7646720912950642,0.8432327523446588,2.9645257865682595,V,156.0249149082626,3,07/05/2012 12:00:00 AM,downpour,large,1
22.789227388583114,94.26564678378074,Mizoram,Champhai,1000.1769255382213,14.823330640450678,144.77089522803396,1.322577128744738,-2.19024731062904,68.99477750408461,2908.9064952126255,2447.0811663908394,46.85915305618154,25.758836926288446,22.702874411736566,51.538288661974995,1.4839825434204525,1.24540625777636,46.792136168380296,dense_forest,0.5255149005121069,1.8463259381848616,1.2256165419657912,1.9956613884692553,5.3593040703707775,V,33.622018131973086,1,,,,0
27.030261501800187,92.62249871212595,Arunachal Pradesh,Papum Pare,513.1956546070861,32.20739827835774,186.0050741427986,-2.659218341585166,0.8028276366428134,144.616712870186,4516.608506786585,2999.709884601407,180.49131535257126,24.65338413507832,47.145430936900944,28.201184928020744,3.9152635815097523,1.4936003878667468,36.86842954959074,sparse_forest,0.17787059756322712,3.188312421262161,0.722426113184446,0.027097607570952705,15.017790575812517,V,89.64747711640736,5,07/01/2016 12:00:00 AM,downpour,large,1
24.678126114178355,93.96466921998078,Manipur,Imphal East,768.8468545095174,45.33144299178947,189.46982642789172,0.2552201327380823,0.012765081490958508,166.1988495364945,4973.073356000727,3766.056573413677,78.86995146264809,28.805502455130593,37.34793605120081,33.846561493668595,0.48759188946600207,1.4017434649638663,20.341758535244356,dense_forest,0.48109642904967476,2.0689953620683372,0.45667132397589516,0.10469701095307438,10.362560901760494,V,84.43289744986923,1,06/09/2008 12:00:00 AM,monsoon,medium,1
26.222538034056136,96.91554318627891,Arunachal Pradesh,West Kameng,2595.5931415747555,10.400204946856476,337.02095543387065,-1.157918411159954,1.7523920567442093,29.967403018958414,3395.320567976263,2578.806801099079,52.03183683919471,28.452792540933807,35.946469609257974,35.60073784980821,1.7354272268244737,1.5362759961154808,32.22630918815347,built_up,0.5921507747892221,3.9950489206752895,1.0723741358390313,0.38078993846752884,33.18230166209294,V,168.47695950356294,0,,,,0
26.504156679647387,90.32940343392552,Tripura,West Tripura,1502.2730123407357,21.745223218330725,77.85958154268553,1.1774853096216313,0.5066194504011334,88.1747254610565,2919.074382186697,2245.869644095791,68.87881781981656,32.11366260162128,31.450671538585954,36.43566585979276,2.568906243581937,1.285059337717079,41.07476627202392,dense_forest,0.3037402604626216,2.0760678423365766,0.9604166011294839,3.0469424657011195,1.543093069250343,V,134.93603768896568,1,,,,0
23.8205549179611,88.94190004793859,Manipur,Ukhrul,2363.8140220445553,14.996945618154538,14.714661119386347,-1.264136767500133,0.29891929104024306,56.10716512643976,3307.2677806217453,2718.643716516989,48.48638140007848,18.654872863119678,52.84601833153837,28.499108805341955,1.1471315510825009,1.2458963898635538,21.853764402017674,dense_forest,0.31577595613292575,16.742477388897125,0.4629865036924994,0.16556072983569994,15.560656120797633,V,133.21936293078778,0,,,,0
25.739735645757268,94.04790706489256,Nagaland,Dimapur,2271.043351481603,33.25393612512222,303.7824067879158,-0.05963659951913158,0.5137027924236158,105.47710042786092,3813.53008485128,3184.135250338614,126.99015042699347,25.59604487997957,30.339269374221587,44.06468574579884,1.6935415068325788,1.4740007840950553,36.21199678576557,cropland,0.16541638064511505,1.9258214375485267,0.6820722354743209,0.17927730090460192,0.05,V,235.7228973247757,4,08/13/2010 12:00:00 AM,downpour,medium,1
26.171207866463817,91.6429806185803,Assam,Karbi Anglong,1805.0697972505977,39.295670118852456,69.20562614739175,0.04686807377807867,-2.4664304055035013,171.35703107807865,4766.780783323947,3130.906731398285,98.69341928857955,44.26601947326236,30.647207001019577,25.086773525718062,0.5493120383795638,1.4149132522689636,51.188163856934096,built_up,0.09017666359913462,4.423178331813019,0.7169999125458556,3.4789762173288885,0.05,V,70.944562202425,5,02/14/2015 12:00:00 AM,mining,small,1
22.7292586063352,96.45874636397866,Tripura,South Tripura,1061.1892878340523,2.8698446230116765,282.02357391562214,0.8924784179903027,2.0064557860798913,12.975252625014226,2932.479479623681,2225.952858395257,67.76020198366908,28.36715567397908,32.736066787650735,38.89677753837018,0.46914575981369505,1.7,27.910626056673216,dense_forest,0.5816531281669083,0.7898394332289804,1.2253846552867644,0.16257196128850604,1.3984088235184957,V,180.95156823798305,0,,,,0
27.943958240065648,88.56587726491796,Assam,Dibrugarh,491.6596991004031,5.771230394960856,201.1518783384765,3.366812252395398,1.0916239533593806,9.72883629717112,4371.297124665129,2844.88012020202,77.2639097370025,35.00061062629505,46.21063617359703,18.788753200107926,1.9580976133337225,1.2313715536223027,26.86134244466404,sparse_forest,0.7565231609585501,2.5163088464258667,0.3455767350517067,11.460182783467603,1.9536735193950854,IV,319.79406081948065,0,,,,0
27.441267015261893,91.95340608042706,Manipur,Imphal East,203.08662222683182,18.702401774521043,162.8247330859501,1.3446734052621034,-0.4723430492399542,79.04680850443931,4479.030985295207,3544.797541346348,47.15247852071526,17.19238928661975,39.63390752379761,43.173703189582646,2.682987237030319,1.5659151971904404,35.851115791643096,dense_forest,0.5975426272712412,0.5649393721385111,0.22908120675921798,6.965378463895768,0.8873215092949575,V,156.72231345535374,2,,,,0
22.091886207613793,91.9955120860756,Sikkim,South Sikkim,492.23034373808923,40.536497651003216,282.49902049429085,-0.6114055024005559,-2.525236087766431,115.92575349493849,4217.6508247073625,3409.9237788791543,63.005152649057145,37.691951788465026,23.933935795391864,38.374112416143106,3.8345731081490366,1.4439658859050968,51.507905571840816,built_up,0.43701266399033944,1.9882969931657926,0.5478419301029415,0.7271174038065932,4.185840191535058,IV,36.94789714343225,1,,,,0
26.132476128800565,90.63305973209978,Assam,Karbi Anglong,1125.662682790316,35.047730044316246,347.2612642450354,-0.566876789334341,2.4606394871683652,128.53380636182126,2403.075387687571,1725.2664871249704,54.54417611584947,32.839498978433205,50.88459503863133,16.27590598293547,4.63602183542648,1.29545849700989,30.977171555499357,dense_forest,0.4866751473526999,1.3388356860505275,1.528208704599665,1.904891622719303,2.363749307506059,V,215.95217181961314,0,,,,0
23.15786383783621,89.89830919530519,Assam,Dibrugarh,390.1371479718523,27.491787182756276,104.04865822057539,-1.4456303291716552,-0.038343709016678225,89.10706789349366,1927.0289829265039,1315.943552732367,71.71663340979396,23.21084518781681,39.137942925764655,37.651211886418544,4.756037696428409,1.1036286353860643,14.444742800919034,dense_forest,0.6425590959511639,8.038153855279912,1.3642087254153572,0.5108205735040152,21.16788432988262,V,215.18342521638948,1,,,,0
27.146998516050797,94.97988954810037,Nagaland,Dimapur,2091.3300063100883,13.299545880778778,139.68819914889454,-1.523164491741117,0.7401026508577797,45.47940267986348,4133.178910611537,2911.7065652985902,61.10607258601693,38.83474131354511,33.79606987711554,27.36918880933935,1.8268285247126073,1.6097946358089956,35.36786253390299,dense_forest,0.19310921123415936,2.105692425441316,1.1108913772479834,2.258138771912574,11.761295307083815,V,181.9393328189979,3,,,,0
25.300092181259835,92.82271501163441,Assam,Nagaon,1735.200234074984,55.843607205693054,71.79609310408293,1.4865123314617437,-1.3198007310855395,222.04953883339095,3447.4702541865954,2345.3999208499927,183.99917090418813,32.74551165660762,32.33085111104569,34.92363723234669,0.2,1.0399520298901956,46.3250191932172,sparse_forest,0.33490243693706234,4.861404584563055,0.6087511010103611,3.2568044436167884,3.0591408861345935,V,148.15881899012766,4,08/26/2007 12:00:00 AM,rain,medium,1
23.274474953553742,97.22774113099337,Manipur,Churachandpur,581.4211153767992,23.838349769180414,30.693456019752677,-1.5992334697402497,0.016083985883221484,88.84015466040415,4067.4138203215684,3364.748438508047,36.673915122855306,30.66362758862775,28.58903699192309,40.74733541944916,1.2310137881191912,1.2575193540194565,27.66913522364648,dense_forest,0.6016390529473526,0.5430632530720217,1.5298631596129706,0.05294996476504023,15.221458273900328,V,140.6197483111782,3,,,,0
21.981474328690997,94.09735566184038,Mizoram,Lunglei,1048.4862773261552,13.765614821581494,331.4906825253338,-2.983808626743918,1.6308179038312614,51.32535847632863,5008.5510947842295,4042.7353855311326,81.28786298173557,29.97819612170841,41.92683158029319,28.094972297998403,1.1256727322101914,1.1011521843836278,34.44133834761739,sparse_forest,0.2964278975979794,0.020975370829161694,0.1049991271867668,1.0349804135335647,19.460785512672135,V,128.40351626819654,1,,,,0
21.972791748024054,88.7682009959255,Sikkim,North Sikkim,449.2303835911658,33.30757276852854,188.2319082909599,-1.6345270690835636,0.4722242161804686,128.01716162201546,2581.4674867322547,1806.3948778356403,54.796456041420086,22.973267669304597,34.509216771301794,42.517515559393615,1.995387695321403,1.0325359810766837,33.88235395624935,sparse_forest,0.7875921009349859,0.7936462793975236,3.474978921908428,3.920262227708251,15.158929022912448,V,111.63519677721803,0,,,,0
25.49785854933532,90.23263535127471,Meghalaya,East Khasi Hills,1062.4379410305855,20.1058316276187,284.3511429489108,-3.1524505323781904,-2.2569288246522428,80.64070417800279,3853.2006457802668,2821.0247336211114,81.91149344267052,55.186830940442526,18.975835072177905,25.83733398737957,0.7108122744883076,1.3191053743323062,41.16908231140341,bare_grassland,0.6712729914938267,0.6632567981550855,1.5611733538557377,1.11302810533873,0.05,V,52.80779679662675,3,06/16/2015 12:00:00 AM,downpour,small,1
24.94317596997803,94.25580992737358,Manipur,Imphal West,1179.0751037409887,40.51084872133143,251.5704695323185,-0.15183127011588793,-2.4479710225331153,169.5767051584677,6045.614939842968,4675.2197648617175,110.54312821638844,22.802188788105447,37.53193397844806,39.6658772334465,0.700008086112729,0.9075189706780522,28.309968117248097,dense_forest,0.14225595133504565,0.572469020884383,0.7372641224487236,1.0115862060840897,0.7033805021952135,V,322.74486327117717,2,08/01/2015 12:00:00 AM,continuous_rain,small,1
22.988122947948842,95.95013543639766,Mizoram,Aizawl,866.0448044865768,16.009073834162958,132.21641435645097,-1.7723402209222687,-1.6191062792956878,55.5231388738061,4794.175559126657,4001.594109831128,49.70464283452488,26.757199603000092,32.8379880817053,40.40481231529461,1.2252739607867884,1.5383927130281643,43.83153209452186,dense_forest,0.5517560128477265,9.741159543444368,0.9600192509435594,0.6972227044749513,7.322511999088616,V,256.73517585119544,0,,,,0
28.232403099178942,92.64261001318452,Arunachal Pradesh,West Kameng,318.03103182437263,26.621175354704683,327.5574598968622,-1.2214139519251164,0.3635625157343724,79.75941923459351,3370.8146525777292,2253.729059955969,44.25289069769224,22.831581190999266,45.98219715630311,31.186221652697633,4.130019877483547,1.0657131320980904,34.445389993595725,cropland,0.9240303936034255,0.04018695487332784,0.33698035124104453,0.869818195322814,4.676626692349983,IV,85.07361543830612,2,,,,0
21.725725394016727,92.71046170250833,Mizoram,Lunglei,207.52001492079447,23.755179157706458,289.3217495941501,1.2961683679961908,-1.4854810090792674,85.6427953513322,4767.106493011679,3970.6672408443665,90.85707454906797,27.82432018988735,27.420604703514663,44.75507510659799,0.49813824729617734,1.2973804065724903,24.551433460242627,cropland,0.5054757691336897,1.1972527119828433,1.4937831054593453,5.092813411465977,7.7722387716681824,IV,85.35322250978682,6,,,,0
21.93704829120743,92.09603672023178,Assam,Dibrugarh,1204.0219984898333,14.50989987257762,326.40874097728744,-1.3950530585767458,-2.5463330783181957,71.28025731727844,3003.515140563077,2496.6221912505193,77.59205693038157,31.31248456298913,26.44043653916436,42.247078897846514,6.090785617901589,1.3862801596647922,32.79427575788644,dense_forest,0.48051141428137584,2.0833149686137253,3.3929328478454255,7.446531493463979,1.3960460354338826,IV,49.81537382375406,1,,,,0
26.57922378668812,92.35333155174858,Sikkim,North Sikkim,2474.970728620686,4.4507484731268345,133.93545949586235,-1.956559836830488,-0.6502671782762337,22.509135197786602,3296.9479932328886,2258.6968925666547,54.13924195029439,37.79640562581321,36.79422125041077,25.40937312377602,4.8423842548070075,1.5892709996732275,35.58945111647455,sparse_forest,0.6398383691002736,1.5833639088753944,1.0280284160213575,0.8836701856175548,9.094295903906426,V,115.33593980697512,0,,,,0
23.37811961408167,92.77922229452312,Mizoram,Kolasib,3164.33418293798,10.288603505917381,268.3056536395115,-3.8678461942783113,-1.559347315200216,24.251593141602864,2847.280655819396,2417.5914689691535,111.48754615564138,31.95757631755486,39.040230447184285,29.002193235260847,3.638150651369923,1.30435109135548,20.720947520685794,dense_forest,0.27463911326954005,0.7660138928691624,0.5512905361818367,0.7919488439171973,0.05,V,73.69956072310245,4,08/26/2015 12:00:00 AM,continuous_rain,medium,1
25.515298701378953,90.18009827945318,Meghalaya,East Khasi Hills,1590.0033207848712,38.267000323361955,225.99070844252554,-2.3595011767429397,-2.9148514616120966,148.62557185292872,4138.57816662994,3075.427415801132,106.2821706574994,46.78870317290426,22.269776266915663,30.941520560180074,4.86876205789575,0.9873520929173993,35.14925997765427,sparse_forest,0.4566000905417569,0.5678821500687768,1.0990099873737462,2.393160330157584,1.5190139783655476,IV,63.96590068432174,3,06/16/2015 06:15:00 AM,downpour,medium,1
28.259596825766184,90.92245990193919,Assam,Cachar,2437.4279167913774,22.13247395615471,296.4954684114798,3.002765404993507,1.936005540929341,46.16921183079109,3277.47503457113,2474.505288635251,39.16423463331948,37.42084424008021,35.07646083579337,27.502694924126423,4.898093708591834,1.4013425166506193,23.190238155354372,dense_forest,0.5874944943935272,5.56781564930761,0.3127405703061011,0.08639241574338785,1.5623047874137492,IV,37.133442888989066,0,,,,0
27.6847936277891,93.13960660353935,Mizoram,Kolasib,636.6869078439878,0.0,115.64911154622666,0.5499381052484892,-2.038858423708888,9.464117366865882,4509.303532799642,3362.7914043853175,87.89327943461024,29.156006588528875,39.48855493470327,31.355438476767866,2.772511504120519,1.3518490050327272,36.751689662567536,dense_forest,0.6996222523937599,13.868957432134703,0.7405435369168931,0.3810126988509719,3.9478949820610336,V,239.58181127405953,1,,,,0
26.179861214241566,96.4800337939167,Arunachal Pradesh,Papum Pare,2527.228803530689,29.048150774992227,272.88713162721797,-1.6657224422160075,0.44693989956422514,69.43110822555852,4108.245661319138,2678.755233083086,50.609592362587826,23.747993505955485,29.580119964874882,46.671886529169626,0.7211376644306015,1.1101561967049736,50.362024010872645,sparse_forest,0.4042916444395188,0.4464567991351587,0.520515299289819,6.231798229530321,1.1719916537024189,V,270.48813327208626,0,,,,0
29.354205171526107,88.40561513906269,Assam,Dibrugarh,631.8757129332904,24.004528759393658,97.9967239163035,4.160440021405449,-0.8424410032949545,70.92175144623954,2545.3536469249316,1855.219342980604,62.06329906447748,22.994531833471108,26.100216345226976,50.90525182130191,0.5464298123215395,1.3119996872410142,29.81039979278473,dense_forest,0.7484676245826403,0.32536081920659815,0.36758578764450944,2.2745936235291078,4.749261911660255,V,53.54624490880408,0,,,,0
26.83843656600911,92.82317534353375,Arunachal Pradesh,Lower Subansiri,233.70466542156493,21.663548080748,15.104549046521676,-0.01318129351434974,2.732787032205002,63.924675512404114,2754.8395689051895,1996.2073988989223,68.4393075759347,39.3922114679347,30.168045916442946,30.439742615622354,3.3503054520177016,1.1998756184901977,44.5449004304053,dense_forest,0.4839964527238988,2.3905593328833334,1.1434810151088834,0.6845224580548994,0.05641219086000962,V,219.0428238940444,4,,,,0
25.205310854090502,90.54181666140286,Meghalaya,Jaintia Hills,576.8511434948208,51.96831656795011,313.53765621875317,-1.2360847654704772,0.31975059130668276,172.81697321004037,3587.7814400276256,2451.9660218947456,85.09019410243798,31.201469087240625,36.115198734604235,32.68333217815514,3.2214395809223624,1.3310983055294836,42.50262312368181,sparse_forest,0.2345628528794978,2.668466725519077,0.08734960153132218,0.5484773800355732,2.417337751109085,IV,119.66196204583878,6,07/19/2016 12:00:00 AM,continuous_rain,large,1
25.622125321968284,88.03155051507808,Meghalaya,Jaintia Hills,1191.7638974437373,16.87729311653635,209.8511457789678,0.9020720642980334,1.0966576448946836,42.18839119178591,2461.2685568442334,1937.9267845159752,50.59460435624423,36.72106614964659,30.040868324445626,33.238065525907786,3.6486835409941087,1.4131323932279665,34.3399520468306,dense_forest,0.45120319521256824,3.386601752660604,0.37275711772014186,3.5752407813829077,44.203492240450096,V,164.22874894063412,0,,,,0
25.67572943746363,96.30933064283961,Mizoram,Kolasib,2615.9461880856484,13.432731571882007,194.84546828193945,0.27326327992943866,1.201525557006895,37.47308919740176,4310.856608453309,3042.685693669607,26.169933587677633,12.91186632901956,42.40742148537554,44.680712185604904,0.7897307992386473,1.1995951253083357,34.47381238950845,dense_forest,0.5149470061195857,10.350023235024928,1.3350908272992479,1.2931794421555665,9.805413097472925,V,188.19944838814774,0,,,,0
23.590758613121512,92.9489657666444,Mizoram,Aizawl,662.7728462336738,49.09993621251958,40.01964407027078,1.1352907532770478,-0.1260285925002786,156.752905075441,4002.2342637538814,2805.6721374460767,102.73519326554987,21.928117693091437,34.22113923009717,43.85074307681139,3.6697971651855834,1.3854211435937496,40.75566807015604,cropland,0.2741606451127594,0.09287818558497364,1.4438283719023337,3.676052420951667,2.9621504606627367,V,127.34163534413642,9,09/13/2010 12:00:00 AM,downpour,medium,1
22.032018100462583,94.44401672869978,Nagaland,Tuensang,377.0948950595746,21.545714216200953,299.10317667268095,2.0676905821149902,0.9145310105081209,57.37530672523347,3428.9321156511737,2279.971445091054,47.43894058287903,43.97005803380134,51.36979231768933,5.0,4.655011161577785,1.5724810736586428,36.773424649630655,sparse_forest,0.8198534623858574,4.168734461101028,1.2010085530105234,9.367851819829047,10.071955008391289,IV,110.2814332149843,0,,,,0
22.959175266321296,95.49753766420784,Mizoram,Aizawl,1483.4784942011051,0.0,197.32725295923612,2.274045391742536,2.4163423216316784,0.0,2293.0337575911353,1743.8916841594862,83.63667161861467,28.213204239197225,38.458279565983666,33.32851619481911,1.1292774947710162,1.2957635806248995,27.010377107040107,dense_forest,0.3953632428551597,9.457536016684074,0.6710487457746652,4.463112488885793,6.819985104150709,V,120.396627819451,2,,,,0
26.650549011964756,89.55319610738685,Meghalaya,West Garo Hills,1722.9430637899366,31.863019597852745,136.91026470070207,0.5455387461762071,-0.24316461995316074,79.75540442155649,2284.1378873523636,1530.7324627587798,61.554350035036215,23.61378771925822,35.467439358304375,40.9187729224374,3.0083057111135294,1.3594148266209387,35.511141158616134,dense_forest,0.36832491377112364,3.6367730412135812,0.414129528849469,2.390384925726133,2.976519930897413,V,145.42595177751747,0,,,,0
24.636810581312783,95.56160018189297,Manipur,Imphal East,972.1753997081178,30.216977914809014,76.7134030618196,2.0466415700495153,2.000298056277998,148.27824513312748,4163.967615344563,2943.305329763106,99.41718856366718,29.03584722070571,34.64678987761823,36.31736290167606,1.0473461254877825,1.2200021049954337,47.258732479037064,dense_forest,0.5329690280861812,5.855229049790411,0.752119223364083,0.12306539073803377,10.486915169798749,IV,45.05691696968152,4,,,,0
22.70022798664399,92.87724617798996,Mizoram,Champhai,148.51385872606141,31.615635486193106,221.36688906277928,1.953282793947524,-0.4916421612975006,101.9096585721793,3941.528875226856,3012.134725095968,76.16577716408094,26.232279985632083,40.851368679918394,32.916351334449516,1.319590762581213,1.305585832713729,51.14467043593972,sparse_forest,0.6239391307144049,0.2435300584442661,0.8617674148951938,1.2197586679932653,15.211794839515848,IV,160.3923937093858,3,09/13/2010 12:00:00 AM,downpour,medium,1
26.0543838463557,91.93840206068857,Meghalaya,Ri Bhoi,969.6686470717552,19.84413300844756,67.68447014814106,-1.2335215401617117,0.36823274736090794,83.58259338342064,4384.400311825505,3076.381766086786,83.00157765187575,39.19165451746884,50.01410615738979,10.794239325141369,2.940192888047659,1.1737587633935076,32.45850035465237,dense_forest,0.4935217504976229,0.046345118559606845,1.1335670721133713,10.207112478428764,1.8390251859755904,IV,229.96752522707533,3,,,,0
26.896738222158255,95.44597974621351,Assam,Sonitpur,1016.4289498911884,19.39146886275118,200.5887325050471,-1.4884492291521367,-1.4950045278989132,73.00937938655103,3479.986667719275,2304.980358883903,70.55087333829007,28.064148375536224,38.83004309716831,33.10580852729547,0.2565573708717108,1.1816891629029758,36.45316707744316,dense_forest,0.6078237847183685,2.769527525486616,0.608632623222807,1.151346812999038,4.691076606098539,V,16.62386331550123,1,,,,0
23.69186543042269,91.37054346482068,Assam,Cachar,1583.835884199705,14.01375670205788,166.16547566677062,-0.5612326710311996,-0.30266975513541894,33.916757020314144,3177.5005946367273,2466.6324958542195,65.84379245382513,29.32592063394838,46.115254916950896,24.55882444910072,0.3976231238167472,1.5420037940860856,44.02652101572323,dense_forest,0.524693895070688,1.3807659650143143,2.2930096135190516,0.6037302849239021,2.3314915586689664,V,103.97545430188664,0,,,,0
22.955060787517244,96.43663382523025,Sikkim,East Sikkim,1134.5730266179455,27.38433263423839,274.86539411892574,-0.4581579141085796,0.12340415252148526,82.70202341825821,3697.7053802145283,2770.3315364355303,89.96715684373356,26.646695010792083,53.68006477973053,19.673240209477385,2.059990184204509,1.2597001961812264,43.33691335936918,dense_forest,0.5327951333126146,1.355166025652415,0.8140343078403531,1.1383398162023715,2.2991757508990904,IV,158.8087103733535,1,,,,0
25.8613664728137,89.23040253757931,Manipur,Churachandpur,1372.3945330920956,18.27260891946402,296.60590153361215,1.8914658673842846,0.9920404477265288,81.47955977415921,4563.65346393084,3483.6904563056396,51.093914335518775,30.114171423878776,35.78715771502972,34.098670861091506,2.759860510561873,1.5524486800266553,42.58892226378752,dense_forest,0.5019652808865085,7.439395115985153,0.6087731251746815,6.828287051732067,4.036756521513037,V,185.84680464193815,0,,,,0
25.7611875242195,94.59839085047442,Nagaland,Dimapur,1257.4032031886943,16.66767246131742,26.301828340271815,3.075377603585725,0.6691937257237641,55.79091926912751,1767.863259395272,1274.2478853084929,30.91368289107332,35.01537849146392,37.65839651287231,27.32622499566377,5.030305908950033,1.5473447438226093,37.81752110640851,sparse_forest,0.5512953120091338,0.27786392530617066,1.041076202772107,0.647084234026652,6.1103563361727735,V,73.14176655073037,2,,,,0
26.70973041631632,90.97106021136425,Sikkim,East Sikkim,1545.5886726346523,11.874247348828586,296.67355392016475,0.5044169678935846,0.6871752469440403,41.106864787787515,4759.901107324817,3592.983242778727,73.30109626239256,35.900257359478466,27.43509243271506,36.66465020780647,0.47994244947225295,1.2992653883839425,30.940383130033297,dense_forest,0.6787734814521937,0.7102747155637508,1.1200782850937923,2.1084665741126223,17.552757735509616,V,132.24962771811522,1,,,,0
22.816813186012297,96.98361059433988,Arunachal Pradesh,Papum Pare,1164.3022742787305,8.090465112728667,249.60752401666176,1.4407925629810654,-0.5658835472532788,11.874174859375588,2559.3393453287526,1989.8658590025261,63.7792573710729,21.23931084995021,27.873686641497,50.88700250855278,0.48627765992067784,1.4378190114455673,18.315609204721937,dense_forest,0.3965620471874154,1.142051251718799,0.7191949719304114,3.7963382703409887,0.5841960729639902,V,196.9592928931702,1,,,,0
24.444252917910358,93.95530678327874,Manipur,Imphal West,1127.1480786105499,31.608397973616064,359.64958314933295,-1.2408523223955885,-1.2549074274318728,98.7266915808427,2188.562971778882,1647.9208846494412,85.64686860165133,19.193376886698445,37.455317724354785,43.35130538894677,7.321161272060023,1.2746381507634672,7.651890430795799,sparse_forest,0.43222434743863414,10.694201501379805,0.8431063434997008,0.2649216568644335,5.6622974220619,IV,126.64540975847756,0,,,,0
25.038932896820416,97.3271973642665,Mizoram,Champhai,1498.2554555861418,18.598022586456096,175.67020854764468,0.7661858981116437,2.5676764682276643,43.75291103568664,2534.5633870626298,1909.094714555128,71.94496231773373,33.55504192408613,34.94410168375888,31.50085639215498,1.2552841599213018,1.2207049980210098,32.810894400268644,dense_forest,0.49326001765356037,6.676415838815698,1.3281147803042852,0.25144169778676567,8.911858742205045,V,274.7141002656509,1,,,,0
24.545089435467922,90.82888273989927,Manipur,Ukhrul,1355.0695790820137,21.461878059287177,298.33777638695966,1.6040295437048475,2.4918631945736776,66.74352929419602,3520.3965547547805,2498.2451389462976,67.06201799124332,22.583740019268607,26.284199625890153,51.132060354841244,6.283636763417218,1.5581607297832722,42.082475937795465,dense_forest,0.4153127964818484,0.1385206311649783,0.3188966965161069,7.947548699713476,0.8472706509140583,IV,237.17181314783926,1,,,,0
25.51496632763139,91.27858592972743,Meghalaya,West Garo Hills,640.8999687649234,39.6104262993544,289.467044460985,-2.6143450672954476,-0.1038162771610123,160.50985536324944,4410.954617056229,3201.8976200465904,97.095477668055,36.619636997674085,29.81301776623641,33.56734523608951,0.7096888562497873,1.3102404943527226,40.96011356673008,cropland,0.8414409610273567,0.3286577846289128,2.3882600852415465,7.7397254099436665,0.4438575672823508,V,227.725586049845,4,09/11/2007 12:00:00 AM,rain,medium,1
25.63912985633089,94.08574634110849,Nagaland,Dimapur,1267.1356587827838,17.875658641741854,158.74393405912983,0.5539835498447774,-1.57620864708196,78.84302808222417,4430.003313887599,3024.9905376037186,115.38227544099135,31.077881421605344,29.754228130113976,39.16789044828069,1.4464733726193253,1.1843457929827044,30.60196087252275,built_up,0.2902273810436363,0.016041602534184983,0.8801198159117115,3.41813702383471,4.0431185480695415,IV,135.57452053376218,8,09/12/2010 12:00:00 AM,downpour,medium,1
24.60602582087252,93.9657732763364,Meghalaya,Ri Bhoi,266.0827987628263,17.949860010792513,121.48958009955078,1.2928299493989954,0.7411061774936706,77.99706112118186,4248.351446220887,3119.4544253761755,67.22339367879795,40.211122758233216,39.361306092322906,20.427571149443878,0.7733383346303111,1.1357423207661665,40.880634765884324,dense_forest,0.5854335689356202,3.934454715260306,0.7600374890888575,1.3118550441327756,3.6049478190330277,IV,103.0023338501741,0,,,,0
24.98668856451321,96.09914822811344,Assam,Kamrup,1340.3551779513105,15.525911047987721,305.8945029746762,0.06658680298846617,1.0179184574942757,29.694604874783238,3409.1298169376405,2506.672930971824,26.326690390685506,23.305283252762493,29.322309975881645,47.37240677135586,4.028510864156929,1.2179301253700163,32.82631441204123,sparse_forest,0.3795537906347374,2.6965445658994924,0.23783720148963214,8.243453977272745,35.77473590620563,IV,73.54834087589822,1,,,,0
27.587341279317496,91.9881493279108,Arunachal Pradesh,Lower Subansiri,2058.8208095806813,11.52053380891627,4.759857557087583,-1.0523579125377385,-2.402137833000403,29.086587183302655,5185.342600184524,4240.4168949254345,83.711819201579,24.472598859977033,30.63771459128718,44.88968654873578,1.8192604689929919,1.198819273029606,28.406862300458727,dense_forest,0.38505977977885,1.2526713065774686,0.603928065536911,2.9797478214897226,0.11064590422247544,IV,34.48858769771757,1,08/05/2016 12:00:00 AM,downpour,medium,1
22.265086140884616,90.05164073764844,Arunachal Pradesh,Changlang,176.29304719801797,26.193920346466392,116.54765361271397,-2.9292213690186775,-0.6379988441519008,91.0789097127492,2928.8980927357743,2180.113473674856,107.87021231285446,24.041769695222783,51.172428001659185,24.785802303118032,2.088562918104102,1.2594713429193467,17.54023385781855,dense_forest,0.5142464142710363,1.6416401640958342,0.379736540793143,0.47500230120855974,11.923573264825064,V,77.84199319226944,1,,,,0
23.30831760292403,95.31456110402979,Tripura,South Tripura,391.3031130865721,31.13853121552182,212.882022668321,-2.4505140814380892,-0.513926981741811,133.69835295566074,3983.781739218567,2851.6755401963237,81.50438442256095,34.3330089234841,31.476774322185882,34.19021675433002,2.3988826246737136,1.2441183933265274,29.744241267304993,dense_forest,0.7987836600025897,3.2457813656811974,1.0068914669194589,1.115472055592404,9.007151470416803,IV,109.71251947281131,1,,,,0
26.17137603123669,94.5091116753615,Nagaland,Tuensang,704.3927355123932,25.149119067450417,229.35756126433898,-1.0118388333053396,-1.1417739190596887,76.38125358443371,3880.5513732916597,2856.457556003703,140.39551115719053,24.208153289259783,48.84004995048582,26.951796760254396,0.5977353978610822,1.1706157232991454,50.220330817065395,cropland,0.43610357422902624,0.3533977102865853,0.9681024232231807,2.022115163136933,0.05,IV,63.63945679119729,6,08/04/2013 12:00:00 AM,monsoon,medium,1
23.600090088945716,91.53245560175966,Sikkim,East Sikkim,1750.8939688726778,0.0,268.373843444481,-3.970579282096908,-0.728143556763134,0.0,3588.102149518732,2454.225028446249,77.08884298725692,28.643289393493784,42.166778395715326,29.189932210790886,8.552076664796793,1.2704965885777986,29.838762806922592,sparse_forest,0.8641221724453563,0.3782426598381102,0.6930017642898108,1.2136881565810462,2.4074063047856327,V,222.72168954595284,4,,,,0
27.72644386752549,91.58905006817588,Tripura,Gomati,2743.202559630448,11.4578183528082,107.36765794387868,-1.1485694454984947,-2.3656192631229307,38.81590092276746,2773.991001319624,2257.169299101163,92.30050227177779,20.861263600681312,26.640734529716447,52.49800186960224,5.465701319018865,1.279015046974585,28.692805302566327,cropland,0.33321328586434185,0.6622666695340224,0.7781137277076036,1.5452233021652924,0.7604511686877813,V,85.24641469262843,1,,,,0
24.171670528879975,90.17253118354841,Meghalaya,West Garo Hills,600.895567997831,19.070282743916717,236.98792549569083,0.4267610259496806,-1.8642063731884444,53.99437077081454,4080.193187791678,3443.848465696263,45.97508365612352,35.71885792115007,16.286301766599784,47.994840312250155,1.599720198111203,1.3868632901442954,35.91352791984987,bare_grassland,0.34369521968178884,0.5030540588173886,0.7440969009002321,0.37158019347203036,20.41127329312077,V,547.5830857944737,0,,,,0
22.797712836068953,90.0015227499586,Arunachal Pradesh,Tawang,690.4105975657213,22.767085534869736,281.09080225047995,-1.606597678149901,-0.5406296650646549,60.33917352282013,3499.4413494704927,2843.7681305253805,65.71590076031987,28.286138622541166,34.740221140219965,36.973640237238875,1.1966314306314858,1.4117842299713041,38.85649358960764,sparse_forest,0.5943812302079472,8.1026986666706,0.8042896972317726,0.5823759779186098,10.00347715939981,V,183.42267361904015,4,,,,0
24.14028475349408,90.78503277660334,Assam,Kamrup,2237.000888059946,17.08560358174388,332.50639461647864,2.557714415521401,-1.8142970617326912,65.31991105979039,3714.827694950371,2520.622555927999,85.31072038755163,10.818637619958157,26.20547285291468,62.975889527127165,1.187349594958086,1.2948413962315377,33.5591271499351,dense_forest,0.4594314694528707,0.41409382753112833,0.7671170033305539,2.9188447751362356,1.91106433901232,V,56.580882167029614,0,,,,0
26.50632082027004,95.210028494384,Manipur,Tamenglong,2696.488907055315,32.059905437134496,52.071972224983924,0.0642777582901678,-1.9570553961877253,125.57571471515973,3268.3145210656035,2559.775966146969,23.74849918222723,21.870201261323547,38.91453406067543,39.21526467800103,0.2205569920290605,1.0349853536534783,29.055695152494316,dense_forest,0.5748245631678517,3.2350473177105883,0.6762621550305936,1.5902230250965315,21.324973044206214,V,48.19653337149897,1,,,,0
26.51866574199471,92.60461205789053,Mizoram,Lunglei,771.6036053681593,21.329260815392118,18.308965584648114,0.7071322350760654,1.5640681851921783,69.55594158875937,3890.352855517741,2939.237799973362,116.5238497998688,21.67824501933871,21.06445910991957,57.25729587074173,0.9685896762879522,1.444859248553715,45.87349122101479,cropland,0.9112382425166501,5.550346765006038,0.8885429870390755,2.0417824394987143,0.3020404929705843,V,468.4461418018984,3,,,,0
27.850844591157966,91.33654792232632,Mizoram,Aizawl,3624.423797896129,20.127740383086625,114.48964895226817,-0.10757653433900813,0.3271883569831351,91.67711276449955,4369.762487624426,3685.3120060893502,34.384235140776575,32.34194710522117,47.90555331391806,19.752499580860757,2.0727747685164424,1.2162171809823645,28.42072573988552,cropland,0.40400228960720774,4.529665029676842,0.14847498840809614,1.6241586177653955,6.973440890105086,V,144.0672668319519,0,,,,0
21.881314765890618,96.96366699618068,Meghalaya,West Garo Hills,2450.3392922265944,37.6389308367783,114.11317057427756,0.3593293185551255,2.2747818420069827,83.60803118355308,1865.3664046034185,1479.8259577470012,129.23772235882,32.328206810166684,32.04294400193054,35.62884918790278,1.3884420313754309,1.311993629389232,54.045408637834136,sparse_forest,0.7443098794079057,0.2536361844378795,0.6346869775049333,0.3268392539709699,0.1061568165043558,IV,74.55981563449187,2,,,,0
29.494635560560695,90.53160447420308,Assam,Dibrugarh,408.6994003686341,16.28598284642554,3.9664124102484744,-0.34866053661272106,-1.4783291600748765,57.76907277345783,2814.096064262301,2357.277731911665,91.36548233881354,22.897767645560833,26.893481502535685,50.20875085190348,4.196957873483446,1.287571109773592,44.52695632261552,dense_forest,0.5965664953880995,0.25673905632938815,0.36585455194565764,0.24054091709997283,20.36827263824704,IV,41.80283853587497,2,,,,0
25.637898932194553,94.092457132217,Nagaland,Wokha,1221.1287889119644,15.75085674088788,309.95469284865356,0.10469340426154039,-0.45990550293084964,59.66374303241052,4836.68483279448,3471.815512126732,98.99418450390502,48.94441584886429,17.71399019820315,33.34159395293256,0.9739614450590046,1.0238746030400723,43.77529631169842,sparse_forest,0.30269253451305045,1.0191809415540436,1.2025746695976913,1.5803104861654966,13.39940592788382,IV,221.57191214330183,5,06/28/2011 12:00:00 AM,downpour,medium,1
21.897540973455165,94.03506141230758,Assam,Karbi Anglong,332.4714851021926,19.682700481060042,119.24135893132866,-0.7041564044505894,0.3592250416790064,93.10425534937022,3314.636669070517,2347.4156583005797,67.62255454561586,22.002374744714103,30.26223810104075,47.735387154245146,0.9262311334400677,1.3710818700864484,40.84472472231656,cropland,0.5978454362900186,7.183843464145636,0.25587958396106564,8.208131366828775,0.12893235075784884,V,371.183079728631,2,,,,0
24.61540218719011,93.9072385957461,Manipur,Imphal West,510.7961938628667,17.31785051198904,176.65603059874968,2.1507725870400933,-0.2767491681509759,68.20719994358505,3804.88640009741,2584.0209182116478,90.60132773238962,16.998565866970917,30.59440487660402,52.40702925642506,2.2764165211954315,1.1603311830864298,51.58440585868446,dense_forest,0.18247255892654574,1.7776584386719887,0.8171996204796648,3.25849600964661,12.204221118023602,V,89.34549414643152,4,07/25/2011 12:00:00 AM,downpour,medium,1
26.432329597697148,95.33457304274523,Tripura,West Tripura,1409.3101052453812,10.664888556997957,249.21579987983577,1.3503908451094224,-1.2990690066523154,29.981368491035646,3381.9012476516996,2239.797399799494,55.62883100429205,34.072046817165806,28.515871158049535,37.41208202478465,0.5253581752540292,1.2062571712573416,34.84211232048989,sparse_forest,0.48922138686083144,1.9830906831088975,0.6967072306801119,7.56802315038191,14.508033492946465,V,219.48188702577858,2,,,,0
25.791873443579135,93.98647825914512,Nagaland,Mokokchung,1554.0301724193725,22.586828586863366,80.93542410893346,-0.6780330081106595,3.250865688752782,46.31596783748362,2731.493206228618,1789.9685583575417,140.18426830702043,42.43001558235139,41.222349421995155,16.347634995653458,1.034262246581469,1.390486425686655,37.598058735407086,cropland,0.22002427141387781,2.142516175806264,1.0116620459572645,1.0044260148591386,8.675545449305474,V,208.2140576027627,4,07/17/2013 12:00:00 AM,rain,medium,1
28.16385183974093,94.28187392492914,Assam,Karbi Anglong,683.7571049121728,25.845014100971408,341.75092288505203,4.751249049605812,1.331015606892247,116.10660160641685,2529.3744987153377,1806.8008134800405,83.25664213207696,12.387608859909237,28.483550206483926,59.12884093360684,8.07818470935545,1.1349304468834738,33.28603700516187,dense_forest,0.5662760490118708,7.584639804695889,0.1037516889717427,0.2514103109581683,0.596973724646656,V,72.82916180002913,1,,,,0
27.528876550884775,91.86113721534385,Arunachal Pradesh,Tawang,876.2211082946407,13.077048944143646,302.01535136907864,1.0495456757478743,-2.088046516271486,43.71081823851224,3862.5487721831237,2742.858167590406,115.23634726851833,18.691368214473016,37.494874208014735,43.81375757751225,1.1554725450573042,1.380883654351042,30.190269471331092,sparse_forest,0.32404319629051725,0.014712826407381273,0.6036170447285885,0.41556309075518133,1.3125563655732444,V,129.7484477440876,8,04/22/2016 02:30:00 AM,continuous_rain,medium,1
25.973428776644106,92.7390486104563,Manipur,Imphal West,1364.9387202248633,14.154809400176122,63.72078510918692,-1.6893989575287551,0.21296354408441082,67.9688161133327,3868.260596583192,2839.0379235728046,40.04291671287805,27.605292955373077,35.897345376211234,36.49736166841569,2.097570998962994,1.3343146750914128,40.439195536534896,dense_forest,0.6426562465791006,0.8736807935862512,0.2462349082727156,3.0910077865601924,12.643315720931314,V,218.7017831623244,0,,,,0
23.915681050689546,91.77789301481216,Tripura,Dhalai,3963.836975593062,19.50132021342361,97.0456970416785,-1.2636242619665894,-2.0611786331152726,66.96704669409404,5603.973596545785,4067.483771726448,89.20842413152639,37.16316689915224,32.969792191543,29.867040909304762,4.953524711709694,1.3713097270156118,56.34599970683153,sparse_forest,0.6944513421553529,0.37662764537242177,1.0805306576856835,5.570355334416036,0.05,IV,183.40731646892,7,06/03/2010 12:00:00 AM,downpour,medium,1
28.455061182196083,95.84779650742533,Arunachal Pradesh,Lower Subansiri,2206.1951537801074,42.58968219097437,114.85439994285187,1.8853924289080743,-0.7163879941832768,144.335916296959,2028.2786177148153,1362.8496705878918,68.63872322684576,33.79878527430044,47.39347910404074,18.807735621658814,1.3539631883446,1.1130440965205242,27.960360481473376,cropland,0.3273263509050953,0.32812351704976034,3.0149673538524158,5.614459923345016,0.4996900988925783,V,55.525551426541895,3,05/31/2010 12:00:00 AM,downpour,medium,1
26.81171031985489,93.24683737290789,Assam,Nagaon,1314.4059171192782,25.13083017483839,83.60651753726088,1.4363781358133543,0.9304046448719931,70.8322182228063,2832.6268709578744,2238.196403139189,37.12756612221679,25.48390202184147,44.343391415469505,30.172706562689022,1.6618637222926653,1.357478562924714,40.948270625483,dense_forest,0.7866789485330021,1.3600349441176756,1.070134118198055,8.64496216352266,5.015028758046872,V,206.1359512767428,0,,,,0
26.879222375691498,90.25494118506167,Tripura,West Tripura,1140.85858287423,26.022806172899323,188.53668576508613,-1.4985527215538927,-0.3445963820648537,98.71126260533407,3691.618683850505,2482.28115826466,58.767869934947534,16.474041148855882,30.48954175264747,53.03641709849664,7.010345272569215,1.3472531978996278,32.98279739573452,dense_forest,0.41598497576540583,0.18327352250913267,0.3993730785744187,0.4148035916407129,2.639383817017404,V,72.89778593636183,3,,,,0
23.846785340385594,96.36805553025057,Nagaland,Mokokchung,1697.9115100731135,16.114078318877,165.21911650321425,0.6837803319780319,2.846722090983027,52.05011694340575,2606.9127265376037,1915.4017254693817,32.769575915966314,35.73074333155432,40.40530074045395,23.863955927991725,3.09078535780421,1.336554035489711,29.841360752363162,dense_forest,0.5649600795285086,2.2568815805333324,0.2032387701678535,0.2579123558892168,3.0475469720784134,IV,265.6414054165193,3,,,,0
27.94389996348606,91.59828726273392,Arunachal Pradesh,Papum Pare,681.9912426168136,26.336641760582804,351.8868773282717,0.22387847375052236,0.09507211417349905,87.6824048455756,2891.5933348827793,2141.555359133688,80.3407320608934,47.409667326546185,26.549110528957343,26.041222144496473,3.487991183705526,1.3612551713768672,32.907781307532595,cropland,0.2867051505948109,2.212986102796342,0.606416941135941,2.7064885795559315,9.871162504168852,V,131.3288190918387,1,,,,0
25.920705052089158,94.77577180428925,Nagaland,Dimapur,1558.8770821933379,41.483851677932996,74.50437745274427,-0.7171438415796574,-1.8339390611448807,183.91393585673427,4329.525882057433,3448.1220531973477,155.61931866648274,31.7679204570842,38.20637814104922,30.025701401866577,3.773287906300414,1.6042136263317892,40.82358922798832,sparse_forest,0.28555484283336485,0.7117018374203298,1.8396303614585792,0.7999660637786752,7.972058353832908,V,114.82995872758625,3,07/06/2010 12:00:00 AM,monsoon,medium,1
29.311192601616504,93.00703082893861,Tripura,West Tripura,2808.485231556323,15.923502686824662,119.48298259078176,-1.6730058288792562,-0.3335831949642232,66.85561476578705,2823.4251210989823,2132.24673267888,78.1036677121086,21.740947991833686,14.694322543948594,63.56472946421773,1.542963771481879,1.38839404271165,42.04201113562576,dense_forest,0.5591467453816487,0.08819177466118118,0.49167090027603416,0.2502395837053144,5.693626296506474,IV,22.130368956832186,2,,,,0
22.660640168781566,95.48711605482144,Meghalaya,West Garo Hills,1169.470671782422,13.731279058382334,305.0451840330553,-0.905381095950769,-0.38693764701905176,48.42015043731761,2038.1693038082258,1382.1421068404577,37.91381696284104,29.9533768516453,29.617816941202065,40.42880620715263,6.005345515737671,1.0857044239605929,29.40103130505747,dense_forest,0.4767181833044794,0.5739606931791463,0.7918436202123509,3.0303387884747126,11.999192476321602,V,87.37479719500472,2,,,,0
26.904075695700698,93.22046227674352,Nagaland,Mokokchung,1349.634145911189,16.974155508664236,239.36245219773227,-4.155731483534521,-0.20221164663978308,50.681238785185364,2312.3532637538983,1757.2210017872185,83.65245675082012,25.5244164151562,38.396220638763765,36.07936294608004,3.966314325291985,1.2141963647065515,28.31289803178088,cropland,0.5232515336889159,2.3686283759012814,0.4320918162186204,3.1922362947411638,5.48721855572972,IV,104.62738825909655,2,,,,0
28.85638286284506,89.12137065139693,Manipur,Ukhrul,397.54146255828005,32.1170761649496,326.5033539005615,0.5104039865907001,0.25197867888863734,79.71918529998474,3930.838995060737,3105.052577224797,64.29492362857565,25.937883255796525,51.27174050559469,22.790376238608786,3.4862506468368903,1.143123894667855,42.49914749034987,sparse_forest,0.7196644502185421,2.233298075046789,0.7480871851431017,4.848703867521491,7.3428260089207775,V,75.8330664854174,1,,,,0
25.906538257395937,91.29050198445306,Assam,Nagaon,613.5683185096241,22.15272024727335,209.60597841577496,3.0736140261494933,-1.5495173588136764,72.07819516434428,4533.539270666515,3780.2592623632036,39.423739552722594,43.50465735445609,14.361618419081719,42.13372422646219,2.1666114735290933,1.2895641290743551,31.69556562662803,dense_forest,0.6160535761594464,0.9869405713331878,0.13997714935123007,0.04337392102413982,0.6273027500950018,IV,299.4790765460437,1,,,,0
26.60140894416108,93.01032771533269,Assam,Karbi Anglong,235.28518577714922,31.898088793826645,177.04523022279565,-5.196256414197381,-2.4318206488971668,75.56084235180646,2513.2286143994006,1755.0432843880994,133.2884148964242,35.199587801675435,33.40817856547716,31.392233632847407,2.681897038139798,1.35182046752944,43.15552856261857,bare_grassland,0.14457782791349671,0.2867558187498489,0.7259436380724731,0.02890106086675423,0.05,V,190.54567134144608,4,07/24/2011 12:30:00 PM,downpour,medium,1
27.89589229750068,93.02037869457659,Arunachal Pradesh,West Kameng,718.7762190322018,33.80308713956238,356.42306424276165,2.0852230005699015,-1.6575200047895704,148.59830134868264,3921.938920357004,2703.3900249752387,138.08165350914317,37.354736268910415,39.22767618322925,23.417587547860336,1.6623223819502617,1.518893242590575,23.200450579738565,cropland,0.6631934066277503,1.5730572214639573,2.03368316999224,3.9637697969542374,19.30535086948024,V,167.49544903911473,2,08/01/2013 12:00:00 AM,rain,medium,1
22.189770978478307,92.8363634164465,Sikkim,East Sikkim,480.06972098005565,7.2922626465251295,83.15246965027146,0.5825235193693018,-0.6671237080080041,37.01772739945981,2988.097902569392,2525.9375605004275,59.89286252428016,24.04614140788754,46.655271863073615,29.29858672903884,0.9003483504212532,1.5310150273541157,34.240774189577735,dense_forest,0.7059681600806085,0.2421306717859032,0.35727518241765455,2.4658623567057583,0.895709832403147,IV,88.9111312371878,0,,,,0
28.566416296910514,94.94615829429151,Arunachal Pradesh,West Kameng,844.8137426273188,32.132861317665096,181.75359136039734,-5.046993148423076,-1.0464679326361348,110.01991601920041,4802.807082637844,3787.7324954422006,109.48494892921497,22.058213736234848,5.0,70.0,0.7774084142853906,1.3310617515987897,32.64920045106846,cropland,0.6044127489281969,2.2485877537469636,0.9420119326779669,1.1005521666246583,0.2720486385179193,V,368.6403290288535,3,09/02/2013 12:00:00 AM,downpour,large,1
28.954110186355685,91.75679951750175,Mizoram,Champhai,1582.2971599094824,22.41918414648574,162.71686160087648,0.4309378894072945,0.20872658589209175,82.77267889905562,3120.3981129764306,2513.2891551929943,112.70015934927358,30.252572639065058,31.966764575720973,37.78066278521398,2.2492669464151662,1.2849505723168062,37.47337345447654,dense_forest,0.8051648941147773,2.785068270259642,0.2711760734369849,0.876058607776806,17.26929960543403,IV,36.40010544425054,1,,,,0
27.157461598063225,97.10753036957867,Nagaland,Dimapur,707.0157679456439,23.582221505547103,35.65494301945213,-2.350484232468157,-1.7566067472798412,108.18611932229408,1970.3468170648905,1558.622708048299,61.58185541372829,23.832487676656427,54.060815217500846,22.106697105842727,2.415494315543563,1.597200776786065,39.05780052723482,dense_forest,0.6288395221695069,2.332015416165609,0.060328132924103245,0.5576332714951833,9.55345309696481,V,29.572528757424625,2,,,,0
26.13161777796016,94.22175440594724,Nagaland,Kohima,721.6151300270632,14.876999701622914,28.735201041102805,-0.003445365397069411,0.3020427352867115,60.62068303968849,4868.971055044026,3884.5821938876684,90.65285861534397,22.73990406535041,43.6970335168647,33.5630624177849,1.2121936051766955,1.3332669187816821,51.409517571675636,dense_forest,0.4610182414746644,0.25444484878257684,0.542154934659776,1.9864699399229413,13.444487949952881,V,133.92085540470615,4,06/12/2016 12:00:00 AM,continuous_rain,unknown,1
23.514542923694798,95.22258315878899,Mizoram,Kolasib,636.6462053972102,4.111309972547836,314.69513429782927,-1.0043462344984464,-2.2832088438754665,9.994610202786362,3808.8970414555174,3097.4002072299018,33.17597719867961,35.18061374212186,39.20314400942541,25.61624224845273,1.4229500264245278,1.1696025350199375,28.25838930722876,dense_forest,0.6893835355254335,21.2373627607705,1.2219142027798096,6.131778265649678,7.176500718721216,V,90.37926941384227,0,,,,0
26.17315330082909,91.66528932211808,Assam,Sonitpur,739.4503469712721,19.441467806046244,345.84032159118306,-3.398019553433559,0.6255147803223243,74.61141881007696,4535.706076491804,3330.2671716781297,124.95118328453933,37.40840390717846,13.335442243948698,49.25615384887284,0.8679876847046474,1.2911932949918696,33.12765258117848,bare_grassland,0.44816773797787957,0.4939357702026428,1.0946756706259781,3.2674743333732,7.81499960443413,V,130.11449874411932,6,05/11/2013 09:00:00 AM,rain,medium,1
23.817159852823,89.21145409668739,Mizoram,Lunglei,1768.2889260041356,29.946853182392196,298.0199805109733,1.7751707146216937,1.5359399760813999,107.149970958017,2776.399791761382,2110.385797363138,38.64610449960653,16.930339992757588,30.424837510039367,52.64482249720305,1.3352244884644462,1.4348736696677653,19.738486039124364,sparse_forest,0.6375737924201639,0.4756210451436715,1.7616614813510907,9.891330005100547,1.8260577139337697,V,163.8991162569613,2,,,,0
25.66306032433648,90.3217010320215,Arunachal Pradesh,Lower Subansiri,1655.3490893116968,17.586089540780264,80.52253241587212,0.3234531055323153,0.3732309126757718,65.31271813851592,2744.034897106245,2011.2373500270762,127.9377658436512,19.708103842915257,35.84335814909754,44.44853800798721,3.081390131168649,1.5361766638006642,34.90768173274357,dense_forest,0.4592608834484917,0.6419861970241999,0.779094844025348,4.215234468518612,10.444654416782024,IV,335.6953763437653,2,,,,0
26.74267010311835,95.0228495302878,Nagaland,Mokokchung,970.5738763540759,28.49679329741422,207.34949147965915,-3.172996526618802,0.242588302657193,106.02801628836353,3522.341671968551,2383.562874846281,135.92873824901662,40.58386842826654,30.77208927421939,28.64404229751407,1.3400176261507224,1.1852950404617186,51.74913270192969,dense_forest,0.49219308760937486,0.6775334086559278,1.8424331519614212,0.3206546738376457,10.850415455111069,V,146.1298642643302,3,07/01/2013 12:00:00 AM,downpour,medium,1
24.019412173991302,96.51853467757437,Mizoram,Aizawl,879.2795798937474,14.440445188983526,15.30152556360164,3.3849053379558844,-1.8733630375078225,37.4532310418832,3694.280461227949,2887.7831802871415,48.91430983146257,21.339262899187002,33.20159199745917,45.459145103353826,2.361141179498787,1.3775087132847266,27.101539165141745,dense_forest,0.42889582413502864,6.224772500149438,0.6736109964774313,6.95223604933218,22.473244409925208,IV,32.60477777466029,2,,,,0
24.209962314421187,92.65231461568413,Mizoram,Lunglei,618.7967075196218,29.913280477965724,283.37746574649196,-3.3145280302870797,0.4966089693207044,71.78673427303646,3042.883909643676,2481.9080760267334,88.37179183502413,37.31851200475479,46.23119188802333,16.45029610722188,6.90257463051324,1.2901173897797078,48.13938943495263,built_up,0.3339163389908831,0.03210850739605018,0.8382618056232761,0.6334059364845901,3.248231367734826,IV,40.26542150607277,3,05/07/2013 12:00:00 AM,rain,medium,1
23.59536662243669,88.71146113572301,Mizoram,Lunglei,224.14004194535082,21.886377295248074,95.28570815731165,4.139347626113911,2.4585470943194956,63.096849476412494,3782.599352636183,2949.8449999158024,69.86765016671552,27.66554622933334,38.30010407736308,34.034349693303575,1.7795718174780968,1.410311391478529,30.29516651954435,dense_forest,0.5816017433931794,0.11845581375892276,0.8949712162929115,1.31006861836223,4.100955818166423,V,116.16300851118454,0,,,,0
26.14691769403283,91.72293613716393,Assam,Karbi Anglong,1798.2252214168468,21.294466800939794,209.60159333159737,0.58555825591795,-1.4516744626097504,93.26005746539971,3897.78243636406,3053.8241282552112,86.3163929802103,25.736581992751745,47.75341069732618,26.510007309922067,3.304698279578599,1.4414785433290058,51.44524422913621,dense_forest,0.002202371310344786,1.1875636454833909,0.47970947544874765,5.238249676252419,10.973979648121174,IV,230.43352235788674,5,05/11/2013 12:00:00 AM,rain,medium,1
25.96015478199038,92.97377159089275,Tripura,Dhalai,2243.277467287651,14.517981039134977,201.1828766177131,0.4798940054571096,-2.6189847414116745,33.76405172463741,2085.1083367161896,1454.1828869599476,59.78940558543598,14.307786941614687,37.15208633100857,48.54012672737674,6.534940563723092,1.3620215487511032,22.60755412751029,dense_forest,0.5566389460084878,0.08282825472839422,0.246397499745403,3.10821348616542,17.30878538541709,V,463.71215784091373,0,,,,0
22.534983331846114,94.11617620223006,Meghalaya,West Garo Hills,1748.3255488877144,8.272523356037782,176.4887523314051,-2.5631066938412586,0.4240601030324094,9.906359594045757,2235.6654061157833,1742.3775500824258,30.110815999451674,14.468022069076758,47.14901579158236,38.38296213934089,4.734161060622697,1.4838208911381268,39.22674251062464,dense_forest,0.1420910192305454,0.9038601617408698,0.05203034784200514,4.255781939117109,4.1157451627052986,V,114.50882940318358,4,,,,0
25.497899993253473,91.50138668777613,Arunachal Pradesh,West Kameng,2079.256085832671,31.150762278940064,218.61740816031448,1.9833382751354987,0.7710591360016522,129.13715606426902,2123.702965839715,1681.23997858232,82.03636232329896,31.744200687589192,44.726240424693614,23.529558887717187,4.4480637552389695,1.4809741003195072,29.974318008992768,cropland,0.6280624600868501,4.14305712361536,0.8338157903509006,2.2525949857083427,0.795564293502371,IV,44.44144481365561,0,,,,0
25.708123782493786,94.01614265006427,Nagaland,Mokokchung,891.9709782272463,29.801354110021954,320.8673385115162,-3.397674727577697,-1.7936268471231822,88.68067418452137,2793.0815161638648,2185.483565982938,119.65978535833186,24.978475484078693,23.47668192028964,51.544842595631664,1.5307408694180984,1.2178350901608754,30.67513207544008,dense_forest,0.5485009595655952,0.9461312870949222,0.5711019211880157,2.773142720036737,12.024446005914118,IV,250.2636963347207,4,08/13/2010 12:00:00 AM,downpour,medium,1
26.892252676847953,96.67364968278852,Assam,Nagaon,894.275629890961,2.074417956727615,44.0152130410075,-2.6376387144723905,-0.4573682707747799,9.22128525377482,2172.2596727242712,1619.5366624536452,86.05332351622283,29.804585039491386,33.25812718282252,36.937287777686095,2.6058864676349365,0.9,25.79271227140383,dense_forest,0.32392083352037054,4.578478518748701,0.4650469564502003,1.084002863897287,11.80808571231051,V,38.86183702777063,1,,,,0
25.34866584173617,94.63775173512289,Assam,Nagaon,1375.6100669982684,10.173931570224658,108.61597811154736,-2.6887687212404,-1.1967102801791893,28.443835982575308,4297.236282759404,3097.129700127205,39.71535098552141,37.12297743397893,32.30784890720873,30.56917365881234,2.1853599460018787,1.4101803843610166,43.225891466121325,dense_forest,0.5891308994810601,5.175851971886518,0.9227678108825705,0.6013006424035406,2.778211504279464,IV,38.392086194160626,1,,,,0
22.437381326198494,91.63956307256161,Nagaland,Tuensang,1300.2102294611798,17.502144983215764,343.6298799354938,-0.5307865101483119,1.1702798864601263,56.41153963144392,4465.178976892967,3603.9353295986807,131.0120252811109,28.134948655138196,31.289111120626753,40.57594022423504,3.8222036183479204,1.2532848967492274,30.538783355085545,dense_forest,0.3954248234007165,6.160738922986512,0.4724396356295003,0.24406782595006807,0.2061792521147744,V,215.65521481035913,0,,,,0
26.692530523285253,94.68515845571686,Assam,Nagaon,457.300816537494,43.28890850982241,89.56822089059611,-0.5752466266807885,-0.30640226071357246,155.2264457333244,3117.658369792984,2161.0157187175214,66.87101139891732,24.69255915759439,43.87235602959497,31.435084812810643,0.27391948748764267,1.207525670870404,39.66835544101241,built_up,0.20052049748370093,1.3920841618811801,0.9248416557948744,4.788087601820045,9.382963150426,V,323.8042340349366,2,08/11/2013 11:00:00 PM,downpour,very_large,1
26.1766562439876,91.78380183430434,Assam,Sonitpur,658.3159408338279,35.94826275657224,103.49342460883919,1.5552145128633985,-3.429091342817565,91.90166404954272,5652.458778103096,3759.2585107725586,118.55099752588404,31.21252713834656,37.805322393361614,30.982150468291827,2.1594220199909424,1.2457930980813052,49.308323875148,sparse_forest,0.2725749620977447,0.5042799853456238,0.7756572693454348,0.44652551922828543,8.94983073437462,V,100.55068550540666,2,07/14/2016 12:00:00 AM,monsoon,small,1
21.70419300618394,92.69961638458652,Tripura,Gomati,194.85270960837366,13.907132399604196,339.2111095643715,0.5893542167363136,-0.47740520433763606,71.82738302689964,4318.365278229752,2838.6027401883716,57.64670767131889,22.217412529985186,33.41617580363336,44.36641166638146,0.23292750445977364,1.457167820723904,43.204715729523386,dense_forest,0.7408766703116108,0.31118981422268316,0.8258868541873192,0.1252913305380103,13.66094555231507,V,251.96308919152128,0,,,,0
26.290898572359385,94.5328460073968,Nagaland,Kohima,440.11471458930356,50.350515164560136,133.81539739841685,-1.137053239664815,-0.2310554479765755,209.07990102917245,2708.4050138593416,2258.8870826090206,137.9554225233372,44.38929189988782,40.002553346693716,15.60815475341846,2.987836166087646,1.340933860536839,40.98156247113724,built_up,0.2668244160275039,0.022996238742809552,1.0759371670526763,0.20095521637505742,0.05,IV,48.778280606336175,7,06/20/2011 12:00:00 AM,downpour,medium,1
25.996499549927634,91.8992302647775,Meghalaya,West Garo Hills,1488.4111253488597,21.320557286031875,332.49236007915437,-0.16685607700678862,-0.07363611965566308,101.25657251937264,3421.084062518952,2769.4240659937773,120.41637713303842,33.85346764713451,30.988660626598435,35.15787172626706,0.9077339341076558,1.3555708376259443,48.220199421429825,sparse_forest,0.43373929605237543,1.8361940144363922,0.9098828066338471,3.452393956565571,11.71936507702648,V,313.547003626508,2,09/06/2015 03:00:00 PM,unknown,medium,1
24.640715351932656,92.60095897911296,Assam,Dibrugarh,1115.7021765578825,22.752458967060047,145.99382532898534,-3.387711824211829,-1.8901092483152264,95.49593167192324,3515.2127137283696,2668.6071688081934,120.34768717061614,39.13781638742483,39.314140818589365,21.548042793985807,3.4456235927635523,1.4680758680403165,47.553557061979504,sparse_forest,0.35500387623199675,0.0241103972186818,0.6003677378452347,2.6748136323441263,14.160036462726904,IV,363.24090168304616,5,02/19/2015 11:00:00 PM,mining,medium,1
26.425199567147267,93.17287216925979,Manipur,Tamenglong,1170.057046949347,17.879721072436702,53.307598082781006,0.9288342542506769,-1.4312855299463894,67.05909961115107,2373.77433799806,1997.8940902054444,50.50408528471425,29.686379519395345,49.88345885600617,20.430161624598483,1.5163011738080783,1.3309230150540772,23.850463768067755,sparse_forest,0.5707693940974199,2.0881806759318637,0.6292126086669674,4.606563937286245,1.1368522287337883,V,169.98936419355613,1,,,,0
27.22498842790692,94.05125927967916,Tripura,Gomati,456.34628896732005,10.915833794249682,98.42049241406137,0.24000838422709175,0.021718567913815545,26.49423395382657,2544.067790438648,1665.9636342171884,43.953231777765694,34.95534143731781,15.383321594409004,49.66133696827318,1.3466273208148325,1.3047816851567122,33.25648306090944,built_up,0.40309078229205253,0.6079888168779868,1.3223575488161394,1.5957476336415648,1.9054295068090146,IV,120.7659235512722,3,,,,0
26.80470344014993,94.6834911274507,Mizoram,Lunglei,405.1260106519411,2.4198775088407274,168.68327817892157,-0.5033915307113254,1.1784882944919697,0.0,2852.614720595275,2414.1670378085487,52.31647094398141,37.97665670834832,45.312710601970124,16.710632689681553,0.7519409483530434,1.4570346707278203,18.70771293338395,dense_forest,0.67722445163249,2.523479565997389,1.091336690963782,0.3774146047777234,8.870436213291107,V,250.79589967876768,2,,,,0
23.33961848034772,90.81683537055261,Manipur,Ukhrul,568.2807390347738,19.651854460365946,358.4344359788202,3.4281714995444585,-2.239099638908251,59.449431778185236,3172.815439302431,2678.799303461808,44.50564991937437,33.88374258443237,45.31312823650224,20.803129179065394,1.342069277224222,1.1415216653321798,37.55970611794377,cropland,0.3759022748518929,1.1149330879977721,0.8776853354144825,4.846517789615257,3.493436010854033,V,158.1658441131214,0,,,,0
23.32573382470594,95.59037588112623,Tripura,Dhalai,984.7573559738546,23.194941389343835,131.2443536279729,1.0442878109192248,-0.4762665959247661,72.01741882385322,3407.4442842465724,2594.9457501141756,44.9556671203114,23.416775954297314,28.60360328899199,47.97962075671069,1.8607737264247022,1.5595943852374337,28.549956523866037,dense_forest,0.5660708575289394,2.8211807140623124,0.12201919397051797,0.026506231053929345,3.1074546559281857,V,348.93157246833135,0,,,,0
22.684394207836956,94.810592203531,Manipur,Ukhrul,499.01182519245344,14.137112817569,151.78135533885543,-0.5312815834260597,-0.5747999758827973,77.24440638237456,3704.404813824848,2852.1314852023834,27.773631674583505,27.544993544762267,26.25702754037738,46.19797891486036,2.8203156403459206,1.1130760948878653,37.424718497447685,sparse_forest,0.7188025782051062,5.781919294325961,1.2120314936573346,1.5874754191567177,1.7818674337797022,IV,300.58874157316836,5,,,,0
24.135965571996568,97.41149058209908,Nagaland,Kohima,439.543050043941,25.81980572130429,263.10359935351465,-1.338778756438572,2.4675423698276497,107.71832990389812,5108.691982917542,4324.498585780252,47.4903317670461,22.221299151258762,26.230316733415716,51.54838411532552,4.265431021844685,1.2723293489254255,40.71386207212384,dense_forest,0.5430356310826062,5.522517402404747,0.40252480190631934,2.866683279617085,6.406447117355517,V,196.01965076411147,0,,,,0
28.113144237130527,93.57677105474646,Tripura,Dhalai,2799.6009275583497,20.874923555933474,133.7439866152062,2.365707314189466,-2.462840290716189,71.92890499981164,2767.009398817632,1839.6226895692655,42.48841078297302,20.34589297357968,9.202548573356285,70.0,3.6250704033380607,1.5047694498546218,37.53163297005226,sparse_forest,0.3666109504379498,1.246518526500944,2.58667248530967,0.7735944060842579,10.916130230570412,IV,110.52403194360528,1,,,,0
25.40689693027111,92.73592425878893,Sikkim,South Sikkim,721.8827611017063,7.604015223151205,282.53284537456943,0.43671999785880805,-3.051550815233331,24.599405415360497,3047.3038081427385,2526.554630730933,47.755855676136335,32.649616179406344,46.13595405208423,21.214429768509433,0.9006999807021154,1.1943080092595948,37.814412565984775,bare_grassland,0.8579037438667099,4.66510682300216,1.091357926626207,2.4248789821037637,24.764385314361856,V,92.65927797379635,1,,,,0
25.59554838356679,93.1790277176774,Assam,Karbi Anglong,133.06638385391673,16.65236039418316,170.077051732889,-5.429651363431669,-1.8244980739512981,59.436989942578286,4154.719500370318,3530.1753049215763,48.27068062115269,36.093476639317146,31.014062601683086,32.89246075899977,1.7394780260568676,1.1284529585166387,37.16053481649223,dense_forest,0.6143646374572249,0.1473694349476737,0.8283349856366876,0.04126034504430159,4.741702801089906,IV,52.112088516450484,2,,,,0
25.19581259879195,88.56549475566462,Manipur,Imphal West,2021.746530312636,22.60548738235898,141.954073378993,4.839602453103969,-0.9967120992010656,73.09684372559506,3087.050074245314,2437.249249666971,38.26442060243558,20.485232309569994,18.510858452576404,61.003909237853605,0.8776034658140006,1.214478318266714,35.27103093381262,dense_forest,0.3025860925377295,0.1107119760003595,0.7371778529918611,1.8063333293365527,24.353605314408714,V,141.6308318675195,3,,,,0
23.434730375460468,94.23069573801504,Assam,Sonitpur,1084.011689483265,21.91838068233673,342.98764908747194,0.17051373545051757,0.12012774648158536,65.05994950855369,4107.065203080463,2990.3288638104495,94.28677483497289,29.542382706458877,30.656984676263985,39.80063261727713,6.666819390006094,1.3895467761481437,40.81970541560827,dense_forest,0.7474042152653343,0.2554332156241867,0.23319742519162245,0.385799503774803,9.711921865243706,V,130.18634641184738,1,,,,0
26.07255310911721,91.72936086825825,Assam,Nagaon,237.4952601536799,48.27251508681514,86.02422066856435,0.35883519019239274,0.35914670239825036,164.11322941018477,3732.929694234342,2785.8195217823845,91.27622292054005,29.33632978268244,32.61845644249934,38.04521377481822,1.4300232371467971,1.307891169926987,38.696966374854526,built_up,0.5410691241707092,1.3237295845089356,0.5632745652576555,0.8263065714538684,18.153422162737478,V,116.51925186296145,2,06/25/2012 06:00:00 PM,downpour,large,1
26.33279511364085,91.21430749986024,Assam,Sonitpur,5041.193552235313,31.732586198807297,286.5271987275296,0.22728868438995264,-0.9214150499918341,82.6095089024079,5530.170546144901,3927.651369167426,115.39686376631442,25.117097222103517,25.25273716738274,49.630165610513735,9.337287567399542,1.1061476616535748,45.58486426440437,cropland,0.18092398484622765,0.24836958085342362,1.4028376987156592,10.705260345333155,14.9669905454775,IV,83.90393520501219,0,10/29/2008 12:00:00 AM,downpour,medium,1
28.47719187438807,94.21650830864515,Tripura,Gomati,2625.7079008370597,13.19523727374807,51.42606741281734,-1.0318486593524892,0.692854086089089,45.614920248777636,3188.030412264596,2263.709062892002,40.00714348746903,24.550360772123234,45.27589652837085,30.173742699505908,0.6629529531563156,1.2127631256930467,24.584015228124557,dense_forest,0.5193935560034011,2.5838771187761567,0.4088130012631047,0.42433769586975734,7.044078888884682,IV,141.9463300011321,0,,,,0
24.400185998150764,93.16422250792968,Nagaland,Kohima,1531.9487494350929,15.451463089188447,59.086684152414634,-0.7276719238155982,-0.3309434690913518,78.7180981375912,2288.570845638651,1798.2645342989463,82.72876066980484,15.912789054632126,41.28298362612303,42.804227319244845,2.0671286081601035,1.3851730295074651,33.21929569339639,sparse_forest,0.31902288252045696,1.7265911659486561,0.9650289556536209,4.487627800949535,8.701783775208538,V,225.66454820366883,2,,,,0
23.27605714106862,93.87978966228556,Sikkim,West Sikkim,1500.725649543598,0.0,186.5953040021686,-0.42831671767403945,0.9977189436710405,2.5957647168706774,2868.6726770031087,2386.044328513038,24.94852393381022,12.846681534025539,51.937281667261246,35.21603679871322,4.5293422500418155,1.325936564501915,29.90864855452589,cropland,0.4202247381433016,0.1600367369865983,1.2267462862404328,5.010671020399673,3.1447118464234687,IV,280.9527317297939,0,,,,0
23.912140751140974,92.30130792349169,Sikkim,East Sikkim,1373.4329166641112,15.722471628758424,92.84416561262786,-1.0339160818058493,0.7809109434527277,37.091725957966155,2363.2763664113513,1772.847824315017,47.21304896467731,28.92306950834183,48.35135188074375,22.725578610914425,2.514941635476315,1.1675402035913034,46.39585205019244,dense_forest,0.5075248321392776,4.901631766844555,2.812281312351419,4.4675773737663365,1.467885347067302,V,119.09620622502575,2,,,,0
26.31792600993659,94.56467862325466,Nagaland,Wokha,1786.7358724945732,26.952253503516616,101.22068425861225,-3.83043051750842,-3.1215490355095734,118.07469587858216,4318.737013593286,3419.1176487636367,108.27623178075866,22.494237292741907,31.5433087832999,45.9624539239582,0.4556576344271519,1.1459458337092283,28.10285202751005,dense_forest,0.33536306394420096,0.01,1.1329781716394183,1.7061526196908925,3.028542606422713,V,82.37876502458812,1,06/15/2010 12:00:00 AM,downpour,medium,1
23.905623897513706,90.81383981373496,Assam,Nagaon,5089.666983887351,13.533472296695512,144.55607330522807,0.4892463600291166,-3.095962759868872,47.188309812235666,3296.119797915365,2572.5786351006827,63.9087141716717,20.737922959847918,30.52726287929471,48.73481416085737,3.157964807299145,1.1394488207140707,33.65149048052457,cropland,0.47076324414392223,1.1592373979274542,1.227611727447038,1.1971128340203663,5.257269109437897,V,54.29155570387358,1,,,,0
25.99868290416146,88.36840659067084,Mizoram,Aizawl,619.5989740218532,15.520987621350354,86.40982517854766,-0.45234498395424594,-2.001845155929116,66.13290887244128,2464.941281090063,1996.8573354425637,43.80864886500035,34.88285594200525,31.936762777055023,33.18038128093973,4.07586878899263,1.168918644207965,28.455181869007788,dense_forest,0.6357844784613808,2.0233507645399422,1.6012292686911112,2.5600654560463014,6.4298032672204375,IV,148.47152064062828,0,,,,0
24.907549306988674,93.54271296573047,Manipur,Imphal East,779.1983304010449,16.974808676289676,289.93996995366706,0.8483543508787923,-1.3149956184138967,41.460141004110966,3086.1243439017308,2239.102446707679,102.4003321675778,31.402291731666057,15.707774087263907,52.88993418107004,3.305928771874775,1.3387363030747512,41.16940737369405,sparse_forest,0.40760861088189076,1.103599886712801,0.7274428629403148,0.058249187937709335,11.633466014771832,IV,273.1933188016635,4,08/19/2010 12:00:00 AM,downpour,medium,1
27.15584715904292,93.73176414290371,Arunachal Pradesh,West Kameng,894.5315654000874,34.71816531347315,96.82348593408331,-1.2499351245667152,-0.5157800745471479,94.53507483549994,3699.9727959804213,2594.933445796286,94.78119506447555,38.77974958858301,5.071378663143193,56.1488717482738,5.429156811340884,1.1698336707204415,48.8246509680327,built_up,0.41973399313794146,0.26130471904018954,0.590874701775119,0.9283755260316097,0.9689102906986113,V,226.9037665179297,5,09/02/2013 12:00:00 AM,downpour,large,1
26.40399310117142,94.84508450829551,Nagaland,Kohima,924.3465577388782,16.763702159621065,305.6425435958286,1.4119186038404967,1.6838676505896353,57.02015034884613,2126.4287972204274,1740.8676256890235,36.161973711867354,20.425649370527655,14.83295570560717,64.74139492386519,3.3844704660320937,1.280610269790244,30.497095780044674,dense_forest,0.36687181505689026,0.8651349137939742,1.63783087827749,0.7072669140017014,0.7789521516918685,V,33.1950538898527,2,,,,0
28.34899209986139,93.14894999816497,Arunachal Pradesh,Tawang,351.2741946070936,17.464660817454366,296.6464220418942,-1.8990338468685306,0.3118767695884096,72.28976327140158,2718.79652106315,1804.2425173062875,158.90357480092212,23.499302675904673,27.24814926701059,49.25254805708474,1.836947133198034,1.135458004736277,21.752553150115663,dense_forest,0.36207673053604916,2.2620901352236364,0.603511978884206,4.110732642419252,18.315532143710662,V,70.11418900544602,0,,,,0
26.252371455366102,93.0932945497357,Mizoram,Lunglei,594.8288577279213,11.862351673833917,121.03758976894241,-0.10741192765677396,-1.2658741712395405,34.208553149937856,3808.7012092868626,2614.1307714482955,80.83618103269285,25.37245113951495,8.169708842863287,66.45784001762176,0.2648517898836624,1.2287733250372355,35.78227613980068,bare_grassland,0.40082762450293175,2.83359140614181,0.287281115158415,0.6248573465272558,0.2945094113017475,IV,198.48561600455895,3,,,,0
26.804428048374234,90.34787716574435,Meghalaya,East Khasi Hills,1084.361671789015,36.13449299847673,57.597696846988306,1.3987920444056758,0.7268110605386724,164.84010118787265,2772.3435681932733,1925.4115498992944,80.56043546673256,30.704209831378424,38.509893462733714,30.785896705887865,0.8690765803137251,1.3578676105513985,29.04064176099169,dense_forest,0.4995294942808687,5.578001882363655,0.8561119469831713,2.5004840575017067,19.949664639455513,V,53.00883533111414,1,,,,0
27.673476387137725,96.56102128333289,Nagaland,Kohima,1196.7903728070924,3.4908254386854143,175.27953003253492,3.7231612417549695,1.4067467578385302,2.7641581030400095,3607.0413337780406,2439.6229023747874,28.47546202860525,21.57254288545845,43.82858831378708,34.598868800754474,3.8325839359718383,0.9937135635588001,30.182775439576503,dense_forest,0.6524638166134329,2.7386805607440468,1.337061720750631,1.493032228352401,0.5408126974426488,V,147.08871350081816,2,,,,0
25.097138419104184,94.31837963902561,Manipur,Tamenglong,1015.8036957167083,14.496538534270123,107.8036247912007,-2.537798872672046,2.286913877653298,35.59365986415526,3816.959977569716,2867.3428714724932,82.18763333378101,24.01994073571334,45.91444946074186,30.06560980354481,1.0306519272314227,1.5412188780038045,56.50763027036696,bare_grassland,0.48213673708933635,3.3160100307128815,0.7075111197048898,0.03977197285875637,6.573000261869007,V,31.97347581777267,7,09/24/2013 12:00:00 AM,unknown,medium,1
23.639819737628844,89.1127011188007,Sikkim,West Sikkim,1593.5373170061723,8.80943787301893,333.02717928278867,0.007983447257837614,-2.817114788904136,42.91561139882303,4738.041195074369,3221.8419415596145,67.39810016475471,36.90311041483453,41.26171982204789,21.835169763117584,0.3966452818033977,1.1419713262837397,38.35789220686358,sparse_forest,0.7587662647537452,8.707029893363236,1.6736433161147926,0.6138667810746317,10.533118039575331,V,111.64818120321407,0,,,,0
25.374214336189507,91.82665961441124,Meghalaya,Jaintia Hills,223.02283936846257,25.69117937598378,84.337250087564,1.2017815868722006,2.213130676722026,89.63282540369852,4421.571918274148,3084.8861445480725,77.66748839037697,29.650034251274114,36.16890670801019,34.18105904071569,1.505012928060623,1.1221340806439357,52.21699477344896,cropland,0.5515868166946231,2.506645412303852,0.7023453116861791,0.46768988300419834,0.05,V,790.8130982344862,5,07/26/2007 12:00:00 AM,rain,medium,1
24.310110298743215,90.3292535301422,Mizoram,Champhai,849.9328064018493,0.0,325.43970186781905,1.178380094052742,2.2407548243529725,0.0,4666.812450432999,3365.0739903032763,22.54741340065552,27.05502824329421,43.00580507890833,29.939166677797466,0.858264973707822,1.2328953105080902,31.98342350408093,sparse_forest,0.4984329458855282,0.5689251942671855,0.3290465343727926,1.5524454851569174,6.454603229160529,V,140.45965413417517,0,,,,0
26.124360296589597,91.70214811347735,Assam,Karbi Anglong,570.3183556261608,18.6608442205573,152.48472734629806,1.4161734419508263,4.108736099809329,61.919839837706085,3763.4033499058664,2839.548916495481,102.36466661125371,44.081750321455836,44.17872788616007,11.739521792384096,0.8607605090888809,1.1039066537725504,32.041138635863604,cropland,0.666455030080465,0.1650680577289232,0.7360950867926408,3.866946990107337,0.05,V,109.19510019005573,5,06/02/2012 12:00:00 AM,downpour,large,1
24.8172258597075,94.38607519943123,Manipur,Imphal West,817.9965430355631,23.502588908391303,209.38629456257655,-2.6660117245777863,-0.1356624154687439,98.89711595759047,2345.6546661479797,1898.6942605819231,130.33532838903767,41.68476751709345,44.42055475013069,13.894677732775861,1.2197239626644814,1.6570329370263641,45.15983155745366,sparse_forest,0.43622361036955093,0.2635593409512235,1.1477720207971953,1.1627445591663395,5.856739254962829,V,137.91498836139198,1,08/30/2009 12:00:00 AM,downpour,medium,1
23.527212784315992,96.15769196976542,Mizoram,Champhai,521.4046532131181,30.930894157687923,141.1815197761134,-0.33485361366606836,1.8688558564165332,139.208256254076,3323.4335664519904,2502.185851882456,53.603382017996196,22.594542314500504,29.778672694309645,47.62678499118985,3.422474076684964,0.9168116916626861,26.07755992191128,sparse_forest,0.8503955017346265,6.215608143103544,0.35896740333426536,3.425495702208366,17.514914932725503,V,91.92115161674127,2,,,,0
27.182096920578488,97.30398580598357,Nagaland,Kohima,694.4621222100284,18.013510621798154,72.3677359446921,-2.1037745370372605,1.2371164245628596,61.08567654676182,4136.87379194849,3117.262635756922,72.83311236037696,33.94105627963033,33.31257969538682,32.746364024982846,1.9709475163022163,1.021913790061917,43.50143689420908,sparse_forest,0.47357788655613087,0.5268621888832032,0.7190953380847971,3.138113572717981,20.653681421497023,V,58.43489601799925,0,,,,0
24.544537132919096,92.9865405562599,Sikkim,East Sikkim,1290.5598484378193,22.15669131698974,284.83597418743796,1.326637446472478,-2.935272226195753,95.23415785601861,3220.530733866967,2488.8470037591755,39.90231764333036,29.368722298989535,28.46693175204876,42.164345948961696,0.9030946804962392,1.3243202313430231,36.87923087348073,dense_forest,0.4162409589287575,6.4062465843236716,0.4564816860364168,7.249502398611202,1.1999840772087,IV,97.516238700462,2,,,,0
26.501205293811847,96.514226312304,Sikkim,South Sikkim,755.0223432024828,31.881043320915055,354.76942076907386,4.731390292565199,-0.13033183709645418,129.8267701501718,2537.5065217857573,1764.6987523147188,31.91543595008344,29.878125549358682,56.558941029602686,13.562933421038629,3.6143738216045724,1.1151984480462835,24.029330384478634,cropland,0.17350031688247403,2.093563939298314,1.3309397842583701,1.5078111066040507,0.058345539769080565,V,136.69450257094192,3,,,,0
23.54444282050185,93.4214650376225,Mizoram,Kolasib,698.7705863656871,16.602823777598843,191.22315953903984,-0.0458274346633783,-0.008025507129816978,82.20573271519773,4140.230053293476,3366.744745193065,60.67671712888213,30.845144904458984,56.06553929552218,13.089315800018845,2.944789942549615,1.131535257663675,48.1119022875772,sparse_forest,0.8296147192648513,1.7398880725452466,1.3511829491487493,0.03333296706516596,8.360037141858909,IV,122.01739987023686,4,07/28/2016 11:00:00 PM,continuous_rain,medium,1
27.49276275338648,95.06510396395876,Manipur,Churachandpur,602.1189906270827,19.59043539825509,50.5566809776178,2.326156150385539,-2.883590082968477,85.45389315718236,3310.7136225038626,2439.6759883054824,87.19007140090241,13.885428614007603,15.492868313422818,70.0,2.455092404032839,1.562317536369423,31.200457699980362,dense_forest,0.5906428390131871,1.9039952944292713,1.6711672529486756,2.7085669108861374,3.6413495356771146,V,52.90103239142862,3,,,,0
22.833608610129247,94.82006596112507,Assam,Dibrugarh,704.7811122161291,11.693258449403341,44.718781399734546,2.3171565680623214,1.781188994424251,12.412818929988127,2308.636478692781,1734.7648523592386,58.822325505056334,20.778190372787392,29.336710535593326,49.88509909161928,1.1323965228313078,1.399438675920885,39.676573594258976,dense_forest,0.7590887736583369,1.851736299389189,0.7019424480079617,0.2655432233200664,1.5980191128220513,IV,90.31104423648124,1,,,,0
23.469490814905136,91.00429884609281,Meghalaya,Ri Bhoi,2580.2828626414475,0.0,327.0592641953687,1.4561561520418722,-0.04114982642684557,10.595161921972934,4498.44658476076,3120.255657553045,115.34700406257363,27.119397891689687,46.581725096061845,26.298877012248468,0.4219543524421285,1.2891846342972073,39.55938736078259,dense_forest,0.6763100057525505,0.6253590592144223,0.2655671229989974,0.4268312702717867,5.192595130470713,IV,236.00565357812445,1,,,,0
26.09041047928004,91.76940258448907,Assam,Dibrugarh,1365.8487442929388,28.224112959015407,275.7737844705521,-1.3093906231437045,-2.6046018963715714,124.33357679673558,6543.671950408916,4307.218354581546,88.48712032655476,26.471916009325625,28.771013230873496,44.75707075980088,2.2396292612517623,1.2310933689694223,32.531291680086355,cropland,0.49106425092715206,4.734029751931921,0.6190870545608685,3.4709183069300122,1.6460915433319894,IV,390.7445794569767,3,09/22/2014 12:00:00 AM,rain,small,1
24.14170644496051,94.99139447971183,Sikkim,East Sikkim,1556.40469472235,32.44524054583735,54.890764145045964,4.19551576666312,1.3878591599514254,133.410981035571,3218.8405692059605,2643.148343376246,58.22183376549057,22.125643727088338,33.29926536735098,44.57509090556067,1.5450883102302875,1.23359482284735,29.289270143712287,dense_forest,0.537490461715077,6.040609672595773,0.18779725415798648,1.336942288181738,4.312301605502391,IV,308.3423298373724,1,,,,0
26.219687589811777,91.74007393211014,Assam,Kamrup,1404.9191750328512,21.71842611975809,162.6633729341086,-1.091500522822251,0.15413228076749008,45.03170772362442,3189.836258854609,2423.3472646830505,110.32426231836722,32.852486474040646,35.14231918493415,32.0051943410252,1.7237455542481788,1.4033568615325425,51.99217212314291,sparse_forest,0.8413500432644682,1.1156362649206928,0.8045405639096156,0.9315719747218653,10.146243854539435,V,462.0476117158301,3,04/20/2010 12:00:00 AM,downpour,medium,1
24.03080398343274,97.35379519545887,Sikkim,East Sikkim,225.5383229046533,26.53994433198637,194.92136809344024,-2.315002277455915,-0.5494240846676521,83.7197956158864,3000.0299560709964,2536.135660220812,66.31991192176825,28.44705102557899,36.54996768732588,35.00298128709513,3.3220205280954946,1.4128692491810633,43.48615774627951,built_up,0.3681436833927324,3.5919924773586107,0.9612599449624915,0.3507868386826404,0.08992698113649678,V,108.13201080156782,0,,,,0
28.523062954684512,89.80573956402931,Sikkim,West Sikkim,1120.8118670229246,15.147651105622073,306.129175901491,1.1949736366580876,0.7290337567059979,63.509334631472434,4799.040651287541,3810.762120556496,49.37034641113993,10.600251957791624,31.20694310906105,58.19280493314732,3.0990075424524357,1.5095954788874795,43.134348789080654,dense_forest,0.6572585061164562,5.742318403386415,1.0570619192065507,4.75713388929658,0.3266822755961951,IV,191.532941012381,0,,,,0
25.47029845831676,90.04024145788306,Meghalaya,Ri Bhoi,854.8614238417362,18.75505052167224,72.27950301720969,2.038615934842548,-0.24063014058525156,64.7875452108539,3416.1208967369603,2409.670170013098,125.3125925796888,18.75362493125922,33.37132775745234,47.875047311288434,4.01923130642107,1.2591115972721119,28.45780403487597,cropland,0.39639298197285816,1.2486716534948714,1.0701512730996878,2.124583702574521,0.05,V,70.85486423113873,9,10/20/2014 12:00:00 AM,rain,medium,1
22.590714597915003,93.57434041742424,Tripura,Dhalai,1742.6832962768178,17.862514608120478,181.6299725446127,1.2314265924822168,-1.5847667053022558,60.05124657110136,3785.1868250941766,2710.734939212143,41.62839148716105,19.45974846980252,48.337250499264506,32.203001030932974,1.1115100883803206,1.319503757042749,43.52553307074011,dense_forest,0.6508221290350871,0.4843537381123453,0.8994654099369465,0.7093774818931936,13.850581222370824,V,72.60832347130645,3,,,,0
24.707290188545517,93.52109979845984,Manipur,Imphal East,2045.847762286291,10.506362953259462,346.13107742521566,-1.0357772676768058,0.3593439581499073,39.22906999251187,4235.3340028537095,2767.180608368412,73.8714944203212,40.43203406022109,13.943797408064224,45.62416853171469,3.174443778644323,1.3963770943824956,40.699131283045354,sparse_forest,0.21166430048867746,1.8600490000413723,2.0888992163269338,6.533539609129495,0.05,V,88.92166577733465,3,06/07/2010 12:00:00 AM,rain,medium,1
29.48437088608622,94.79519305106132,Meghalaya,West Garo Hills,1226.1593949710145,25.408226636187635,297.09687236679974,0.9890199934421449,0.14046022869293795,75.19493038214247,3137.0748583768877,2100.6051632420426,60.348743909739014,30.73334065408512,44.61213943289867,24.654519913016216,3.719244510956075,1.1006195938132324,36.96762446152091,cropland,0.39948751083760703,2.0553571336837475,0.6338883110362382,3.5617903058276124,3.985041390682925,V,246.96602120764456,0,,,,0
26.812084705887703,88.33826924810407,Nagaland,Dimapur,563.3928169845041,13.461226085409448,140.63143120449303,4.114862428576113,-0.8590139957867722,38.79229959932526,2333.73863219098,1826.9287963474214,36.91500783086373,16.6788298516501,45.619735831404896,37.701434316945,0.2095130886761359,1.0920401689313624,35.01770618955768,cropland,0.29416200636402756,1.013080983378979,2.2288708290499293,0.31956504259476703,5.805354034201161,V,131.8090350491227,2,,,,0
24.7707364726118,93.9404845813295,Manipur,Ukhrul,1904.3622562600408,14.227365649377957,288.42334498546273,-1.0049597609036676,-2.165580753775986,49.42031748614039,4528.283680696089,3837.315939909633,91.33576867998903,35.20846768043645,41.52940355966129,23.262128759902254,5.49001445801932,1.427333202793833,47.090600873129944,dense_forest,0.3435603991558662,0.9072550240171365,1.3642081203455578,0.7780516010643447,25.255183316699554,V,141.77934201314142,6,07/22/2011 12:00:00 AM,downpour,medium,1
22.959291402875884,92.3636575926088,Mizoram,Kolasib,1151.8872927812963,30.940652153887363,127.1077925819265,1.0200341110294187,3.5105759732122643,129.65365688240092,3965.793568894147,3256.7342446173616,74.71100221347072,35.33552954804152,33.72815987019321,30.93631058176527,1.119648665535404,1.3215393449322879,35.82419843872524,dense_forest,0.7355703715786555,5.452287603872483,0.3043146579372921,0.06619352600281567,6.824997420272628,V,84.00944168295504,2,,,,0
26.271902752606394,88.05555528778613,Mizoram,Kolasib,348.70043829644686,11.271497936488633,279.4046351490752,1.4223271864090647,0.6789432896132266,44.544384505965745,2849.3443726780565,2328.3373720668983,56.13747178566581,25.00975485802129,38.37900420897466,36.61124093300404,4.037137156265886,1.4915573067876913,35.895846220827536,bare_grassland,0.6971143738698851,6.446154628196167,0.881865996687147,0.3004306127865589,5.6214280409557755,V,258.47183700387666,1,,,,0
23.018001822375233,89.46417505885502,Assam,Sonitpur,625.3664072464373,26.278248371768484,326.9470028758655,1.5752933019534863,-1.6080803888296642,92.66715535875886,2152.2491557673343,1576.7320322048802,106.30968688278871,37.54896563018413,40.22751176091618,22.223522608899692,0.2,1.1728033594591372,23.225541955457416,sparse_forest,0.4547468620758744,1.7757128145279484,0.4565806665107596,2.1479011362343923,8.639293110982262,V,199.9650853618453,2,,,,0
23.70878728794667,92.78762694572788,Mizoram,Lunglei,314.08857203040145,33.25125884023655,223.23108126646127,2.295325749382371,-0.7622700232611122,101.44114141401414,2785.442966985849,2149.0427255890013,97.10755866749447,35.99550875478219,38.449740954297994,25.554750290919813,0.3403350163237146,1.3047103234945143,39.70845111722005,built_up,0.3851375361629743,0.4830822028865708,2.1755464711731856,2.2182067679758553,1.3787446447958813,V,42.999899220258804,2,09/14/2015 03:10:00 AM,downpour,large,1
26.518816714018897,91.71390230523704,Assam,Karbi Anglong,1008.7559361523798,40.54284251534515,181.59625429576724,0.07186420781639469,-0.2408953725441556,167.36619413840302,4178.270757697147,3168.1113610460907,51.31401641243328,31.41051032236755,30.490071366383603,38.099418311248854,5.286066326002203,1.2891580764864161,39.86082312207773,dense_forest,0.6614714624372423,0.9352914707062493,1.4276029724375185,4.1869574098783575,1.967286109294533,IV,33.91392370065638,4,09/01/2015 12:00:00 AM,rain,medium,1
28.433457404444233,92.67093722566806,Nagaland,Tuensang,1504.8368027259598,5.313261152356279,172.57851635832043,-1.2225006916694812,-1.2806406309999536,0.0,2446.1529789060087,1646.1297088954075,75.03338128163072,29.880965455652383,24.875676638054927,45.24335790629269,4.651334983696275,1.3773029933989647,21.922666498900085,dense_forest,0.2106157069787165,0.7622591150936965,0.2991421174432373,0.9125725917515835,8.712985860833705,V,90.46019122449476,0,,,,0
26.10998721773558,88.27576228030286,Assam,Sonitpur,837.1833093263605,2.828879464569889,304.5886328114523,-0.561330823470135,0.9071849283054858,16.524051940445705,3674.6138425234763,2866.590668396608,44.61754529073282,33.75972082433296,20.459428358833996,45.780850816833045,5.171726234091598,1.3186008277452825,46.95846613721072,dense_forest,0.5546464895512051,3.260200236903148,0.3546847570647862,6.500947634564058,11.256526480334268,IV,140.47340583487252,0,,,,0
28.24711419088743,95.40807528653536,Manipur,Imphal East,1422.4048937886903,21.111765826925872,198.58107157975695,-0.3774659218646257,1.8904579783398199,89.12861517168973,2505.6220039182645,1905.2763292144655,63.502402757261095,28.37231241388229,39.35517276985355,32.27251481626415,1.0270843737849757,1.1794879385253505,27.25158877853708,dense_forest,0.4831383838488969,5.02074377279624,0.7635746010652793,0.5744691841125542,2.182166600371429,V,33.00924440817042,0,,,,0
24.546082331861456,93.9774256064616,Mizoram,Champhai,1197.964599956461,12.834899245036297,290.60067036994036,-2.9189472535260625,1.27283357986916,54.027882689914314,5075.499978421773,4301.87730117688,80.86723151306097,27.283170779796304,33.04318313689905,39.67364608330464,0.7207210519466011,1.379277965192614,46.94903823712275,dense_forest,0.9061762157745927,3.6685196430825258,0.6710597965651581,0.8555606103195217,0.5379491504345528,V,88.4068065641323,0,,,,0
27.61118369350788,96.11171311213374,Meghalaya,East Khasi Hills,1113.5572246015893,19.779126193226553,11.632859888378766,1.7378135929536782,0.013177537080432202,50.171785860579,2734.8800360695877,1817.447838958818,82.05618577942901,28.935081306969956,31.625326272657865,39.439592420372186,3.3796321860986303,1.4894305026065637,21.236931051317537,dense_forest,0.5969459585119554,0.2825578291017005,1.0951787422145804,1.80699558467884,5.071287228387147,V,70.27760546078653,2,,,,0
24.00476641281885,88.76161938488006,Manipur,Tamenglong,568.0490553281273,0.0,129.48428975340101,-1.5798116638482749,1.0125559392776466,0.0,3025.335115221028,2277.7950968319033,70.10993250842212,26.638486176394444,29.55220284372489,43.809310979880664,1.1400162296103407,1.2946174191932636,36.17517437037267,built_up,0.42377265221934834,3.7493372744207827,0.6307251756769258,0.3080762794723136,30.862119900571724,V,69.43693583954602,2,,,,0
22.17253324542427,95.82843896317004,Arunachal Pradesh,Changlang,644.6667596921402,27.103217423748806,112.00792935012939,-0.030513871417347224,-1.2238226334555984,78.56244646011933,3501.4031067358815,2808.6061886564403,63.83620127440589,24.842667636157117,35.72649771868757,39.430834645155315,1.8253612640144612,1.1551820232927745,28.840077879157377,dense_forest,0.6284146949399366,10.309643094179311,0.41278881764490366,9.029964629894474,0.08221035126780053,IV,95.73270855152984,2,,,,0
26.174628477931563,91.71900830306956,Assam,Cachar,1681.9840605603235,21.87167048947089,111.29502269808371,4.307892551287043,-0.5499109762903389,83.55714898571995,4155.817408760977,3310.970755702305,105.30641747919685,24.43964007564677,33.98010783166724,41.580252092685996,3.464895667190113,1.4824667347120384,30.467755920739123,built_up,0.38711300782066704,2.302089239028601,1.123738862551679,3.2840322438137197,6.007464201889134,V,363.1497592080534,2,06/27/2014 12:00:00 AM,rain,small,1
26.964256410586266,93.23042763770816,Tripura,South Tripura,1891.0641137326722,15.589583040396635,314.79246050973603,-1.4280460797049246,-1.883270207889952,37.391228965482064,3701.2244691375877,2724.049512527979,36.22719362130589,18.846381800937593,26.399623993348307,54.7539942057141,3.7931872242163713,1.4407891681792824,13.40851193908883,dense_forest,0.7531426583926398,1.4532514181742813,0.18021028878416734,0.6696373519245647,6.24682801267385,V,150.46227419185698,1,,,,0
25.173373214009036,93.67675041399093,Manipur,Ukhrul,712.2147957246056,20.96708225743898,71.50453407906191,-4.034018459357191,-2.802414172893284,86.2390219548198,4291.53731393336,2842.6090032052894,143.05628722190482,20.930182128443153,30.122740320735154,48.947077550821696,3.8193145733177487,1.3900406553328788,51.14883462224338,sparse_forest,0.4159044701152417,0.8320806196633976,0.7441944600998053,0.5667104075052832,2.0038082996520536,V,209.91990894061382,3,06/19/2015 12:00:00 AM,monsoon,medium,1
28.416019772766994,93.66159084133781,Meghalaya,West Garo Hills,1300.2621588052277,8.39385484463048,194.97536499173222,1.534765690472199,2.4967666670365736,20.81325861086316,3785.317291702873,2984.4240465464113,59.470592825801816,31.188988781959473,48.94449870587127,19.866512512169265,3.5437584345310804,1.220489539141589,36.50251254657616,dense_forest,0.95,8.564664620246962,0.07970195528008894,3.095494823492277,6.878219812576378,V,80.50948139208816,2,,,,0
23.654283900871516,94.85291364465371,Meghalaya,East Khasi Hills,885.7817062909319,22.79901638640563,19.69756962737641,3.465407629979629,-0.5623629372416858,58.48100760930342,3141.3391924198295,2342.187433959983,47.60354702971544,22.93410888361244,37.741653270531216,39.324237845856345,1.6763992835540071,1.383190968220606,38.132264639335126,dense_forest,0.20130173934793305,0.5695664069172439,0.2961288251874018,0.4286296888994826,3.6404465462981093,V,143.11653197170799,2,,,,0
26.147168788837664,91.68296179631157,Assam,Nagaon,717.8572939740853,8.130884146141064,250.7974158109767,-1.2078534532378193,-1.8606390218592321,13.579800128484047,4066.218971508873,2905.526877920342,101.50592457419748,23.794960586783517,25.949042095279815,50.25599731793667,0.39767498609165647,1.4922318650947246,31.184717691651244,sparse_forest,0.1273911686665521,0.2366439575920162,1.6977609697085918,0.03480502779928276,1.8595270918915823,V,189.3173596317518,4,09/22/2014 12:00:00 AM,rain,small,1
26.184163786644437,94.47500177245351,Nagaland,Wokha,820.6245249330041,34.66613936700933,5.811364044820868,-2.097464971902007,1.1052959532107143,145.41434871339126,3815.571739080484,2933.5490017780976,83.80277126634869,42.07293135751688,23.42446493038784,34.50260371209528,3.9181395455149053,1.3727054250583532,43.60161921117178,sparse_forest,0.13958431590876394,3.2797180897893146,1.482499434751334,8.973033598415569,0.4661754690824109,V,57.21588481798279,4,07/11/2016 11:00:00 PM,unknown,large,1
23.535167891295682,97.13300849490216,Tripura,West Tripura,2059.146811467096,15.977774776310184,22.842744742145634,0.1182691927525104,-1.7625799452288993,51.16738542361301,3868.34682689534,2538.512315161506,38.97914784704524,30.908281518451222,39.08898051868491,30.00273796286387,1.6838826937698295,1.2498621413342712,43.65627724621126,dense_forest,0.5636202392463204,15.223661590580623,0.5182146318089703,3.820384535098889,13.63177624620457,V,229.5166885747815,3,,,,0
26.716164970940575,95.08213673200612,Nagaland,Tuensang,913.9618573081216,32.88877803421573,207.63710149575152,3.2950628810736413,-1.0571076698279276,105.37184886557053,3546.0316779809937,2605.612033957524,113.45643043876353,38.30087875806607,27.879101426239302,33.82001981569463,1.9971060483825867,1.1060612700346546,44.077028932902415,built_up,0.20012886411272812,0.09363899790361578,0.7729075189136712,6.02657453603819,0.6932754525913527,IV,288.5636314101615,3,07/06/2010 12:00:00 AM,monsoon,medium,1
25.529184256992973,90.23917797600161,Meghalaya,Jaintia Hills,1577.8440340414895,36.74623416039746,320.2047053704216,0.7002593633854639,-0.6770756764523747,114.71927661891257,3420.6383960708954,2329.8072644620056,134.42286610052403,26.770799584632822,27.087169185011167,46.14203123035601,1.3402266883843008,1.136095156353265,46.07481579776745,cropland,0.3984836928492396,1.7826737011209504,1.3649456535418896,0.49197001621476544,4.689235872242722,V,160.94716948367443,1,07/27/2007 12:00:00 AM,rain,large,1
22.134607610889926,90.5996360695822,Meghalaya,East Khasi Hills,821.7241506865003,18.638367105625687,252.7214905375011,-2.6825276251781625,1.3215787264661292,55.67247231142038,2720.2480919226964,2130.361823420136,44.394856775572165,15.738327249193743,33.598043814585715,50.66362893622054,0.9108104720315542,1.3127866997078925,45.73116840133318,sparse_forest,0.4236944219405012,2.554536472115331,0.3990819907818698,8.248192734579815,0.919947376248023,V,301.15744333459185,3,,,,0
25.02508197434158,94.03208321227423,Manipur,Ukhrul,1507.2304452661676,22.06823607811809,315.57891828273904,-2.296011737417849,1.3582090941775011,84.53499544984277,3596.2233352977337,2989.2907829222618,169.18782788306453,30.993937798951432,10.72716193047474,58.27890027057383,3.44026825360921,1.334054675001748,35.66200412047898,bare_grassland,0.3175273899520892,0.39989787221161843,0.5420526736505528,0.9144936059098523,11.549149132643139,V,136.89634272692183,3,06/28/2011 12:00:00 AM,rain,medium,1
24.729017770295716,96.67440440457304,Meghalaya,Jaintia Hills,876.882984582156,6.129864865544885,189.40996329896032,3.25924240671189,0.3894197229647646,16.82422530059826,2602.7930676776023,1953.6024573403324,60.18681320508497,45.75754764288707,29.124221149911094,25.118231207201838,3.2871581363765507,1.1123347166461428,37.11202627036056,bare_grassland,0.6038556062027122,2.9020918837626395,1.4125857041127219,3.110154678661912,15.932569297245134,IV,283.48833022848834,2,,,,0
21.92616133925931,91.92093914114788,Meghalaya,East Khasi Hills,2080.326246848628,17.578029958245892,7.75245487197687,4.157300264780297,1.5500290474888572,71.73011481850078,2471.011491496548,1906.7173571407893,73.83597131539678,25.100342672937487,24.142202851901573,50.75745447516094,1.0287937106474967,1.2396778012437923,36.10105090594061,sparse_forest,0.4892875019592728,2.748404793860285,0.35421103479974625,0.5056782648373713,4.541277274609822,IV,299.91353178248573,1,,,,0
26.051116419481716,97.22856007838986,Manipur,Churachandpur,1454.1130407109717,40.49528628362375,183.8111722825696,-0.0010440563018067714,0.3548867889251582,111.81011332685934,4840.013394944082,4028.2409078694777,54.74213969694788,29.77847612778627,30.01435180568459,40.20717206652915,4.804076916785674,1.5706738287296467,42.37263245006542,sparse_forest,0.5937815056533168,9.354120043509596,1.179278851643755,0.7422490947519038,1.1415552490175664,V,196.72979564947622,0,,,,0
29.047198330078757,92.81991745102523,Assam,Nagaon,967.6437604049598,5.605937169350998,201.16786085527573,-4.320424236416902,-1.7123254720424073,25.047872817164794,3607.842300504279,2575.7892086347806,55.66242335974522,27.63046447704908,20.43442786020222,51.93510766274869,4.109573474422304,1.026000549588287,35.414015802018234,sparse_forest,0.6153223193724746,0.5628216089911515,0.7227900903561206,3.9661446934224083,3.2803420549232554,V,303.93387942857623,4,,,,0
28.688330317804894,90.91558688645448,Manipur,Ukhrul,1010.997677991504,27.257384222694455,121.71330199389806,1.428111231192529,-0.03773134717225074,89.52878684455972,4853.014844836273,3932.2752214663274,49.44360480185422,31.071339448078422,34.74283597297564,34.18582457894594,0.2677464146550553,1.2759938125752786,36.769472872095776,bare_grassland,0.7908622848848947,7.958478459544995,0.9780098981523717,0.1989593864214882,10.635332729187885,V,362.6127305382999,2,,,,0
27.06042085869318,88.3974398374606,Sikkim,South Sikkim,1220.3018167554872,38.29425462374715,30.314380868281745,0.7455941503730614,0.036235692549631215,135.78773971180277,4394.5882356544835,2999.5704033261186,85.88142080576222,33.38949721517428,22.17338744438771,44.437115340438,2.194168144700953,1.0467625259110798,25.25163034350239,cropland,0.45682506220981195,0.8315994685558951,1.0357083327718108,4.175955460332793,1.1275794190517787,V,229.22996164782657,4,07/07/2015 12:00:00 AM,continuous_rain,small,1
26.38038053178838,89.49284035557241,Meghalaya,Jaintia Hills,943.0324094056078,12.131862141216054,82.76314421959098,-0.30949663845334197,1.8576374957119939,75.81426595100287,2812.497048989769,2237.3794446581664,80.46617913909546,25.28023398360425,33.40127438067571,41.318491635720044,2.672106258770906,1.323117270205313,29.587755821217527,dense_forest,0.24452105891992743,1.039842305952325,0.8838327531829567,0.9242437980468361,19.13948698605378,IV,523.6735021099548,1,,,,0
27.303234522370072,88.5608305353784,Sikkim,South Sikkim,501.61865563943087,19.096869687200734,155.000765362163,-2.527622446397376,0.6795537289894096,56.306006721314375,2274.495265272335,1657.5131887594198,84.47650482806995,22.380175840369425,39.07323788737481,38.54658627225577,3.1681238429916534,1.2650735072539754,32.94235674817664,sparse_forest,0.10832244499196653,0.3422346387002497,1.8147781931943936,3.5606468453361546,0.05,IV,186.9059422291289,5,08/28/2008 12:00:00 AM,downpour,medium,1
24.582858927267424,96.30206840059404,Assam,Karbi Anglong,900.6787535240397,34.19708333487118,161.79590347944213,-1.1895085724141123,1.640085376141649,149.47402702367614,2675.205674309027,2245.472821498075,110.68917533080148,38.6804197723592,35.52685903227933,25.792721195361466,2.5079976407605877,1.1371466074730974,35.84730180416748,dense_forest,0.5895220187049156,3.3752493300673905,0.21468605467457139,0.01352123062489689,6.062384250307122,IV,58.046390564311764,1,,,,0
28.894444181986817,88.60663309738011,Sikkim,East Sikkim,1193.3672826122615,24.172362129438895,212.18518431131017,-2.800107130296516,-0.20761254395648915,76.15203436409438,3400.635799774576,2615.244438450309,62.51032762236586,22.822421572295948,38.10448402025214,39.07309440745191,6.9693413023964075,1.2654595028069824,33.85731586162557,sparse_forest,0.5786777546504873,0.7557025950421555,0.37836845741098146,10.151706869754388,12.223811124424754,V,92.27552869099968,1,,,,0
23.88020160609846,88.61030032674353,Nagaland,Kohima,1429.9006925140443,1.3743890544067874,290.12001855490735,0.876021400260946,0.6856301952719658,1.2048594134693058,3138.030428800874,2367.145298714121,40.633110878619235,34.50948473219997,45.68037960571731,19.810135662082708,2.5271130255660093,1.5110699381894908,46.92253332748204,sparse_forest,0.6726318870882246,3.7971184228707306,1.147359714975645,2.650840890304843,5.041181160568481,V,23.60025599352066,2,,,,0
29.046373541323184,95.17325838673024,Manipur,Ukhrul,930.8189596224937,24.909400793661426,199.24474075791997,-0.7236660351281877,0.7832118184577488,82.1343399080399,3882.6795615470683,3219.434114333391,61.06717859619462,17.456624264291072,59.330837020363234,23.2125387153457,6.688028233109584,1.2534205875548308,24.950023424691654,dense_forest,0.6519070871701289,2.265115681083505,1.2180909820848482,6.365277933576191,8.5261914149749,V,131.89959046402566,0,,,,0
23.70730936063952,92.73104135659582,Mizoram,Aizawl,163.76258402750273,16.110581813272212,52.695380357703186,-1.1065441150324689,-1.0208256374648808,62.820819753978405,4851.356018065102,3447.494829805543,79.34337491321818,17.236122011656892,29.22131582281633,53.54256216552678,5.788828868466088,1.3689569318593242,52.796364426606786,cropland,0.3038151996124865,0.7902805992336832,1.4515388097725612,6.117805166885205,8.55387480733885,V,119.11057938512829,8,07/14/2014 06:00:00 PM,downpour,medium,1
26.93328044726618,89.06452549974652,Manipur,Imphal East,1724.7629153652263,14.491160951081481,114.83738591356635,-1.2221106106009039,0.11320524729368463,63.720145890805824,3500.406354246735,2866.813847092199,67.30040158013182,29.840509926077935,28.298780820272817,41.86070925364924,2.2627435012728716,1.2579400477080087,21.80039695991661,built_up,0.6464200649514447,4.163044220188322,0.8002291338425276,1.4416115450463094,0.6729301716069144,V,416.8755220276546,0,,,,0
28.166017124358024,96.93176904729722,Manipur,Churachandpur,1523.5096756600772,14.659014677208328,205.96960353440255,0.2688518755376198,2.3028528678327964,33.929869387259004,3066.163724243184,2339.0088884335105,81.16777725185932,15.35334345053884,44.77770593108564,39.868950618375514,0.7370587800401622,1.0349719462701694,18.570586243974287,sparse_forest,0.43337042528269043,1.5045980730116806,0.6431928418503915,5.410928699641189,6.892239187030395,IV,186.3454609619883,1,,,,0
25.453393119803074,88.15999780242586,Nagaland,Wokha,188.28075585679628,16.428579796063012,302.2518782641754,1.2717153506609258,0.9957713124264067,60.73252097368898,2646.602505321983,1868.9768099746807,37.03462478585926,25.988829822607222,19.604201868071385,54.4069683093214,2.366177379299618,1.3537104753983222,20.264795658485088,built_up,0.5068636608827916,0.20215222854732828,0.41001265349728433,6.496976021123279,2.254682003589746,V,17.313654551903696,0,,,,0
22.73093639609361,92.8361685486777,Mizoram,Champhai,1452.9060969764384,15.406282087158697,43.69328513276131,-3.198271009983963,0.31315116394125564,60.00236019762463,6253.81953903844,4843.227963000227,85.57906899751148,32.940936592342,19.998622932602597,47.0604404750554,3.070018387004463,1.6000302702829463,27.68913059334549,built_up,0.7700914914454972,0.0995124163668284,1.9551290204826404,2.8403225434973005,0.05,V,82.0684373182464,4,09/13/2010 12:00:00 AM,downpour,medium,1
28.390795655826143,92.00964754650352,Mizoram,Champhai,2978.20594274759,12.102091465838955,4.203716295231845,-2.004779137714578,-0.3401542316591075,65.92622522010028,2972.242379969849,2413.3235970760597,57.45974427796309,31.364304547983917,34.326943823459516,34.308751628556564,2.7022422732356195,1.463579173507582,34.25467059221195,dense_forest,0.6280021089658375,3.588418914183319,0.3396314648367784,1.0312166719762381,3.672675785798778,V,89.43703555973846,1,,,,0
25.36057907111401,94.46816864888378,Manipur,Tamenglong,229.08530177636985,39.71946132305749,327.52300199573455,-2.587499807824543,-1.5377835432172509,104.14149309457308,3185.3731159465547,2124.955172038569,108.92006849715844,21.249731095007927,35.16034168845276,43.58992721653931,4.253658641762943,1.076786366063237,42.914268590746296,sparse_forest,0.5038094795652841,2.714585161833998,0.7814618382164911,0.8165722151827555,0.05,V,218.1531056255182,2,07/29/2010 11:00:00 PM,downpour,medium,1
25.499786830377904,89.64081239871943,Manipur,Tamenglong,825.3692872804354,22.13650283132264,70.30648790908106,1.7427966499762817,0.5409708131161162,67.45058125816928,3085.865350996669,2367.9813992696054,33.776493824788076,30.82259997906998,41.89241155707836,27.28498846385166,0.8231552577907139,1.4963326953381355,43.230346339910035,dense_forest,0.5533234891149202,0.17367106611578179,0.42909825497213716,1.1327607462136462,11.02917613004152,V,77.92680724042808,0,,,,0
26.09718570240821,94.5082300487003,Nagaland,Dimapur,548.7337136716516,47.806379012424806,201.7157448544738,-3.1698826636318014,-1.2768350290288586,129.0464648254597,3401.770781882649,2802.499430809159,75.01865837524554,31.39485593340248,34.31709277696074,34.288051289636776,1.3311743074629063,1.249107979011564,53.793908325937814,bare_grassland,0.2447369647087813,1.3036808862731484,0.07553527501926129,1.9968524481201397,23.088479910636774,V,273.8894407280594,4,06/24/2015 12:00:00 AM,continuous_rain,medium,1
25.86967032107742,91.95575072883486,Mizoram,Lunglei,550.0364389669168,15.664411311970724,191.81689131311134,-0.7879933665527776,-0.7966389894717409,60.7093296383912,2845.147618598252,1971.2682319141459,81.58258061334244,19.40468108318819,23.349876852588775,57.24544206422303,2.4776653910071036,1.3887510283556654,28.536027129026635,sparse_forest,0.4974614742178231,5.999287444817878,0.5177040334063208,0.6176754401798106,2.696652318729723,V,527.0314291235072,2,,,,0
24.393605476658376,94.34681638273698,Nagaland,Dimapur,137.23855667321095,0.0,347.1334486697475,1.3007276234030343,-0.11524619221850513,13.082195687502825,4429.014641334223,3713.543799942506,47.13175012038454,18.448649123770803,39.63548516828175,41.91586570794745,4.709323430593311,1.5857467526876792,23.22972917423824,bare_grassland,0.5850444383360174,1.1710057954103368,0.9809348660825462,3.0021999911032387,4.452186310513111,V,171.5358388874587,0,,,,0
24.83359174188696,92.34527435758383,Assam,Cachar,1116.836089184505,51.29124436727216,35.089564669074,-3.318119232944923,-0.4037528709393784,119.41315721322721,3240.2848404898946,2558.1697191072053,150.5693834681773,35.81687523923135,31.103571263669835,33.079553497098814,3.0536165783499247,1.3638807416136987,46.66416930023402,dense_forest,0.43222197281965413,0.08683812466973997,1.7911223695448997,0.6805214531531387,0.25996481262207016,V,566.3388791596534,3,05/09/2014 11:00:00 PM,rain,small,1
26.135172319547426,91.65365554330575,Assam,Kamrup,650.1885444306265,37.912680783325854,197.86395515774797,0.20044335561947335,3.1407763793017045,139.27558789643092,3690.489691445445,2723.527845475561,76.66545880418496,32.59698232819739,35.815907294318876,31.58711037748374,0.279408774803693,1.2379572344363137,51.09391223242051,dense_forest,0.46931347779808474,4.345249932602763,0.2992620309625498,0.3225533527333444,0.05,IV,209.68863165523663,3,09/01/2015 12:00:00 AM,rain,medium,1
27.35571245817729,88.76003515205814,Sikkim,North Sikkim,1882.844858001742,35.37769994756842,23.473165788231363,-3.7885782027084196,1.398528663830396,116.58604772329221,3288.6143644502017,2602.1823654504005,108.40513410188147,25.9689380054309,15.14485731443504,58.88620468013406,0.683953316940628,1.2457557815649265,26.752969454141393,bare_grassland,0.3841109882383621,0.665817875011436,1.8472902613276951,1.7771086636222424,5.096635802384255,V,396.1486649193006,2,06/27/2013 11:00:00 PM,downpour,medium,1
23.424466261564728,92.81803554637204,Mizoram,Champhai,2676.1820357154656,34.122676472194534,348.09654610791597,-2.2103195547756758,1.3082466248865616,144.11485363846984,4424.635872814426,3484.870381695733,92.90009497820732,27.689904580711577,29.34626746047266,42.963827958815756,1.5917018669622462,1.1697444455410022,35.647088876697964,built_up,0.2916611298225562,2.0544971849017566,0.9314132441738315,1.3842145300313515,0.15863073020380614,V,37.172599335720975,5,08/28/2015 01:45:00 AM,downpour,large,1
22.71389449560377,90.97094429715789,Assam,Nagaon,1002.0492446055968,18.096996022455865,82.34614833932048,2.125568892963004,0.9196248554638216,58.52162445814893,2019.919493147846,1440.5499457107746,45.841483699905275,38.253366795136515,33.00395198769911,28.742681217164375,3.851378871191029,1.4191899043810527,33.04090904161455,sparse_forest,0.640209465819228,1.350284661182097,0.8170506708831079,0.6839393671780848,3.294998167607669,IV,115.06560367443599,1,,,,0
25.75740740324468,91.658340154754,Arunachal Pradesh,Tawang,513.6652049457352,30.15227189280738,217.8507065290153,1.3649202831759852,-1.1819620272375189,120.60254395929447,3413.7792409586355,2664.252823427839,127.94410649345389,23.607418676208134,28.31179683024125,48.08078449355061,0.3212514010892498,1.5163171260422397,36.154579529585796,dense_forest,0.4982951635958941,1.6816157633310571,0.886839683449122,1.0571995555199911,13.190652423077303,IV,43.50197026187493,3,,,,0
28.27597837281771,91.88706507832501,Mizoram,Aizawl,735.7612195105721,13.287778211793901,268.3944487317988,0.3198062560742111,-0.7556888018460048,54.19468589936225,4629.629413354176,3175.6505809010787,43.03794401548973,21.218416122441788,36.01166914389318,42.769914733665026,3.192330129292128,1.2637612349937468,33.44631692781873,dense_forest,0.20006696477060654,0.7701208268183124,0.681947041055539,0.6929753763904933,26.02422405795917,V,98.29001603779045,0,,,,0
23.55444429417013,95.86450290028648,Tripura,Dhalai,744.3720822121028,19.469724306683112,125.3228869587802,-0.881459244771652,-0.14453990082052084,45.8962083226065,4078.276222926214,3279.080265296681,31.470494121588445,19.453156675567513,39.5234028619361,41.02344046249639,1.011413044482816,1.041023019216108,24.354528035040943,sparse_forest,0.4115141437333124,0.09520784735097021,0.35397348518240535,4.252721657261334,0.33538817448778224,V,92.6114751356232,0,,,,0
28.116665994639852,92.33103696725378,Assam,Cachar,1474.513921179459,13.786836207926845,349.0641280086208,-1.4191340174391953,-0.32002012381758344,28.364851010978605,4296.627247027751,2967.7817438565594,81.06122465134794,37.677918705250505,25.597815496432155,36.72426579831734,1.3977732739364421,1.3753311955172884,29.691310996327818,dense_forest,0.602233418523611,0.25155308022283335,0.13745022067996734,3.332093440704287,1.8477254130728633,V,88.54824380273209,3,,,,0
26.97793800742237,90.18762643472806,Assam,Nagaon,1920.1110963609578,10.447939368390003,310.3639600965666,-0.7134366967444367,-0.04341672295750282,36.21927317745689,3015.6441649301696,2558.3236419431764,68.54860249050414,37.48226093163657,41.915252286582934,20.6024867817805,0.7297392809751824,1.4860554784361728,29.070753936254413,dense_forest,0.48145066867102126,4.529022000050242,0.4668971366264607,2.3347920040434262,0.583154161193321,V,232.28662567107105,2,,,,0
26.03675982274737,91.88893663685013,Meghalaya,West Garo Hills,2005.6077748089492,34.48409848093392,196.8098506611086,-3.391172574518715,-3.475286951026507,94.6011563938302,3159.2343269250796,2321.7999965510476,122.35803151562607,34.82716787412031,5.0,60.172832125879694,1.4021044567632523,1.294455843055978,33.00268811555612,sparse_forest,0.662041162011712,0.1884582105391567,1.5694754599474479,0.7240786028566103,0.05,IV,97.78198341671282,3,09/05/2015 12:00:00 AM,unknown,medium,1
25.966118030518405,96.68387199886585,Sikkim,East Sikkim,375.48901361173085,24.99917329324075,55.15263022382441,-2.462484896971176,1.0888595314136766,61.85953894922625,2622.0735577860864,2145.521380351914,71.7501367908263,33.24149407637744,30.871500239827753,35.8870056837948,0.2,0.9154952959793592,37.965943551463226,built_up,0.635735709945777,0.5089030833894175,0.09981638560372671,1.946376397571714,5.477079951311399,IV,77.37782961403386,1,,,,0
28.67799753108277,91.24386370436777,Nagaland,Dimapur,1325.8221823346648,21.781044390068566,2.480173895525599,1.6309884880714771,1.8254651584080004,65.91404570909745,3459.539876434231,2647.0138436525563,69.69616880608254,14.096377500077434,38.02532456516463,47.87829793475793,0.8664592385289459,1.1514632126008544,33.888029990895134,sparse_forest,0.5141386976189738,6.886995875760448,0.282981512926397,1.4413429249093905,2.2537344197922073,IV,339.9406615324069,0,,,,0
25.755877393424093,94.44963217513926,Meghalaya,East Khasi Hills,3082.8604497830743,16.30652306266599,331.19267371120236,0.3324500629679316,2.3533041755579918,79.47696538137512,2908.3331192562964,2021.1087048501881,52.172897564271196,30.308354913695464,5.15789232620234,64.53375276010219,5.3572714256508815,1.1456169461600512,21.24360634492576,dense_forest,0.6405863367868079,0.9579493111865012,0.9757462868178607,1.1770371944230547,1.7507273932913983,V,108.05486957737276,3,,,,0
25.502333141259893,94.17243517750241,Nagaland,Tuensang,1286.467262735369,22.14722596615298,263.5137381244406,-1.7636208801911195,-0.2333492470595967,71.34118209368245,4227.136989830232,3109.032642248682,71.80286132630754,42.19899401911043,51.47541751819027,6.325588462699301,2.050328796817313,1.2677587946857354,51.46874235712982,cropland,0.4235219099938588,3.46890769896317,1.5226453500833046,7.090099909928764,2.3816664337971254,IV,226.7251769163636,1,08/27/2010 04:30:00 PM,downpour,medium,1
27.358851418984234,88.54879708870264,Sikkim,South Sikkim,2771.618845740789,40.61872354227309,208.4506365389726,2.0939420070279926,-0.47771116522947354,100.03945170282643,2899.896671076942,2463.267598904695,80.65959155174218,19.45384491768353,43.9985253680505,36.54762971426597,2.1768715902509057,1.31557676588582,17.68219064282564,cropland,0.602257382397621,0.26177367231968285,0.8704215514764067,4.244437589355671,9.005795990546197,IV,260.7285967656993,1,08/27/2010 06:00:00 PM,downpour,medium,1
23.992204679317187,93.1096207787944,Arunachal Pradesh,Changlang,1347.7398765955763,12.33548838218163,268.5876490425346,3.6781341332783484,-1.4105453797699998,42.23957178372552,4200.238955295636,3238.5622080661774,67.13789445462388,21.993929214181062,38.09377088117992,39.91229990463901,1.928521147373314,1.0381646047445108,22.886121653915577,sparse_forest,0.3433343477979004,2.3339003396138573,1.2183880309677546,4.827246222481312,12.336550244458069,V,115.69399425223439,1,,,,0
24.59988782976595,92.30586367910259,Assam,Sonitpur,1378.0843378016666,22.182412096469733,318.76762950087107,-4.309080285602099,-1.0446403849592771,82.45208229306765,2339.820556048812,1626.4171688200101,80.3217499812936,29.576600304911143,22.309858749437392,48.113540945651465,2.493393153983262,1.0940295689011963,38.621093232423405,built_up,0.5842438258592726,1.25355150669573,0.9019551980092377,1.9846233989752007,3.496936409736675,IV,98.3910284637058,8,06/03/2010 05:00:00 AM,downpour,medium,1
25.84111222089085,94.53861611962947,Nagaland,Dimapur,817.9552534988353,33.132678350460125,86.26886337190962,0.2811516520661471,-0.5628318994246237,142.06441800790478,5406.808452057317,3652.089521894095,88.72049900050354,33.71888226043992,39.45331912394824,26.827798615611833,0.4416315593318691,1.401607302296794,57.65553707351593,cropland,0.25943299631638583,0.09561934191432966,0.9353126181526995,0.8377783727891064,0.05,V,178.34798108930255,5,08/04/2013 12:00:00 AM,continuous_rain,medium,1
28.804293547906035,96.1217590769414,Arunachal Pradesh,Papum Pare,918.2197911773354,21.00561285929944,20.647032484092627,-1.8269198565967293,-1.2405335541156388,50.59496739586803,3771.128171679182,3078.7334800335634,145.8124847849034,24.684520119121732,33.12659191580321,42.18888796507506,1.4706848162250334,1.231959046982323,44.400915431717536,bare_grassland,0.2646130058508753,0.668636663813446,1.2373654167248125,0.31444722640201433,10.340792508315078,V,128.48893044266777,3,06/02/2012 12:00:00 AM,downpour,medium,1
22.625938617227398,94.09423881644923,Manipur,Churachandpur,1131.382148367884,22.043572241290473,156.56538759987598,3.4874162963585467,-1.281927306089978,87.31029472770311,2460.2071620322126,1748.6894924552394,59.35108810372144,26.073936139489234,30.514402568408965,43.4116612921018,0.8946041629852878,1.523568170457986,32.34546214235748,sparse_forest,0.65440289701585,0.13646614887305722,0.7328370150601646,1.6028432026864536,2.486465792854237,V,281.9510530846494,0,,,,0
23.034339151677813,89.241849666262,Assam,Sonitpur,857.4199808490608,26.67519980979563,210.58086045828853,-1.3968748900868215,1.40294169672361,130.48230715798988,2465.357937414414,1907.4455173951344,47.50492131941617,26.11809085203088,51.26231134278811,22.619597805181016,2.875582792729386,1.3278808646138407,47.83922948452642,dense_forest,0.3495301913359894,3.1687202881977505,0.05,0.5890208238151661,5.296685261622536,V,160.59323431214946,2,,,,0
28.38176345949206,95.34192024715708,Nagaland,Mokokchung,572.3247624996063,17.283266460920945,333.71320983368616,-0.4555375948712472,1.925709317450359,49.76146719077042,2857.9040053819394,2182.1232557320586,82.85936938005904,37.42931238201359,18.578438683179016,43.99224893480739,0.4094629241188484,1.174045485488236,41.35370267630616,dense_forest,0.47892704933166,2.6400835961883753,0.9391972982854263,2.0425436274579436,0.16580688190847226,V,181.3482704712606,2,,,,0
26.98276881786327,89.61952367890088,Assam,Karbi Anglong,2153.502884246836,27.73165851915612,289.7284731837254,0.1336290449972883,-0.9407332134521122,132.48043075003056,4625.319488776646,3646.4016267522024,30.87616601873112,32.56294348636209,41.79154614733275,25.64551036630516,2.1446142169284697,1.4368085884979163,26.198704107103655,cropland,0.780614651078774,0.06643831551355299,0.49780725535485976,1.1385174081394542,0.38248932858699036,IV,254.5653332235689,1,,,,0
26.160383662332514,91.76600990668423,Assam,Nagaon,742.5320620367963,37.636580620648814,36.159104553170714,0.587476765150206,-0.6108014267230248,145.2278301681605,3025.448281878589,2120.1588048089843,117.49827053905065,17.638946874250244,36.042033458190424,46.319019667559324,1.3805739553437844,1.5427351464769006,41.607444641351414,cropland,0.5951749659167436,1.1499427493592753,0.6529594956289249,1.2218650846932426,11.09824025718329,IV,165.05198662443053,3,07/14/2016 12:00:00 AM,monsoon,small,1
23.35135536456752,94.97244521673952,Nagaland,Kohima,365.8406585700802,0.707228897159407,81.65274039446972,-0.10826500344633375,-2.066460013353865,0.0,3002.5235621084166,2055.1215865377508,62.270249356258546,32.034671058762925,33.757861199770765,34.20746774146631,1.0064615057094382,1.2462364552273626,21.61657062530177,sparse_forest,0.5417884602562711,1.4885225448756954,2.135372798055382,1.2343396901684534,18.573179852249005,IV,114.95591794935329,4,,,,0
23.65246134133661,90.00903024600215,Nagaland,Kohima,983.0834298162338,30.625437086509592,37.45480030616946,-0.5165335717851327,-0.6448112698433976,75.709436978479,3294.6538273759197,2286.3997407360025,54.325902369119156,28.08630641937103,44.73767723578626,27.176016344842715,2.2822296591533133,0.9686970427552781,38.050646558834046,sparse_forest,0.8270142896145825,3.8521325215832176,0.3667586602218802,1.119710237785181,0.9403586706210694,V,251.88080928685497,0,,,,0
21.824583177882957,92.30269499396574,Sikkim,North Sikkim,407.16451432041106,13.626173240979854,23.405875323601776,-0.19686782683271434,1.639893922866985,36.058237893629745,3243.100525968733,2214.1343880466356,41.429296793264115,26.077418068314824,38.17833439338083,35.74424753830434,2.7166252388107037,1.6205211015762107,55.90466271953651,built_up,0.3947143394686951,4.557523729758746,0.65855254454787,1.225726220383611,3.5355239609170526,V,521.2477590921255,2,,,,0
24.062337449294123,91.45845892305162,Tripura,Dhalai,927.0549875806763,20.366341449842338,240.71400696488908,0.23060787051722054,-0.3934555725862921,76.46681904009088,4007.601957475224,2653.8287533613584,115.8463949936353,23.21188749386036,34.87988215279231,41.90823035334733,3.3513748697425862,1.2755710382713086,46.11615652144317,sparse_forest,0.2753365042344067,0.5744962666116871,1.1252506611918196,0.9807121757685824,21.619653565603652,IV,77.39049776720604,5,05/08/2013 12:00:00 AM,rain,medium,1
22.56790426466871,92.3205347752877,Meghalaya,Ri Bhoi,561.5293706499085,5.13785365445373,95.58451905652042,-1.2458077988573548,-5.0062025281123965,34.08713248812302,1877.2772044538367,1494.370475868247,111.7663259557047,39.486150253269855,23.680709367962926,36.83314037876722,0.825441003380175,1.3480141027157926,32.86425308258808,dense_forest,0.5524283352113797,9.670274658976364,0.20760752287985482,1.5142742154263475,1.1844503539765345,IV,150.42825933891893,3,,,,0
24.687781520734745,91.39870632275515,Meghalaya,Ri Bhoi,1797.065630942639,22.187794996461058,229.76594974556266,-1.5391915893810062,-0.4183266315469308,72.82259751325869,3052.3268824647876,2311.764141859781,34.40766813442778,31.144354378094278,28.609219654597133,40.24642596730859,0.24405287659567912,1.5635098608167155,21.63366134512043,dense_forest,0.5994483523997772,2.0325370046336237,1.433022862247244,1.4717124282702732,5.482088031609823,IV,240.1081559478412,1,,,,0
28.996118593061087,94.90979843198907,Arunachal Pradesh,Papum Pare,3558.9010002632226,23.41924889319909,271.9948136734683,-0.5798961615224861,-4.357551369844162,68.60559915092797,3565.3746452484634,2448.356733806872,67.00019090405677,8.855421349900091,10.5451928620881,70.0,4.613425872560616,1.3209458548721391,44.661908586670684,cropland,0.12576499193171742,1.3051751543765875,0.882414612945418,1.612141333537198,0.05,V,108.32584636918538,1,07/05/2012 12:00:00 AM,downpour,large,1
26.691052284423247,95.00304128749093,Nagaland,Mokokchung,244.12992656526282,5.882488887303424,198.9169893794304,-1.351432890010852,0.07617482556578903,18.13488317464603,3093.4700675220924,2271.7514685661504,122.44061871999838,44.46681607461882,46.538000959592516,8.995182965788665,2.5408640030280796,1.3352142329325707,25.801126709496195,bare_grassland,0.46687254208371765,1.1152206695723124,1.0829242349505326,0.46839857985602884,9.578334567255897,IV,272.4514094304645,4,04/19/2016 12:00:00 AM,continuous_rain,medium,1
25.732644411115366,89.88111252127587,Assam,Dibrugarh,946.3036989698377,27.977216668352167,100.39592024681251,2.911104524932453,-3.4199808489573202,117.72961298850824,3005.343169846394,1981.8875616110238,69.21887801337388,33.29215301344928,36.09140724332648,30.61643974322424,0.8238556595036565,1.1239955077475512,46.372322851967525,cropland,0.7254368087637021,0.8371585593673795,0.7229486640447349,0.668187184624518,0.05,IV,131.04515208630963,1,09/23/2014 12:00:00 AM,continuous_rain,small,1
27.31208100671353,88.55717873193102,Sikkim,East Sikkim,819.0201452315001,33.66440891895529,27.035338688456573,-2.3426407859936105,-1.169585062781398,105.6532725900041,5370.452711332657,4184.157257048485,74.32681139602819,26.9746334346971,17.517205114172718,55.508161451130185,1.7447009561193638,1.3742879434016044,36.104225315500685,sparse_forest,0.5475605017095725,2.685348370776368,0.8098094008013865,0.7810499357935942,0.9864196671180512,V,296.9431046762258,3,06/14/2012 04:00:00 AM,downpour,medium,1
24.905321851051617,94.71164016111537,Nagaland,Wokha,1416.1315425949113,20.357413894230223,128.83360338147742,2.5037244614896066,-2.3784034487375805,71.40788401355503,2781.69719729377,1848.6731303601289,78.35820260166844,13.718310872761997,27.007714791355262,59.273974335882734,1.7318503949955615,1.3726538480093242,36.016135361214324,cropland,0.5827753084463485,4.006652971537605,0.3449191622201955,2.9183610006960277,0.5647885528885753,IV,73.59530532502345,3,,,,0
24.700567555906364,93.41423521981,Assam,Sonitpur,1715.13654246221,25.550686572871527,344.3692756408188,-1.2402860320358498,0.2510959799153268,125.75123042028187,2844.9540984718806,2307.4084114749776,178.45208992654946,52.55106628976843,34.81914076645566,12.62979294377591,2.120479470321304,1.5363423077626075,33.74484802775506,cropland,0.40019855437304425,0.666573300928556,0.6118058701135853,1.7709587307868004,8.164480400620258,IV,126.63976213643784,2,08/17/2013 11:00:00 PM,continuous_rain,medium,1
21.599646488463943,89.23343551013832,Meghalaya,Ri Bhoi,1167.1667613266852,29.93471325960341,219.6217865793427,-0.7885129207140654,1.0183294797190183,133.97925269747745,4537.11716420253,3532.0674389127576,96.00279188280213,28.98873208808373,50.93806575504978,20.073202156866486,4.967629256589358,1.356402383466584,35.51403204140215,cropland,0.5047374311903386,2.616130440013739,0.4565315412107624,0.6997727869581647,6.288207381691988,IV,230.6495743030501,1,,,,0
26.137684534308036,89.7909448328113,Sikkim,South Sikkim,737.9641030144404,9.362580205712629,326.42205870893315,0.27960205689756024,-0.8183091939067333,43.404957722812206,2927.446275919241,2459.245691114852,41.61749698989394,30.231486071603374,27.78918423868081,41.97932968971582,3.648983795569647,1.1241790894896906,23.18710845511965,built_up,0.5341039030187713,2.753971791876001,2.0576270731482675,2.118754517991935,0.3641425593749782,IV,85.88534045845371,2,,,,0
25.200986713147554,93.98777960007551,Manipur,Ukhrul,1810.205556791511,17.769069133950183,282.1754883276063,3.0123259606860353,-0.3879736567553368,64.25665769469829,3350.38731179143,2422.831188666353,94.33678992859791,37.81267988703867,21.122295768833524,41.065024344127806,2.502514953369692,1.2907193031934145,35.076453567391006,built_up,0.6806199780778086,0.020052056719863917,1.4764456293682746,1.2833536676639115,15.188298418372401,V,85.61108702076511,4,08/31/2007 12:00:00 AM,rain,medium,1
23.453590966263334,89.9032712263356,Tripura,Dhalai,545.6367062143586,24.99269360813652,160.9803452767418,3.0302117759605323,1.200132343866318,94.87928573058781,2840.585684628527,2348.3657287266933,80.95276141008125,28.00148777103756,55.09852666965338,16.89998555930906,1.7853885102055294,1.3350337745380148,38.45798231500416,dense_forest,0.5366762583315132,9.584449149250466,0.3996885302514612,2.3014188958452197,1.3250010888044463,IV,89.14193007538212,2,,,,0
24.05905424545945,92.85968970800721,Mizoram,Lunglei,778.3976312848811,16.514634990250705,107.54513828829732,1.2086541388220493,1.0536199031425173,58.29641598156977,3704.5170138417293,2437.614123753488,78.31314151242069,17.281689659249892,22.66007503153672,60.05823530921339,1.839787254572783,1.234789856408479,38.20466749994556,sparse_forest,0.7279034719334913,0.2805399137888164,0.4061813764981457,7.574188728297785,22.70837831993634,V,144.46925042580355,1,,,,0
25.02989447458432,93.39385218331888,Assam,Kamrup,834.3774235289937,2.9021281817315874,280.93407293660596,-2.4080276114823578,2.627232625112943,11.37320327452197,4138.330929427582,3093.600968543962,76.8744230718014,30.438216745090305,38.98313531799346,30.57864793691624,0.9292152644986804,1.4739956716510592,48.272745749504935,cropland,0.2830693961998155,0.3312866279936634,0.34367475864661534,5.190507423391848,2.4249167274522225,IV,100.50144028808947,2,05/22/2011 12:00:00 AM,downpour,medium,1
22.586162447887997,91.66311268843847,Assam,Karbi Anglong,1669.4902042708336,18.153448578291833,56.85571711767345,1.8453347436403733,-1.1416782760254722,52.13218886609536,2453.8799350963873,2016.3396229899972,62.54377088130174,25.500296057385576,47.41822469341684,27.081479249197578,3.0615773199706475,1.5874427124210846,31.253823891577596,sparse_forest,0.5416044077382381,2.386404456973736,0.21237408610990666,3.1620088688985932,19.57567125750618,V,203.38086962132098,3,,,,0
25.450523412005552,94.13320824686586,Nagaland,Mokokchung,1696.4454279409272,55.56408471779815,178.58110349525722,0.5397283938534765,0.002357044218072757,191.9983215437987,3981.181684920404,3157.467033421747,123.48104935006324,38.793497851117245,43.27717100259136,17.929331146291396,0.8027420415920042,1.2345170371613317,42.80643046129518,sparse_forest,0.441240391241446,1.4173478821030365,1.153136789312432,6.04758736609596,6.116567463179329,V,166.38330602776625,5,10/19/2007 12:00:00 AM,rain,medium,1
27.784379494833495,90.72996571796634,Manipur,Tamenglong,1236.446090783201,24.47529484980482,149.7636955683204,0.4850901300765852,-0.9825829153954646,83.2125396957177,2014.7427501715556,1648.728581739258,66.84754281451416,18.520550590893475,25.012208131203103,56.46724127790342,2.3980991387106707,1.4573423688996503,23.85528220849927,sparse_forest,0.7207872616694377,4.043116168433072,0.8589407547730993,0.39305238114315383,16.987126939720355,V,72.6769023878076,3,,,,0
27.79758043683981,90.46382524327377,Sikkim,North Sikkim,2575.9025710477295,26.54226409047385,177.4255194212746,-0.9558892728510384,0.8848505846761379,87.04001806077001,1994.4221046691669,1671.4368216129988,43.37539808271266,25.087544293790756,40.95095107759991,33.96150462860933,1.8088264055790475,1.2517536790375203,38.68349346123028,bare_grassland,0.6278036520773194,1.654263330771256,1.6874577271168492,5.592952031383397,3.5851007326133506,V,140.7648262822168,2,,,,0
26.979049719220395,93.71191249688974,Arunachal Pradesh,West Kameng,176.8177460440183,21.089785886617612,50.940348736169085,-3.0825307954084815,2.8653059817773467,79.25741571126034,5046.943274490454,3891.625547136525,114.36724415533297,37.02381036290727,22.658004106139764,40.31818553095297,1.4715790519943035,1.083831307390248,32.33071138350378,cropland,0.5020897505012343,4.378879740861348,0.5100529078990993,0.7351198289519383,2.8774149558463993,V,153.01269766591415,1,09/10/2010 12:00:00 AM,downpour,medium,1
25.089498681674602,94.38236297201013,Manipur,Imphal West,1156.9235825741391,38.19185800933782,241.58378759486195,-0.7370120436872831,-0.5453405773994897,155.34511605650155,2920.696016526807,2060.1942903702657,134.84266502743714,33.73872807677403,34.44076345027359,31.82050847295237,1.2075328106313166,1.4753297185441359,42.794796991072374,bare_grassland,0.016262770230409063,0.36599320824415676,0.5858230564681692,9.668850786847823,5.3955701933675435,V,147.10771453045996,2,08/01/2015 12:00:00 AM,continuous_rain,medium,1
24.601911263402144,95.63318239112166,Tripura,Gomati,2395.2566166721635,17.350780782940966,311.56555783875893,-2.297688549322391,0.1779732339105206,50.83173567718118,3362.1520526074437,2699.231819874822,44.51938875543608,17.899835653570833,44.48957986457057,37.610584481858595,3.6975581618872067,1.653298940064672,38.274696479259745,built_up,0.4821296836479504,1.182963609982457,0.8126600907844793,10.727151785161277,21.48926735958131,V,205.5845843036738,0,,,,0
25.709245284134404,89.60767253300241,Tripura,South Tripura,629.1282466123744,21.47437723748614,290.64138702973094,0.5280386179305199,4.275743633336228e-05,71.63629473434165,3166.3756613071287,2250.810478501246,165.8485685240388,34.71283614935459,39.64912754943609,25.638036301209326,1.5151924554444032,1.28350134135499,39.13493277296911,built_up,0.4724764904511617,2.3892332633398503,2.4824387205214027,1.9842953960810883,15.044238936980578,V,86.13861458773252,2,,,,0
25.96730315190664,94.58207362887647,Nagaland,Mokokchung,1292.9650382955483,20.347032993782328,312.7753889168036,-0.7351219178276835,-0.5771241405494726,65.12524038300002,2206.373241447478,1763.2282415256698,71.13215606844301,38.66767788193766,41.3934515335454,19.93887058451694,1.3485060432778775,1.1487236024069551,31.80747429933512,cropland,0.2708949741164102,0.9734193864561882,2.4525413168190764,1.333578458072668,0.2920405629152423,V,263.03334054672814,5,09/08/2014 12:00:00 AM,unknown,medium,1
24.47245572733332,92.47748308937904,Assam,Kamrup,1372.157522619867,25.90743497496322,13.331551644163554,3.3360833220131596,-1.684920049946472,112.3124417121371,4945.731585204283,4029.3799119336495,127.35927076181929,46.62485866705284,20.275152539972456,33.0999887929747,2.0130525484147457,1.226363304007591,44.34734564484128,sparse_forest,0.351344853435287,1.5650036083672139,1.6641595360937664,1.3933411493538608,8.392575802550834,V,217.2069888980373,2,05/18/2016 08:00:00 AM,continuous_rain,medium,1
27.2847268748393,92.84863001682704,Meghalaya,Ri Bhoi,367.34778547302625,10.43862350607583,18.86518609473803,-2.5892233339315784,-1.447965944524235,32.54819538918772,2509.841173448226,1910.7736601168872,47.05867176920742,30.750969834886597,50.44828896403098,18.800741201082417,1.2275502670029736,1.4133470401521104,26.95484427850448,cropland,0.4818654439768447,1.0106834680771732,0.6192813637102704,0.08935521898496017,3.920076016835252,V,242.42898297057474,0,,,,0
23.762153125958406,92.7894730666497,Mizoram,Lunglei,581.8975086473711,30.230583227363393,313.48760864110267,-2.684992866902287,-0.9237321408102287,99.90419941785277,2990.854749699999,2113.039448636463,102.85641361806084,36.40985258746678,51.73568448442638,11.854462928106841,6.7712050451394905,1.1385408384681877,40.365624371367765,dense_forest,0.48003258000081594,2.521161975452074,0.48576233161366456,2.120277030458836,0.05,IV,214.6908059828076,9,09/13/2010 09:00:00 AM,downpour,medium,1
24.359657766919337,94.78860079876041,Nagaland,Kohima,581.1447498763295,25.580605089715174,62.74914011153127,1.1492780078932834,-0.31881433965833594,102.0818872629055,2596.4057661238785,1767.3776623198637,53.93899944859051,43.91629026570938,35.29498115769812,20.788728576592504,1.9201706442850197,1.3826325496058112,28.656938638928395,dense_forest,0.6520278652481294,3.0427719228566623,0.6528159741209301,1.1755621273781935,1.214511682955021,IV,109.24487703746118,1,,,,0
28.34527691534899,88.83117068911177,Manipur,Ukhrul,205.40710337316892,0.0,127.22917743534963,-1.0416475726158625,0.9512457417768003,7.911913231023997,3026.5764687564997,2013.5704576143576,84.56668927447058,35.72538131366755,17.17552632597078,47.09909236036167,4.397641944473976,1.434369996920183,26.928918371856454,dense_forest,0.2914386127354764,3.7003458988008697,2.7610466301538015,0.7855391142671275,1.63934684212721,V,197.525775301909,1,,,,0
23.3542718069872,97.49077273100337,Manipur,Churachandpur,803.0056189496753,12.571812846269552,10.944303205917368,1.8301105841609748,-0.07345243503593225,67.20387184561784,3396.801939656659,2622.1947442491096,79.84105490654147,35.954841744336655,5.0,59.04515825566335,1.9396990871707462,1.3053782993320246,29.88088939965253,sparse_forest,0.4565014015028143,4.776601962831626,0.5941288513267978,7.373639881177958,7.239279538014386,IV,247.34133550701014,0,,,,0
29.348355967465324,95.90603307327473,Arunachal Pradesh,Tawang,721.046277965119,24.474989777970386,25.355569415995433,-2.7510060051891108,-0.9876487746012701,107.07070331824386,3236.633658940257,2361.73959894751,35.9685027892267,24.188172632965614,34.95881056696276,40.85301680007162,2.5522802181348982,1.133000225191109,29.47447664190192,bare_grassland,0.5926032662244296,2.3425594650040202,0.23788586471843098,2.372512925493363,3.7580312125144264,V,90.85746019360876,2,,,,0
22.78210312729472,88.43542696749687,Manipur,Tamenglong,1872.0468057092753,23.449622382497218,136.94806671860422,1.3016290707171372,0.1890764241636729,96.93400941495669,3189.9402732144945,2689.5812977495552,64.45978709115033,28.08116737300098,30.62101734449751,41.29781528250151,3.1936075255979475,1.2364602981019461,31.38522318608662,sparse_forest,0.6250790040618834,4.948893346521304,0.4036429642521279,0.19130015642104758,0.9438428756845374,V,38.22038604994397,0,,,,0
27.117125110367365,93.78394338647608,Arunachal Pradesh,Papum Pare,601.1506748854538,53.688373792123336,207.28229270679884,-2.1384557411692193,-0.5343183624289483,173.27600478064534,1868.618315489002,1572.0361191568697,90.16484013981753,28.487100815971072,34.847469670746854,36.66542951328207,3.025488914412827,1.2791591862950251,58.77283647938923,cropland,0.29728477066843206,0.3544170186436629,0.5737988478223375,6.939622211494145,0.41878356772005665,IV,93.45886504706675,5,07/15/2011 06:00:00 PM,downpour,small,1
28.099881088075964,90.86575919973605,Manipur,Imphal West,841.692321835622,23.263554432574864,122.3046989320506,1.9434816946000135,-0.4833317120059344,118.9780109328674,3289.306041584337,2559.9312331708074,91.19585803602759,19.61564932553702,48.647825135811,31.736525538651982,2.1216520677409614,1.5338745951797237,34.16424550107008,sparse_forest,0.6166257308990079,1.1468764482288707,1.3884491323621075,2.827791860593794,3.6556660725576915,V,61.34299454951605,1,,,,0
23.69379690822806,94.34103959718136,Assam,Nagaon,2800.107343676044,17.12664808273716,56.492455249782736,-1.5488620979306122,-1.2863982516079508,53.51456000421129,2027.9186262719243,1354.3319609649297,43.21967364531558,26.095955043858478,48.43954439976612,25.4645005563754,0.9867812893696403,1.3215998842810504,29.835032052654967,sparse_forest,0.27701938603645826,0.33104118844704516,0.22027751971796264,2.704025505246412,5.252066873801301,V,319.60382526628007,3,,,,0
26.447674225373596,91.08966652320632,Tripura,Gomati,1924.5439887597133,2.7663009172494846,57.99138769129744,0.0724108641788677,0.9955598247565799,3.984032830992515,2707.229622203271,2035.1296455807353,53.86840154372703,40.69914889604219,50.224876489571564,9.075974614386247,1.4798582125850916,1.2425458636751208,28.920837851982082,sparse_forest,0.3556473433980336,0.6619199474659829,0.8556988892068843,4.231014086403712,5.886377295147614,V,88.60928147229043,3,,,,0
22.062683985530878,90.6976604884119,Nagaland,Kohima,1799.3698837143997,16.669697217651628,102.61232353575176,-0.9637700822910582,-0.03221041667377265,57.3623248646501,3494.3850028121487,2698.354954775518,59.83316296265704,15.700395435881283,29.49137932681682,54.80822523730189,2.3445319853936994,1.248106371242197,37.87953641496313,cropland,0.4280808705831796,2.6519503166388114,0.1526260152001398,0.33476737075454427,11.472678886294414,V,156.75294383948048,5,,,,0
25.739236757405727,96.06863111161425,Tripura,South Tripura,1114.900741924647,12.408563514892274,358.09777729064115,1.3970588933578285,1.3328582783212402,61.04433731475993,4350.567157538109,3249.54626383887,69.17059345995193,20.505930352925994,23.151576584299864,56.34249306277415,4.994672892304013,1.3323322213526474,34.04637699099248,dense_forest,0.5272571987643786,0.7210040937281579,0.15137072391083572,2.60121166611786,19.24390330253566,V,177.07390265823187,2,,,,0
23.947004975542228,94.23628611140593,Arunachal Pradesh,Tawang,947.9598071829081,11.07781610785802,52.63673290879903,-0.3966789077825428,-0.633433767891356,68.10932324869799,2953.703600148786,2428.752649442379,86.63546600065042,18.471216188988084,28.892461038930772,52.636322772081144,1.9707267196094378,1.2447637425786244,31.81705584924179,bare_grassland,0.3909645011566143,0.41738438882152773,1.6996096259110325,0.043400246313013535,2.9660175244973757,V,312.8603412297675,0,,,,0
26.03040890673333,94.4242780884211,Nagaland,Wokha,2920.8858420513266,34.89692181225856,284.6518790832932,-0.09475634544974354,-0.20768285537715392,133.9011886488767,4448.444467054407,3383.8338424911717,103.132832975559,38.04570099793482,21.701838973302497,40.252460028762684,5.357996325690206,1.3511113963549592,42.749743515234385,sparse_forest,0.3083993119533583,0.02179907015515189,0.7925328273912661,14.121026913854424,0.05,V,295.30583588501037,6,08/04/2013 12:00:00 AM,continuous_rain,medium,1
27.530148116308723,91.64510148947954,Nagaland,Kohima,891.4756982345749,7.259962227315238,124.33273945784717,2.610537826344629,-0.040511238481926004,40.51878345347177,2364.506435036913,1949.3265268664222,50.82278309871783,25.296419763388858,33.67905929846653,41.02452093814462,0.6044903707121155,1.2709308178686871,35.46552281953787,sparse_forest,0.4734777165879622,0.6505408409475999,0.4254487373812163,1.347789639392409,20.94374268623313,IV,308.1483507865625,2,,,,0
23.16852117596418,88.44474864162378,Nagaland,Tuensang,1240.2409408421709,42.96817602782228,207.13648204991296,0.3159587354579958,2.1902136145116393,167.64673624147767,3339.541714051147,2551.6943321927165,36.085714205295844,19.53402682951946,47.35568364702819,33.11028952345235,3.396357518993831,1.0482699632382693,33.145154564249175,dense_forest,0.37970580230535833,4.0746889130042,0.9262095916947941,0.01,0.05,V,178.72980113770154,2,,,,0
23.58194500565844,91.40034571700872,Manipur,Imphal West,1735.0629293095665,25.732995027377385,331.68990603681925,1.8131278984816857,-0.6175470789300275,75.73786316527703,3710.2844176823214,2518.9487866138656,106.51406572091865,39.26718757333279,31.674757726670126,29.058054699997083,1.8093712521778107,1.2395788951826525,25.773653671057016,sparse_forest,0.8163241204800075,0.6212546912732654,3.2693253766021386,0.027261959859354992,2.592204788886402,IV,116.87188475088104,0,,,,0
23.62313056698683,89.52111534557193,Nagaland,Mokokchung,347.8106139633074,18.56961871322065,77.49642478007345,0.5506275932474939,-1.1537942076607781,52.182162906962674,3928.886393700418,3204.745338277429,63.39578606856644,25.961790198383202,26.55585817996711,47.48235162164969,1.8952112375232408,1.3983649343670357,32.635043814143614,sparse_forest,0.5572699132392054,7.994930289594258,1.5037074257391154,0.8202467699861384,4.959209368531054,IV,15.282474970052313,1,,,,0
26.88616739582261,89.04198469442862,Meghalaya,West Garo Hills,819.0333379989471,11.915640037203195,92.7547486890877,-1.4301837857278432,0.016389324126058126,61.982416694438356,2027.4304200074737,1424.6121896485536,41.922282756661176,26.453527631069083,36.42329183269918,37.12318053623174,0.48496274802239997,1.0978062773497073,18.678579883085696,dense_forest,0.40517922055562605,5.551621629600266,1.700801010834798,0.6749140619735245,12.405895504566699,V,190.5813619133961,1,,,,0
28.574827218678973,88.86356193878345,Manipur,Churachandpur,3000.6874799802276,19.02436735048256,108.95844309376406,0.21884501783049837,0.4321679136021983,62.8765746975555,6114.260993592748,4109.824857161247,65.14893448544797,28.62141885633283,20.06899061367014,51.309590529997024,1.2715501689870572,1.2003826038582417,42.14715475390626,dense_forest,0.49055281353822044,4.168487490699671,0.3170817814261296,2.849354436222016,1.2604830254824049,V,355.55678026663895,1,,,,0
29.369738897223904,93.72665724107065,Arunachal Pradesh,Papum Pare,1376.4635983585936,24.424913315072462,224.0766990595516,0.9122509811680897,1.8644057388289526,101.94423750083432,2707.054486792166,1810.2510325879841,45.62632405778889,38.79868067302991,24.908479331241935,36.29283999572816,5.764421866065626,1.3166510829071765,32.77341432429313,sparse_forest,0.30586563140162726,3.7815990502537575,0.436704887063652,8.782771192563814,17.159366317859114,IV,154.1662230773844,1,,,,0
26.139048774890323,91.72015790444773,Assam,Dibrugarh,3346.0752080916177,33.717206336448015,257.02721792665045,-0.33309194838313655,0.5864541282617264,137.3413617900396,3517.7897503117306,2528.9723542982106,83.47943441493823,34.33207362129474,43.402067221692256,22.265859157013004,5.089858776479681,1.3270429678895865,46.051680457416815,sparse_forest,0.26979026564271935,0.4929398999943536,0.21784693149134277,5.864416511953554,2.399127644033702,V,147.50964669308726,5,09/22/2014 12:00:00 AM,rain,small,1
24.623284015854942,92.23056131499908,Mizoram,Champhai,1213.0541433099006,24.26269457454797,82.90333734638138,-2.3503765066446105,0.607408130557318,76.26941247149284,2899.140038759282,2414.203530936936,54.56795750377092,28.081649475661543,24.755534634118213,47.16281589022024,2.711756093528401,1.2489824461009431,15.276049190718357,dense_forest,0.6451387837547475,1.4241647480043458,0.6518938489571297,0.2550873843738159,3.072780397386682,V,298.63284924951364,2,,,,0
23.064046935225623,91.9991826733938,Meghalaya,East Khasi Hills,484.25490921353594,17.256723958831955,126.85382143934481,-2.4713301733458892,0.022456735352347375,74.90525999499029,2797.344076215695,2107.057069549806,190.0670619266017,21.122649278832448,25.461256949771325,53.41609377139622,0.48574421058540845,1.144003428767215,31.555717951661713,sparse_forest,0.567392802580441,2.4179542943059795,0.9996617652754914,0.883990676442919,21.18583562653583,IV,243.33966179918934,1,,,,0
23.87865944312351,91.76553323460547,Tripura,South Tripura,650.2339742963926,44.07122162519073,281.43000867435256,-3.349491506998365,0.6839767295832304,145.67820779938015,3870.361355245167,2786.388750051167,121.16250536072098,47.59413628514507,33.587293713582554,18.818570001272377,1.689876791651096,1.1869960030526268,37.60889143856093,bare_grassland,0.04604088738318518,1.3895293618399096,0.4878191018940956,0.8551161301443433,5.712447267212904,IV,243.09191847442602,4,06/03/2010 12:00:00 AM,downpour,medium,1
25.839986561242824,90.5762816046419,Meghalaya,East Khasi Hills,1114.9096484116742,31.799417667020528,119.66757422791817,-0.9241682757492709,3.7156477755184696,78.17083052435166,4609.813161947915,3634.999884890293,124.35319243203553,33.065372819253945,19.963926984878587,46.970700195867465,1.1308229540510861,1.1307659141966282,30.3363059180176,dense_forest,0.4478147349638055,0.9123826759344809,0.2384467106592762,1.6414834433617131,0.05,IV,65.43802645068092,3,09/24/2014 12:00:00 AM,continuous_rain,large,1
26.307444848948514,89.60050108219188,Assam,Dibrugarh,1880.960592865728,34.511263247136625,264.1914618093912,-0.9100907786087786,0.7682110862978679,124.7199682812723,4580.987494432153,3016.06695706881,49.375533077129774,25.47038784237477,36.4162778380336,38.11333431959162,0.5483930824414702,1.266140988131683,29.920162651518062,sparse_forest,0.3071375930537906,2.5320888613738313,0.45138640118319195,4.754127125372315,10.435978612275001,V,436.94002715432754,0,,,,0
26.446038844868024,94.94272296928796,Nagaland,Dimapur,855.5653809628603,31.353491665138847,26.865070604600945,-1.5103398052365242,0.6219645677475508,143.5467515262856,4057.7023940803097,2656.2177402911793,55.5135844166017,35.53405301339122,43.39069433488859,21.075252651720177,1.5943602459688178,1.1811572552939955,54.29155481147177,dense_forest,0.15762349922357816,1.7580406106750814,1.1592704317810885,0.42305206545207563,0.8692595831187813,IV,68.02611019575724,5,08/30/2013 12:00:00 AM,unknown,medium,1
22.74704016823876,95.6916023941715,Manipur,Imphal West,1688.4041752203589,22.342692850009875,151.62653806123066,-2.079340980111984,0.13652051578438718,60.728122627483124,2141.535181079912,1665.7493310427562,32.11221791903267,28.78679660515825,41.74078508377795,29.47241831106379,1.5255864676889366,1.3362142621770627,33.20344239206574,dense_forest,0.33223286677222297,1.017421116673911,0.7585455004337751,1.6549282686537303,17.382429642057016,V,66.3930525388821,1,,,,0
25.62155411277009,94.12514495796765,Nagaland,Wokha,1184.4861907254128,25.121718531389448,68.73716719946226,-0.49712784134296273,-0.11736280488037454,86.38411099482977,3972.9832896907446,3170.75527787895,92.12322430564448,19.057088019875156,43.14620457112915,37.7967074089957,3.6038097416765336,1.3688865550586635,35.69696361139798,built_up,0.43729526885364745,0.1505921399905899,0.9304528620874764,1.9507449874782425,3.14968797668988,IV,197.11766207841347,3,08/12/2015 12:00:00 AM,continuous_rain,medium,1
22.972357163563892,96.2066859338711,Tripura,South Tripura,1006.3281741994987,15.800448465950378,307.49362186702047,1.0721292600826444,-2.4607793118673573,54.075612578440634,3133.6447570122195,2390.587442489302,29.139189407578126,17.650751073529086,39.36018240452626,42.98906652194466,4.232856426845855,1.1648663343469563,30.958788520558524,sparse_forest,0.7210368584756205,0.7088865625824851,0.05,0.555387977804083,11.531525933052727,V,35.89355371730413,1,,,,0
24.718823221979775,93.00060411202145,Assam,Karbi Anglong,1391.696540650633,11.333573972951434,241.2993239614618,1.5573051290561601,1.7875234082812925,48.20619701644258,5079.378396980208,3663.4869769383254,36.749008972586786,46.89027919722631,26.255166037812522,26.854554764961165,0.5392287491596423,1.4183649756259489,15.657503592935372,sparse_forest,0.6080467077468349,5.659033979503849,2.2528697825128634,3.000201136790231,3.6885726294013153,V,237.63811303845426,0,,,,0
21.634578538524195,94.54039442706083,Tripura,West Tripura,1382.5049542690617,4.3638975678286,350.57513274026957,0.5216061330482992,0.3711395974457854,16.604361738363487,5076.867446329661,3841.399354474462,33.36090886704723,30.609203136680506,34.177077602799805,35.21371926051969,3.2043486595152797,1.554593944322586,28.04374513782475,built_up,0.6425554827778476,0.1057899802946771,1.8033632997041118,4.158515493858827,23.369997377315887,V,328.3034629472204,2,,,,0
28.840621577525223,97.3417712354742,Assam,Kamrup,1863.6630131660093,0.0,325.96112027029733,-2.012531644728757,1.5002743147851656,0.0,4430.672528685653,3662.3065204974077,55.208000075631944,33.3505838254534,34.407302019312496,32.242114155234106,3.6118743919844283,1.3696577751134837,27.230933019580096,cropland,0.49422497603049453,0.863446182869491,2.659915156939702,2.3499289235028824,15.860771820874533,IV,160.47859560027823,4,,,,0
25.61511965123607,91.91477583407173,Meghalaya,East Khasi Hills,1165.3945828923509,37.60262820120669,34.44558170927079,-1.2389243513353532,-2.1229499149201887,166.9883956929422,3411.438141345509,2577.891878272898,97.11816420263631,48.649946172582794,20.495916389763067,30.85413743765414,0.6444276628454387,1.621674238550128,28.733169241355064,dense_forest,0.5076926987065704,0.7910196320815879,1.5235714890641838,2.4139161335017683,0.05,V,61.92148997278064,2,09/23/2015 03:00:00 PM,downpour,medium,1
27.088295354041993,93.70767864347053,Arunachal Pradesh,Lower Subansiri,727.7202739813117,25.748955758023037,225.0726380424768,-0.37958520652194694,-0.9043563080020287,71.82438447225988,3842.1417897006154,3099.042780398691,56.81810723285922,36.662423879078574,49.67460237488278,13.662973746038645,2.0559566118649184,1.0081455926691858,39.30528927326994,sparse_forest,0.16648730447548024,0.5307134266414731,0.7702593235956778,1.1369200114741878,2.1649005046024676,IV,89.65666334964635,5,08/05/2011 12:00:00 AM,downpour,medium,1
24.071332345403206,93.11585429804764,Arunachal Pradesh,Lower Subansiri,2193.2717551975875,15.558034122828552,342.70883138078494,3.677872133145143,0.10097786183559337,33.61651880153119,3691.5809901990656,2463.039887791767,64.57790923076232,29.020915101293483,46.23086029782575,24.748224600880768,1.8338268850035457,1.3885789833435411,36.13943056863881,dense_forest,0.30777171255034486,3.2491982090146303,3.2625574318886885,0.6806836015673956,5.708454884731958,V,28.40543636567989,1,,,,0
25.218146157912383,88.61350163265408,Mizoram,Aizawl,556.5694972220176,7.745651614983311,116.47466693367203,1.2601334586306114,1.6061924804282692,29.203756018587573,2818.410316848729,2272.198830708791,45.702778558929225,22.38519291672865,30.675459255978918,46.93934782729244,3.386953289535622,1.3841119141023899,33.55880304960523,cropland,0.5545887488534907,2.769943291839212,0.5870316932893596,0.20004897036027652,3.916193880512839,V,178.74625533605038,1,,,,0
25.155781089529967,97.36333055606666,Arunachal Pradesh,Tawang,1773.0053195537805,17.97565165837892,345.45355949720556,-3.774536511299764,-0.06271725318233601,64.0792186618199,2847.8587506017197,2093.4934711771903,35.346854558859135,35.671913850685115,23.836488401500077,40.49159774781481,0.4014756031684805,1.5780400472237848,42.75857968809826,dense_forest,0.7735636570190133,1.0459458808180253,0.6470789324499345,6.389635189220849,7.125607568610792,V,252.07175037864815,0,,,,0
23.623060793226458,91.50008724881656,Manipur,Churachandpur,1053.969538427059,9.842970482319132,40.83389963719374,-0.0452052562404892,-0.3771456501172019,75.19952529713251,1957.1179431012524,1427.5733603678832,50.95297176145038,30.16789786679372,38.38838086860148,31.443721264604797,1.6101036995277578,1.0103555698641187,24.460934893708476,bare_grassland,0.6550874108243153,0.037898904981403005,0.8609518044206969,0.3535227701429391,5.107720926116526,IV,210.18006904958443,1,,,,0
24.87752078268536,90.47993629610373,Nagaland,Mokokchung,1561.076906863626,5.312671617091265,312.09997188115557,-0.8903146342042232,0.2709785620076913,0.0,3975.9203845633415,2847.8222452109217,51.74781573575418,26.019290429076246,40.830908383928914,33.149801186994836,1.8049359069510897,1.0255237420299954,30.450566130546342,dense_forest,0.47057352628906385,2.1807811368969343,0.5179274792631835,0.38605567871436175,5.406321858933053,IV,136.46675805585934,0,,,,0
28.591769336283527,92.8459041268216,Arunachal Pradesh,Lower Subansiri,431.47111253118254,26.48883901790476,80.50048464913482,-4.435248210153587,0.9654895820577596,72.16041986592363,1831.4307485934594,1378.2208714771252,42.939136347148896,36.20793424183078,38.64561583623312,25.146449921936103,1.003503017644464,1.5852797702900214,23.319519197688685,sparse_forest,0.6752980933428386,3.0475712466347966,0.1310752509280799,2.679557075134577,8.770165184486626,V,60.6366857881637,1,,,,0
21.890048985509054,90.6813730236911,Mizoram,Champhai,1146.5151708546077,3.773409674484034,299.1896313144056,0.302363794338819,-1.2149558948095371,5.72047838550623,2713.4524199352936,2183.3105110865563,42.009452661463655,32.27060032339173,30.39616096413562,37.33323871247265,1.1801013303282653,1.07783577933076,32.0802576561571,bare_grassland,0.5526295641401477,1.2999056436916754,1.1025575219913146,1.652270285623835,3.7109744088136414,V,163.3414942547776,2,,,,0
28.30791840397677,93.89192994860241,Mizoram,Aizawl,821.3108120665249,0.0,336.31377718748774,2.769743172347909,1.7887278529023338,12.879225695775942,2616.9115999902847,2095.2633475407324,70.84403865709973,34.27032482396868,34.64764728357889,31.08202789245243,3.014235931302522,1.2207158515739505,40.12215921869016,cropland,0.539395594222717,0.02980734709272052,0.4528871230767186,2.5480086317656276,41.72924188610664,V,183.9840143110322,1,,,,0
27.683773451256748,92.76860841313716,Arunachal Pradesh,Papum Pare,1157.9928014612371,7.421987294496095,137.48615448481942,1.3155397684096606,-2.2834513630379387,43.641470506002435,3643.5537340098467,2906.2697168562963,85.59419426417743,7.2083433284320675,42.07304012086882,50.71861655069912,2.6395985512961064,1.032962124311909,45.965962633299974,sparse_forest,0.2718964535597195,0.5400512741522568,1.8792703072412045,0.6665561279439192,0.05,V,25.285578547189203,2,08/12/2009 12:00:00 AM,downpour,medium,1
22.820986600837365,96.26170834537756,Manipur,Churachandpur,2846.0201615710594,16.835470005999497,179.49372143514333,1.0934353982786034,1.4997088449303408,53.21213014168668,5584.643225680803,4357.774875144322,48.21699298523361,28.5523941318497,33.09073809394695,38.35686777420335,1.0538540868938813,1.0986218483840777,49.35849005781026,cropland,0.7071361073410616,0.9836853550846895,0.43113524060297953,4.904881272560839,8.281466264095762,V,413.6635483196487,1,,,,0
22.882531172682683,92.7537426478503,Tripura,South Tripura,1959.5891289715883,22.648991148571024,105.4900215588961,1.510241533302688,-0.3576354985980162,100.81164422138173,2604.4291386141704,1948.7277125210499,119.63996849280052,36.20749203537972,40.17856185289894,23.61394611172134,0.7019984778080762,1.5116949456225717,33.874804080288364,sparse_forest,0.647430384086249,9.697881942859485,1.9638866904320338,2.3588163344804407,0.5085384917580617,V,85.65097175214763,0,,,,0
27.69658583387792,93.99155698614554,Nagaland,Wokha,2425.253343548087,35.43394662626723,38.964212756534934,1.3062017863235302,1.1103915960359543,131.37059128740927,3123.6865162108297,2611.8393087014597,32.24940426346499,33.459478247856225,33.81334416086861,32.727177591275165,1.7873073409054776,1.1084321237704238,20.204116796417534,dense_forest,0.40118078994169315,4.054643127927047,0.5325401974369566,7.5799608740551,3.279384551733307,IV,228.52995089866118,1,,,,0
25.51338558222804,92.19402468155171,Meghalaya,Ri Bhoi,138.37557391753052,34.503110001546,208.23062543891646,-3.067458641637991,-0.0713957315587289,139.39110017037262,2543.252476435638,1825.3436265824737,87.32269484544764,20.140760743197717,31.88467513212367,47.97456412467861,7.709518425419066,1.3778574126419523,31.722807221386795,dense_forest,0.45632590288507446,0.375931730912326,0.8714546071678126,5.22596034862902,6.754105997808317,V,80.36049241055989,3,06/13/2015 12:00:00 AM,continuous_rain,medium,1
28.40646205084084,95.90549293701747,Arunachal Pradesh,Papum Pare,345.8414896206099,38.39820403040804,261.2007238908111,-3.8440328739434397,-0.3268423734788106,157.45272586171401,6369.834648652462,4881.315386298911,137.5440495093115,24.915283950082497,29.484861615491795,45.59985443442571,1.2942345405719962,1.4264460785759125,36.654739991913004,cropland,0.471283695459575,0.16804707922088738,1.2126274653849487,1.4190218237253858,2.2843978127944666,V,171.1295156932172,1,04/08/2012 12:00:00 AM,downpour,medium,1
24.31192085166827,89.8266139120532,Arunachal Pradesh,Lower Subansiri,666.55741791612,32.107234647919,245.34161656090018,0.47036036373529144,-1.5420702883558812,80.96732633841312,2569.281341913599,1689.139486377396,41.7612354425144,41.943609678187514,43.187832657668004,14.868557664144483,0.6739024149851831,1.1221268483194964,43.57639993970684,sparse_forest,0.5651936979381089,3.81000558720325,0.7024354063393163,0.43894058102623595,2.161348875399008,V,202.04639049659693,1,,,,0
28.84804051761322,97.43307969549686,Meghalaya,Jaintia Hills,1047.546557264095,19.500409392440538,46.103713545814585,-4.582807718904186,2.93627065748096,95.7471412679489,3858.8292333126715,2720.8060209098485,52.220791254446674,7.0442599712230916,21.918024167348754,70.0,1.1692594804115157,1.5389387014919895,28.440712609146992,dense_forest,0.37368571326786915,2.9076392647725355,0.7042189319812233,1.4513516939170632,5.832060487857236,V,84.43599888949839,1,,,,0
22.10870304524028,93.46126375202584,Meghalaya,West Garo Hills,1099.211407999449,29.676994671049854,4.0728178904113355,1.7944442866663732,-2.5298904696219333,128.00865405491135,3150.989520173486,2673.0105082876225,39.47901361941729,28.337096055117794,37.0302956259391,34.632608318943106,0.8022857478938056,1.7,25.0086494643271,cropland,0.49470824733582247,2.8414667754935894,0.7083332670277289,9.70276254849127,20.157277826394232,V,193.79766282805323,0,,,,0
26.720449154060766,93.70210130211532,Tripura,South Tripura,1105.763604826696,0.0,176.25983534756145,-0.9171087601085395,0.6938118023697538,0.0,2285.9186694214504,1583.1785766700527,49.02393595422233,28.909148315172263,30.63795607310973,40.452895611718006,3.306558415916603,1.3316926565507865,38.54320896333164,bare_grassland,0.6052382792707655,0.5294989707701974,0.8144205027605618,0.3651940209830137,15.896825444226216,V,130.5250719144865,2,,,,0
22.370387515232824,93.08174577891246,Manipur,Imphal East,459.3491190291867,21.518114613533033,226.13583424737777,0.889785642889745,0.16066143303593863,97.12545337226457,2735.09650519662,1874.707539338725,85.32144272847904,21.53226210962853,37.75332793089231,40.714409959479156,2.9873798887019514,1.2405789527549853,46.71827428176519,sparse_forest,0.41251415475052583,0.3071439171751419,1.0074340993058069,0.8107353182890714,1.3805798600810841,V,104.17307559141167,1,,,,0
25.361414065221354,93.68209643554033,Sikkim,North Sikkim,1377.6016414021708,23.537074278642418,162.08301399467223,-2.9227232868659194,0.04115753246760217,96.24818678255996,3272.8250206210855,2650.001053579724,51.30519811351731,34.46557635179069,41.005984132744835,24.528439515464477,2.126152717806383,1.3228777897685358,36.56699761567926,dense_forest,0.38804199172853704,8.587957311625942,0.938572898417723,4.2655729019840285,19.315795604832545,V,370.8531641102135,1,,,,0
24.439159887225085,94.25421378026029,Manipur,Tamenglong,670.5200342322793,16.455808703382736,1.8057174833986478,2.9543183520734426,-2.528070854912073,76.50815289936435,3934.5545816208823,2631.8571785072586,129.24474352523438,27.75260921695433,26.722274618105136,45.52511616494054,0.8084336083643996,1.3957964345252323,46.02267554621852,dense_forest,0.3049071074535656,1.4131128340561379,1.0554450475431156,1.0363604676208134,2.3357642503188845,IV,209.68266301528047,5,08/01/2015 12:00:00 AM,continuous_rain,medium,1
26.158127018248027,91.87076536847748,Assam,Dibrugarh,556.3174135115462,25.81409149637308,88.08026095809586,0.5894251100536898,-0.5370737988412481,45.41588526439479,2847.531692676861,2374.090968958508,124.92871923770741,34.19247748516259,39.32494805442556,26.482574460411854,6.241096631280578,1.397289752418915,39.287227135340295,dense_forest,0.467801924091121,0.1354155749298205,0.8774965200601899,1.4240424039921025,5.967121071699921,IV,162.3938944006608,5,10/06/2013 12:45:00 PM,downpour,medium,1
28.862987467615078,93.77094392094584,Assam,Sonitpur,704.6758287244551,34.99223346198835,270.7310847342149,1.0687324179564464,-3.3695705541044934,136.18475121264294,5365.064183758711,4452.987580196469,65.18280753689973,13.523459945391147,44.43438058884096,42.04215946576789,1.285975960783245,1.2330475764717852,26.027026685507924,dense_forest,0.516636119105457,7.543625971418441,0.7323192563570837,0.2939812867069358,2.020331287822953,V,113.00661525744809,0,,,,0
24.26792288300131,94.07351329771053,Manipur,Imphal East,1462.343667329488,32.50687317519457,254.55415040649234,-1.3845489864377192,-0.3384180530194857,118.60364418237342,4574.078948038487,3698.9208426318564,135.17715516654238,49.52003391831523,21.268132922170576,29.211833159514196,1.9719483937333655,1.564864680562832,30.861341618253284,dense_forest,0.40794258177462694,1.7755634731189482,1.1235478627798698,0.23767855696430285,5.893839626087605,V,87.99690325581984,3,09/10/2007 12:00:00 AM,rain,medium,1
23.81144016547667,92.73190377770426,Mizoram,Kolasib,1647.8777258901778,33.73959346199129,199.6974551147601,-1.3169167504606318,0.0042471884471051435,136.85629305854684,3165.551083848139,2292.2641021354752,95.2386729652404,26.441039295958955,46.41473236143981,27.14422834260123,1.2902770560326349,1.5432531475271403,33.385184852044,dense_forest,0.4576897323213087,0.3973127391302973,1.1705146319649868,0.9485723440855138,0.05,V,328.9791415288031,3,09/14/2015 01:30:00 AM,downpour,medium,1
26.713095149516565,92.59722640684235,Arunachal Pradesh,West Kameng,1315.7579238395892,17.688259231907832,119.7633578982059,3.248687032634532,-1.4475728325424146,56.408100414968814,3326.7524919485027,2764.8859598910753,40.56800807666143,17.242837225832197,35.029970565341436,47.72719220882636,0.5964604085991438,1.5157107786720225,32.27032416459657,sparse_forest,0.6835994673583032,4.9484240433792515,0.2593549011594999,0.4618108408449977,1.6994401838664686,V,262.9380889733826,0,,,,0
28.75515245312787,95.29879394919074,Meghalaya,Ri Bhoi,1858.5871894469153,18.40761830323306,136.50848294027185,-0.01154554813688462,-1.0034025008601333,50.48065809585387,2928.5787083300197,2387.752789852816,45.20077183160082,18.35981040740439,37.65418717584238,43.98600241675324,0.8120897718738391,1.5511415637693937,30.473502564581374,built_up,0.5587707842947806,2.5560646618259417,0.5701537408880673,6.107252564929391,14.906703971025685,V,161.8032612246034,2,,,,0
27.827284789429605,94.16847375167879,Mizoram,Aizawl,1948.11978437489,16.303836364923594,192.48053005298377,1.7477239865049121,-0.9093840512295838,49.027432210913716,2701.9954249934426,1785.788865661827,83.66159709202861,31.5133978161786,40.55635891447474,27.93024326934666,1.9888509594984525,1.6070019396647912,36.21754887540614,dense_forest,0.4165637013676379,6.19604749636941,0.8886960363504287,0.631097457216714,8.02569394625388,V,525.2807766980668,0,,,,0
26.86319486864912,90.36894097357569,Tripura,Gomati,1158.3575617034921,26.124542768181726,93.69514473966927,-0.8115279424081018,-0.9567809781214365,89.70339437318457,3567.360146173904,2868.976664454719,47.087240309160435,15.90592076433292,50.8602170176567,33.23386221801038,3.8346751679495608,1.0737479612383782,25.276043177069884,built_up,0.5662632895424964,0.7920503975868408,0.4071647244332683,5.300971579828168,31.00267547511789,V,101.22917529168915,2,,,,0
22.918343215765073,93.19638659328533,Tripura,Dhalai,675.7278023419003,26.12557672402139,287.73962040617295,-2.176656597372046,-2.097629325298411,72.89814241044854,3439.454698566936,2464.7207501068438,59.22742103619156,34.94440475730598,46.00266216165545,19.05293308103856,5.669216901172004,1.4027674837839559,43.45117408890539,sparse_forest,0.6930578004574062,2.2199267692008955,0.32103120760512693,2.688083916260449,2.524835007595652,V,94.95088311880383,2,,,,0
25.176904014765,93.02026513374817,Assam,Karbi Anglong,1045.865768774257,13.856445084077158,323.3880131795912,1.8996531277636624,-2.217837944358393,60.0468368967498,4259.681467181278,2969.3379599820196,101.98535679011542,36.526615858409016,38.11607108223554,25.35731305935544,0.5989297564789181,1.4577684894225957,33.374690559963476,built_up,0.5881463515784012,0.398217313625303,1.5058646117951546,0.9405529718633232,0.05,V,166.84653867159886,5,10/09/2010 12:00:00 AM,downpour,medium,1
22.994515480296805,93.20843998922244,Mizoram,Aizawl,1833.321684913858,10.189614404661173,44.85874711862935,1.77276826089415,-1.1418551895649682,41.59320501040055,3227.969744893304,2508.6557751786445,100.8617127813524,23.865022502035096,37.24383288765532,38.89114461030959,1.7984301364526252,1.3713378716886955,39.919239445395654,bare_grassland,0.7293387388345037,2.880755775415303,0.26862799314457847,4.119902006714344,2.838434370447179,V,149.775432614963,1,,,,0
27.76642688902376,92.32565639039419,Manipur,Ukhrul,412.48313934530074,6.5878004142385205,201.91410276844448,-1.923327962854267,-0.7267437740795912,51.32146854430438,2864.2569489581715,2360.0345130494175,82.79072391826034,25.417831145627094,30.92722973994482,43.65493911442809,2.364943822929115,1.2721187446397926,41.954506293745496,dense_forest,0.3027237247785862,0.3240785291531411,1.7817787650068522,0.44514540911838474,8.574428093414268,V,34.16607747974477,0,,,,0
26.58057366934172,95.55377219093012,Assam,Kamrup,657.5020976136739,0.0,337.31256452455693,0.4053884002387249,-2.3149448742719345,0.0,2674.9520779179884,1921.6399313141533,42.58799714456008,26.68370259306937,30.163519044723458,43.15277836220717,1.2876580022450237,1.3360158983279755,23.113515937041015,sparse_forest,0.5494150532937215,0.31656803847786635,0.2518820424208676,1.3951096095652438,8.604221307371652,IV,99.88954924879218,0,,,,0
25.37782637283105,94.10766804593993,Manipur,Imphal West,524.9657614475391,24.815842905724082,205.32967204744716,-1.7678452196958503,-0.19351965982036162,120.08124732418676,2975.4538707088323,1960.1639168094307,69.44392963135023,33.54401454028338,41.44058353815748,25.015401921559146,1.0362584624867432,1.3514880572339356,43.59537756223583,dense_forest,-0.01615418592625517,0.4708251399157197,0.8654228852083383,4.814087749655618,0.9868497157339853,V,37.99829479187835,4,07/22/2015 12:00:00 AM,continuous_rain,small,1
23.731715150246956,92.67779245192577,Mizoram,Lunglei,873.7034582335586,35.84360967521504,101.02499830554946,-1.4446677850929108,0.15837951333402156,137.6222473073662,3363.7888532932634,2469.6274721228083,148.83209327865367,37.43602936734923,46.321552105440404,16.24241852721037,4.624107645336121,1.1075052413095987,51.68367332109953,sparse_forest,0.3154631703009064,2.773533588445648,3.1979316314674775,0.10268202018551512,12.088307202147359,V,178.2159729244168,1,09/16/2010 12:00:00 AM,downpour,medium,1
28.60380879433384,92.10895443331272,Manipur,Churachandpur,785.493672254863,27.955299919448,347.24733173807374,-0.1078120675523858,0.40194698966413,95.15178944920186,2765.678276321739,1846.005802665574,64.01492331764658,30.28337268111857,36.52741728920876,33.18921002967266,3.274456497316649,1.3011077422444501,42.39404118599659,dense_forest,0.5434922248959667,1.815799653176279,0.9552077983765573,0.2777629039565514,23.068633331376795,IV,326.56520194445187,1,,,,0
28.628484519337572,92.6533114844713,Arunachal Pradesh,Changlang,2525.1420329381094,21.111693443664322,327.2844373471747,2.6770128462587843,-1.6961840506086334,89.23814036207605,2957.0878303647933,2091.6087742225236,31.78088448801038,20.43987363143288,34.16147317396868,45.398653194598445,0.5587107025857218,1.1720843999166424,29.586423254505814,sparse_forest,0.7339766430129271,2.1735526269863854,0.9434777127275791,3.750261080443254,29.444737205481037,IV,82.35721214359604,1,,,,0
24.670270957187462,89.79415314176069,Nagaland,Wokha,568.7708035160077,12.939340817779136,223.88321127162126,1.6202967600217453,1.558914197986042,15.050634667844992,2860.220394343981,1889.6722574481862,48.50975234358346,7.509459561070777,49.253312150628545,43.237228288300685,2.1878299479994863,1.273133567103682,28.56986432074386,bare_grassland,0.5751231285715185,5.380386136287224,0.8676933057016761,2.3702531740396613,2.508326645760443,V,110.60553645787505,0,,,,0
25.95344392949149,92.30238545171287,Sikkim,South Sikkim,2739.3027268668066,19.93229833593335,326.38009114389956,0.594539661168122,3.1999254996632502,48.430708901132576,2944.975749819264,2363.751171424105,40.921357178118896,27.292782315546415,43.37668850056954,29.33052918388404,1.0802459057946403,1.1180379903637367,24.905861463252755,dense_forest,0.6156392269695403,1.9488687352280207,0.7627330887381643,0.0478740474023473,4.829854784838217,V,164.23853709116528,1,,,,0
27.313427334226937,88.2443180387383,Sikkim,North Sikkim,598.5568946644206,41.411537654636106,87.32813503762141,-2.62547010566429,0.17011378406296668,114.27262024191323,3720.83028279618,3017.4166878895817,79.44214968477688,35.230848025303985,22.81801847217913,41.95113350251688,1.1179698151781623,1.2646196817666386,24.074267459860614,cropland,0.14529344614442052,0.21698055883147938,0.45130991816865346,0.687702752682634,7.76188214400339,V,172.3922491284933,4,09/18/2007 12:00:00 AM,rain,medium,1
26.20155416983163,91.77363217733685,Assam,Karbi Anglong,2965.9215636781064,43.57524434344593,155.3797581855589,-2.7363730459315265,-0.11492849299508179,202.8535616065852,3344.7353160193798,2445.0991488432874,112.85963697651992,30.289700791367267,34.882984295487766,34.82731491314497,2.001786583193585,1.3918115718400705,40.924372123325334,cropland,0.5588358830810637,3.406908388070487,0.4919797936605462,0.21666353206865888,3.518207326419951,V,208.48972057717847,4,07/20/2016 12:00:00 AM,rain,medium,1
28.723531226185127,95.39800422907831,Manipur,Ukhrul,569.5440186881444,15.356744409521836,287.01848728468156,0.3618478683789149,-0.7916621331728139,74.60497316697605,2663.0822465326687,1992.5259947680886,73.27674839865526,25.573841230857976,43.805830959845835,30.620327809296185,1.0433491149584608,1.3385627412299554,35.4142275552538,built_up,0.38225295435560114,0.3138764681914021,0.8062606887147311,0.41255106369950284,42.943524641225196,V,55.1520626868388,0,,,,0
27.006521972563448,93.74080174593882,Arunachal Pradesh,Tawang,1082.0139686241114,25.578258523373464,123.13839200620676,-0.5861292140208723,1.4341305728203924,72.70829394545908,2990.9843433389055,2263.436234837903,132.0382787302561,44.587909581295804,30.502472547761492,24.909617870942704,0.7712504225760807,1.5901535113178424,26.364727669628856,dense_forest,0.5025342933997905,0.5268228539138047,1.0491518874311834,3.637663802912838,1.2793117397303768,V,186.46552375661133,5,09/10/2010 12:00:00 AM,downpour,medium,1
27.152422962697933,93.6757058344397,Arunachal Pradesh,Tawang,1766.2710293893547,19.944215865632803,339.89123490078424,5.469384288638681,0.15961196740793937,29.588068893934828,3488.605319073043,2589.5925054265667,137.82654297661324,31.669936717302136,41.50589591773118,26.824167364966684,0.8806215846846691,1.3578142130697126,41.52876242117235,built_up,0.44775292796814836,0.3674052286456204,1.2372969588572547,0.20218011382827858,4.373055059036451,V,378.89973524851337,2,07/15/2011 06:00:00 PM,downpour,small,1
27.527446106762753,92.99765211581813,Arunachal Pradesh,Papum Pare,2324.7191740974495,39.666427769723235,88.87543180478991,-2.762669847361105,0.837759863988246,90.3062303510005,3787.893679371734,2470.4968562997037,89.171723213403,32.77603987509082,41.58958471134713,25.634375413562054,0.8484452960213652,1.3194523689532787,44.59575394743892,cropland,0.4569898029620891,3.787365866652114,0.6335299095637661,1.8593295667133143,0.05,V,209.63111044857382,1,08/15/2011 12:00:00 AM,downpour,medium,1
26.68709687609035,95.05881068655765,Nagaland,Wokha,1748.301677422638,30.59695723558701,244.93447288016432,0.1206893152217241,-1.3154140678929056,102.81527607441505,3936.566425545073,3289.748338979567,95.83867364272011,32.89521340629038,24.309505301839238,42.79528129187038,2.2247669895003335,0.9719656212591599,37.608315093824466,sparse_forest,0.16425003381835646,0.6664241577967704,0.2951578020215274,3.2398974044342004,13.085001312771848,IV,111.9947881366547,7,07/19/2010 06:00:00 AM,downpour,medium,1
28.597195418371495,95.09389412042108,Sikkim,North Sikkim,1737.2619257292674,1.4168227401699092,78.97169240131905,-0.6899431268834643,1.5879502359123658,11.790117873803442,3262.237902911027,2265.158069162169,85.49730956349508,41.823363258479276,23.325028234007824,34.8516085075129,3.398899204623187,1.4656708145679818,33.615809559393895,dense_forest,0.769205762512521,0.5928216050182138,0.231024994366887,1.3603875891341617,10.838859700128976,IV,80.34468311573845,0,,,,0
21.850580330792113,92.74009208935661,Arunachal Pradesh,Tawang,1304.002336710676,9.7996708477874,5.352319050532324,-1.4923060607212508,-1.0782314993107112,35.907586024522665,2533.3394171210994,1785.5638597286375,106.82122118146937,13.8491272702941,48.271930520058845,37.87894220964705,3.396680185184588,1.222009581617633,25.357968061820884,sparse_forest,0.4390110626855717,7.385136974944635,0.934180568852987,4.818445466819841,2.1910137699228978,V,255.82935993905804,1,,,,0
26.939453601493483,89.80912297710292,Manipur,Ukhrul,1946.4169763257084,12.891311264354126,355.7351608819562,0.6749774899718437,-0.20038446729554066,36.40075297395183,3786.025381915377,2649.989016479323,82.61933279038784,15.166141597874836,39.14519986399989,45.68865853812527,1.7664237561060563,1.1058577837014694,60.0,cropland,0.46049633262739564,0.1819357065444422,0.7764909905686843,1.248890850335447,2.811386557816937,V,100.80686621097577,2,,,,0
26.37962333744008,94.85640323453501,Nagaland,Tuensang,1809.5504850184263,22.935513335595495,248.10944147123976,-6.077046486574801,3.2966987677201103,68.27189723663508,3264.9688701483255,2228.829481674768,153.43740583580666,28.825114308352802,26.72522012393326,44.44966556771395,2.951999087623356,1.5206434451580413,38.85855833336821,sparse_forest,0.215740704747915,0.01,0.9641144043601815,0.593197537543577,3.5023064730959357,IV,385.15707099993097,3,06/17/2010 07:30:00 PM,downpour,medium,1
27.048382481344717,95.80009900785,Assam,Sonitpur,1184.6657763391345,0.7085713037890429,145.43525144777914,1.0863805051431854,0.8819191726930663,0.0,4539.459645153378,3316.9982964541305,47.8221787080253,27.550572358407617,50.754068547839054,21.695359093753325,3.0692320209525454,1.381263531964664,36.09902409502973,sparse_forest,0.4869250819264756,16.255445303817353,0.5233065410389658,0.7247555420651284,1.2027917180338121,V,235.04459392897814,2,,,,0
27.25439353181745,94.11247508999266,Assam,Dibrugarh,390.7379145045506,19.360667131964608,302.5725173881126,-0.8274490936926211,2.0552671300493435,43.69554305360243,6276.405072445976,4552.414814875495,94.86088616993828,28.26710635343432,43.68660717498677,28.046286471578917,1.1722325696041191,1.239854990264713,44.655350642035756,cropland,0.6852058556985965,1.3678770579350792,1.5005473667604938,7.389953674051001,0.05,IV,300.74079936703885,5,10/29/2008 12:00:00 AM,downpour,medium,1
25.41791273441074,94.2107768307096,Tripura,West Tripura,1470.5632695161294,25.794383482633492,355.05235727676677,-1.777837566414191,-0.6341829967290171,74.9130091890957,3041.293575145432,2099.3304479704757,40.89800284285393,13.83914058088038,37.956994287529355,48.20386513159026,2.5634732978788715,1.3100840985968611,29.867144530411654,sparse_forest,0.5899080922167272,3.924270710624595,1.1042827669714457,1.6099379441878015,19.343026010058978,V,212.9664223536491,1,,,,0
26.94983710289118,97.01772174411397,Nagaland,Kohima,824.6832280206983,13.344565101877592,267.3451474575562,2.745294820205252,2.353455942236601,33.60005059132483,3541.13792096025,2679.2117476138683,46.78897287235585,20.126264942565754,51.590197577935434,28.28353747949881,5.199518698235308,1.3514521356453681,32.13583267506513,dense_forest,0.4881344756979554,0.9814732638784631,0.5237595839907905,1.1156755593146663,0.3560734107296134,V,382.5978524022937,1,,,,0
23.550420075821147,93.83114280810929,Arunachal Pradesh,Tawang,2467.877300464487,19.773056968988172,326.3125047458731,0.6734565754438907,1.274827960619024,88.56298191745856,4835.359114501805,3724.18205198487,77.83343293295988,29.217681882524477,43.38705058015965,27.395267537315874,2.663339755167399,1.3009655866823866,41.01271254139579,dense_forest,0.4035953287354453,0.8444514530852567,0.4690262111173801,2.6263130698102524,7.840465633406733,V,86.74568750617694,1,,,,0
25.275191246984374,96.82023474778151,Arunachal Pradesh,Lower Subansiri,1928.1353874910255,33.01884467883863,124.63224574956608,-1.1314056648568462,-1.236639136521724,121.25895876343182,4330.017087137193,3386.8121836053465,83.09923880767417,30.606095688380897,52.719667412965116,16.674236898653994,2.4842887175566237,0.9873516554673272,34.56205943228991,cropland,0.7154110311537518,2.811380641895062,1.114165638820136,1.910460872187178,12.905391015618973,V,36.94068599267223,0,,,,0
26.35789915851571,94.96206127478276,Nagaland,Dimapur,1045.0284453643076,38.36014578421235,44.690992607949,-0.09216861321199588,-2.1413979795228837,123.00451923313481,3687.04802861127,2754.6822672149224,83.97939873060965,37.61296434757854,39.78261768142302,22.60441797099844,1.5536908812012378,1.4128699238837106,42.2354275690974,bare_grassland,0.48872073534932964,0.8590762116192368,0.8198613606487943,2.395050219431099,2.840139173803185,IV,73.39447218128205,1,08/16/2013 12:00:00 AM,rain,medium,1
26.265205127402037,94.57076127448933,Nagaland,Wokha,3475.072257861146,30.44120368862765,299.50764323152845,0.44607275416885406,-3.5614915315618987,93.1817593241097,3445.2023561153787,2421.9947549678873,117.06823140997832,45.383087395953524,21.85042887735802,32.766483726688456,1.7810581687960534,1.2938513875767523,35.36955915751396,sparse_forest,0.5330982147258987,0.2403289238323351,0.9682084040802884,0.05278158365387571,2.834487132599922,V,78.9436929823968,1,08/04/2013 12:00:00 AM,monsoon,medium,1
24.748062309486226,89.82896640437389,Tripura,South Tripura,948.0835249646576,23.13949035991382,337.04045270575784,-1.2940264890320854,0.14581263369299208,58.710640000417726,2796.1841442220457,2266.6754814489786,58.443382487456105,20.70940759185035,30.534792410303044,48.75579999784661,1.37028119653204,1.199418215382374,44.51840570227392,dense_forest,0.43862384653431896,0.4549423094782609,0.6538404279402862,5.28198860764763,4.848938762967305,IV,399.0029120816922,1,,,,0
26.539706392728732,92.16089069709427,Mizoram,Aizawl,1654.984011004547,23.81976243325486,5.319081151478131,-0.8282059624181229,-0.08463210635692969,87.78619304404856,3438.8654042929625,2461.5838777748545,41.599317984325694,31.663988902823316,44.84284145382361,23.49316964335307,1.0478824026937674,1.3831961160474278,40.53229190299004,dense_forest,0.6342578504459582,3.721405043822762,0.26505395969656903,0.49515108985643214,10.777956729614282,IV,97.98354081780926,2,,,,0
27.326211809950387,91.92680762910578,Mizoram,Champhai,1123.9494738882331,20.153667439561545,81.83016236516251,1.5129262178557001,-2.280290435280763,74.01847103224154,3047.507061367708,2176.165321150906,61.156446092361264,20.793287295010288,25.557530385263902,53.64918231972581,1.7778869328664562,1.0806916131723368,30.6978923549873,dense_forest,0.4607714314071963,0.3195932766240813,0.20890809569971114,0.03526373503399844,7.580627317833296,IV,188.0264507806205,3,,,,0
24.117375803452536,92.37549351947536,Sikkim,North Sikkim,920.1892440845289,33.488434631604704,84.30508373018937,0.015083119922522276,-2.2171524800040965,81.50875627054756,2955.025558181221,2020.0510325901594,46.35343311426733,35.170923932141534,35.579219405351566,29.2498566625069,2.611527591902534,1.4194163673778708,38.023659454929245,cropland,0.38469683611947614,0.04911539208717432,0.5751608524800621,5.3511218790567385,12.969305874280119,V,224.47989845835093,0,,,,0
24.411885388810656,88.53593823756707,Meghalaya,East Khasi Hills,2265.168154306726,13.286421279005008,285.2778414350141,-2.1406637278415634,5.747567266260104,59.08842932998079,2797.644936504397,2099.3128914299923,68.72758320407603,45.89820763964477,43.262053054023056,10.839739306332177,3.175635657163727,1.3041383919444174,21.764100477627736,dense_forest,0.6657886401920006,10.746539298958979,0.6064126482465888,2.113681081121312,8.543174461326089,IV,140.66329457398047,2,,,,0
27.277714122135546,89.52376086261462,Meghalaya,East Khasi Hills,3531.0308807143806,7.238701570785015,259.99830959585523,-3.346889933190671,1.0357380452284306,17.89941423524542,3011.1086118916573,2118.563888117147,63.366998083201935,30.375352688729613,61.02428499796977,8.600362313300622,0.7926419495194476,1.499293193321683,26.636226831532284,sparse_forest,0.6334921312015412,4.965346482599553,0.4083510840094454,0.26453807446652816,3.4014750860617204,V,397.09639485642094,1,,,,0
25.7384730836093,89.23435868330654,Sikkim,North Sikkim,2297.039730850981,21.3616925511492,181.38134255353404,-1.154944923314125,2.0655628994675013,91.01198941242001,2037.7351690138094,1460.1648850788763,86.62939473102891,26.424658434652187,49.99898153497426,23.57636003037355,3.3668161497370295,1.2539215895760971,25.131652155488638,bare_grassland,0.36185160471914546,4.5422288289881685,1.986640763925937,1.7447529951393992,6.388964659217886,IV,34.749457766172384,0,,,,0
25.445638733253904,94.17448056526239,Nagaland,Kohima,1363.1039971783825,11.413737386804051,301.73208296465214,-1.6640580821587627,1.155637617986047,35.25514687069686,2737.5537044097327,1840.1295451949363,78.97177533057304,37.66649203663381,23.2227788660611,39.11072909730509,1.9069033455217896,1.4064484979116072,48.86341431396402,built_up,0.4531735567193985,0.2918364963706062,1.1204616286133793,3.220295766930435,0.05,V,201.35770717804147,6,10/08/2010 12:00:00 AM,downpour,medium,1
21.96871063047714,91.38660526767661,Sikkim,South Sikkim,996.2832543534647,8.405353724139795,301.5620193016013,1.5344491976909367,2.360246204921687,19.532118382188884,2816.856970793634,2368.012044663536,33.64799341477621,50.859170827826034,44.03591534884405,5.104913823329916,2.8015637565518934,1.2647371713511444,29.954814375760762,dense_forest,0.518522946070906,0.6361295913662737,0.7967881025945542,1.3034999549018245,14.695029562727731,IV,325.8231696877866,2,,,,0
26.460669541250983,91.61458363472974,Arunachal Pradesh,Tawang,1051.8066345757763,22.305965525511645,286.42160782070124,-0.9981788564746212,-1.1113784164014728,77.5465534119903,3239.5068203142555,2688.7656098005846,41.71569599374005,33.8177149125042,27.474695301008985,38.707589786486814,3.0164592820255858,1.593735282240444,43.92193618414027,dense_forest,0.36533032040161106,1.7431185420468602,0.13946748579615248,2.3484201848619493,15.134987612930042,IV,138.1654475519923,3,,,,0
25.06624982390499,92.8032070402456,Assam,Karbi Anglong,1105.518407601119,25.717694003131157,273.9225488717129,-2.480639833705683,-2.290801913397505,108.04161624046309,3966.728496881408,3039.2191994160416,86.63647161550739,30.671262456147655,23.389921536870652,45.93881600698169,1.8378221890842268,1.5513891372686315,43.23746740962006,dense_forest,0.11505980615416389,1.3279054449460745,0.41756312768225234,1.9806740227102324,26.533798599683195,V,94.3233056881578,2,06/03/2012 12:00:00 AM,downpour,medium,1
29.389164001704188,96.8410435175865,Assam,Sonitpur,3922.6685496293944,24.530281155911524,242.4757124058939,-1.025120996349294,0.9641873555485767,75.1395343609118,5579.156910020005,4516.594341405402,89.58452368028045,39.12425458231688,32.95011226006839,27.925633157614733,4.080741769598183,1.4189791906859475,28.878051232290645,sparse_forest,0.33342405972564737,11.740012888019479,0.3731307364408658,1.2395684922149983,12.237243759762045,V,98.26254286379393,0,,,,0
25.609236848997607,94.10051149530663,Nagaland,Tuensang,1225.51653193434,19.489303024706523,251.17965302908368,1.2261847223413558,-1.6008519448376588,76.4321269664045,3515.535102722936,2342.7931575436896,92.40930034009538,31.03687303479095,17.30007910869004,51.663047856519015,1.3879184857844782,1.3333595733273058,36.52541618758297,cropland,0.2986370353232042,5.232966488155924,1.1104295520149128,1.5818118675949078,11.440575994516024,V,101.71477031022462,6,10/10/2010 06:00:00 AM,downpour,medium,1
25.498854943128045,90.21858856453117,Meghalaya,West Garo Hills,569.640484237326,47.57993680124247,252.5442127562561,-0.8694979843300455,-1.0538972173860732,204.38729014249014,2915.179907628384,2113.684524536175,133.00845611205168,41.70388240068278,24.372606372960558,33.923511226356666,4.013838845924032,1.2549772125205432,35.15528991417058,built_up,0.23769985527052767,1.3687142227604894,2.4047718478520688,2.821507995876563,6.79437469648221,V,189.98604424508017,7,07/27/2007 12:00:00 AM,rain,large,1
27.838120439717297,90.34787803989,Sikkim,South Sikkim,604.3228708548096,18.63685262052214,160.58241447921893,-0.3013244218416919,-1.2562995378753126,58.003141324010606,3356.4570257703162,2279.1707872865345,43.01831556065429,30.60604963732007,40.74993054380821,28.64401981887172,0.9150237366205478,1.2713796755516023,39.91124348218744,dense_forest,0.4391247139549068,0.19487719647731522,1.019673376115323,3.7816087408188865,0.371819389186337,IV,98.00837213419595,1,,,,0
26.00413131052221,91.83904818521711,Meghalaya,Jaintia Hills,525.8475131111958,41.70251631440195,258.88698248291064,-0.9064310852001933,1.1476479083423143,195.55849423947816,3569.801464565933,2976.7748630856345,109.79114957094241,42.04334393391818,23.58493120030571,34.37172486577611,0.7841601517464641,1.269854508204947,26.273715962353727,sparse_forest,0.20197798115783566,0.6414242510756831,0.44945845301176107,1.3904187941416568,4.391005809607366,V,60.93861072863443,6,09/05/2015 12:00:00 AM,unknown,medium,1
24.920232605207406,93.5089045884066,Manipur,Ukhrul,1960.2355237164209,21.95246624507584,155.82605865331993,-3.6172838962942597,0.17446487556764623,45.850252129005696,4721.1140944072895,3813.094216298139,83.48214658204893,40.54284878585831,26.46178731917272,32.99536389496897,5.343944235255162,1.336738000593912,33.24106207336832,sparse_forest,0.5811188029964995,1.794183200960053,0.713503092971084,0.5278589462607787,0.05,V,180.12699967112587,0,08/19/2010 12:00:00 AM,downpour,medium,1
26.90243782203538,88.25311139423476,Tripura,Dhalai,593.9297791825924,21.73056123521459,107.15897165126118,-0.7233873275943604,1.7514753570128507,90.77245375242438,3338.125955956687,2342.0893235461513,77.02610224323433,33.9489480780805,34.30732799752289,31.74372392439662,1.383210653845191,1.3110823501594024,28.379187270990794,dense_forest,0.6048514786311522,3.5476984329564014,0.9794653292570588,0.6121620730995049,1.565441212090731,IV,167.79156598446116,0,,,,0
23.603218240902596,93.43732508467583,Tripura,Dhalai,938.0373270755628,0.0,79.96852196237491,-2.4759194411981476,-1.068219986465373,17.606766563650446,3389.874091372777,2706.0197338458165,55.13152141128981,32.41645707752212,34.84662255265911,32.73692036981876,3.2755155507672,1.1247039330994502,31.156124878860986,dense_forest,0.36729284809490564,3.2872751420045265,0.5666222421598198,2.530788722278517,7.874904207877065,IV,231.48773336716215,0,,,,0
27.690063656242078,90.50301422667727,Mizoram,Champhai,715.8340956295376,10.866095947165174,309.836508079198,-0.51042246495828,-2.756524396677527,43.691909694463405,3128.632094116633,2097.694148557738,59.3536546547325,26.948821274943445,29.726108599872237,43.325070125184325,1.273912567342959,1.2964770298457209,28.84289716785173,sparse_forest,0.5304837017059783,2.2975465843774012,1.3483151893255205,0.4320587238705492,17.30579013937385,IV,139.86141656428686,0,,,,0
28.828080909230412,94.40438512176019,Assam,Karbi Anglong,1467.3709952759482,9.892694801709562,308.0150630989119,0.21961491089520369,-1.3575630880806884,20.254832394685852,3955.4180221555876,3094.806026125762,116.1988304906903,45.1195270075048,40.82972954314323,14.05074344935197,3.0336914904200953,1.2967073773241515,37.78939400774401,dense_forest,0.21275208884274904,6.189959435408177,0.49484976616006754,9.087981646285119,26.590003917014393,V,280.3326387491318,0,,,,0
23.34864602171948,93.89342571534348,Tripura,Gomati,955.016442839218,16.983375351510027,70.81435871134396,1.7926679900569606,1.7059133323469502,67.73056402428324,3057.955956969226,2348.13955919481,130.8895170241962,26.220961102466806,41.830193758255696,31.948845139277502,2.8931164273903547,1.187113886861307,31.94023287287865,sparse_forest,0.539492298019688,0.2511833779147942,0.5083272131915739,0.8933655952128882,2.6808641648449587,V,257.8129464175606,0,,,,0
27.67426217047435,97.04466463510977,Tripura,South Tripura,691.7003571122679,1.912232381986172,282.3317103135896,3.5177503522938482,-0.5497594331697007,0.29460210491629546,2733.528870866682,1915.4658066699953,62.808622584913294,26.35285485124148,56.77252934887859,16.87461579987992,6.084641443516093,1.2333320172511795,31.409924287727765,cropland,0.7327366225404625,1.1392383146051916,1.1895733276399258,1.1255518001986877,10.87532466305959,V,127.69515114759102,1,,,,0
24.328017146860365,93.12299334762027,Mizoram,Lunglei,1315.5884636513988,24.217962711863407,157.94199531259767,2.373507661501701,-0.9954213420486699,78.88158208766576,4358.897900147691,3509.7076398034033,111.00008345848684,36.123148727303025,20.05768657387491,43.819164698822064,0.3253787557234315,1.4472065163144259,39.88916691015683,sparse_forest,0.32151026967541185,3.282796191854211,0.6065834600116776,1.2561570271771563,0.05,IV,78.93121123404681,3,09/16/2010 03:00:00 AM,downpour,medium,1
27.1111850728687,93.62435631881971,Arunachal Pradesh,Papum Pare,723.768686515112,37.10351261797085,263.88084503051164,-1.4120921981415147,-3.2308043591464655,150.97462352526412,4230.290421920335,3511.5134208311665,79.49079727662101,35.32754446620782,43.75038630274613,20.922069231046045,2.5044784749703526,1.2966853773529148,49.80329259795462,sparse_forest,0.5204038047069005,2.4037654452675628,1.2461487927424324,0.04580985657332875,1.3527123861118664,IV,450.3267417623208,4,08/17/2014 12:00:00 AM,downpour,large,1
24.806775417344422,93.42225482971305,Assam,Kamrup,607.797227929608,24.319411068780298,90.5322808317278,-1.0747139522649998,1.527777930306566,86.6529079758055,4443.2780531721055,3348.306072871362,185.0423059891977,36.3409814145065,39.09961831347605,24.55940027201745,3.2902653760109613,1.1724813266224308,40.83762897089781,bare_grassland,0.627221688366215,0.6911558647908559,0.4323444367547994,0.47609227145503946,5.6311762198715565,V,120.2656390772953,2,08/27/2010 04:30:00 PM,downpour,medium,1
25.924569471317255,88.91790896587027,Sikkim,South Sikkim,1196.0769747794332,6.034756522485878,276.4627421105782,-0.09739923584667624,1.818465866519146,45.37768825337673,3487.6154558979188,2430.8144811145453,56.282416950358204,24.132112819013233,22.102491328783117,53.76539585220365,3.0108039397257134,1.3921894925580467,21.266943834646057,dense_forest,0.4231052107348252,2.7125034871954896,0.46015703309377054,0.10528611682397934,2.7621834454904106,V,156.22801660938504,0,,,,0
27.941778407678335,91.5176084962413,Nagaland,Dimapur,856.5444124776631,27.645012603821062,33.245512133818764,-2.3442780352106447,1.5924340356941062,131.53309094329768,3058.160502906983,2395.4074898219997,65.85605824702867,32.058881490331295,16.988339385383217,50.9527791242855,0.6611976598763868,1.3126984118886413,40.00440444758717,sparse_forest,0.7324347095220702,6.385966245562969,0.7719641839220599,0.2754789667488761,1.1056342604409306,V,121.88124106339293,3,,,,0
27.10797258532253,88.43951707511854,Sikkim,West Sikkim,827.6908817287389,47.469659525960196,218.68906681680204,0.9963346736274619,1.0225329808333725,213.16681210913225,4642.325511174862,3131.2293497405435,141.15107338384738,38.230003045731145,25.50824312143785,36.261753832831005,2.81869062735141,1.1895933943060357,46.335192365509236,cropland,0.6152335555473673,0.2576851965222391,0.5684766789227167,3.850953241799231,15.375988616921793,IV,89.80097832919894,3,07/16/2007 12:00:00 AM,rain,medium,1
23.11047505632971,97.29856006378476,Manipur,Ukhrul,999.3474520410025,20.327999645577925,230.49512509272523,1.7053923779705034,3.2925398893338356,72.59290370371711,3870.802255726531,3271.7556658765798,60.065153552442474,6.096332118913992,33.06492076113453,60.83874711995148,2.95854634527713,1.3088285336131686,32.61522901642155,dense_forest,0.7540447804955747,1.399559130095959,1.5150892252775008,3.034130359893339,2.8096791455128662,V,72.23185538600265,1,,,,0
27.256059782900355,94.09394928499141,Assam,Kamrup,1748.0486391105187,28.912536160747074,296.17508060819586,-4.145175884605933,-0.9179690913192415,106.00326705032083,3919.81906085332,2946.2323655849946,65.849466669272,31.16605880961278,64.17893602512652,5.0,1.492365697829688,1.1586880361687228,40.30463944397555,built_up,0.7575541804803075,0.4421511708665773,0.8742048551874064,6.6045790153678485,0.4148700357978061,V,119.41966790769871,8,06/15/2008 12:00:00 AM,downpour,medium,1
25.52720910495023,91.04464676082415,Manipur,Imphal West,2647.0691491271787,16.122641836472063,164.2868569622722,-0.11065597268785142,-0.6525468711411501,46.67938479520792,2811.262813549826,2359.0777485532954,76.10814942699946,33.40863534212773,42.58300544111616,24.00835921675612,0.7899055955999462,1.1109997475067082,19.89284323346235,dense_forest,0.3934357759858498,0.44015718685348804,0.684322650965056,1.1610897333639778,1.873568164343406,IV,67.02722359687404,1,,,,0
27.821318497755733,93.07161696927523,Arunachal Pradesh,Papum Pare,1569.6108674772013,20.060234154332246,105.61796986689423,-2.438640531524008,0.643621592259863,94.23472928399741,2805.4574227988705,1976.7690597617684,84.55428933941242,31.61476602452548,44.1918762047398,24.19335777073472,0.9330207564463813,1.4243245292568214,22.947470943443243,sparse_forest,0.3311846209114085,2.0632504593313703,0.8940236427059223,2.43526866098245,5.0224377360412245,IV,285.11383733818195,2,,,,0
25.5338986293959,89.20658252344468,Manipur,Churachandpur,1524.5210165040535,16.07757769432532,353.33420969271094,-0.672325315484021,-1.7765679052861683,88.19688927244263,2935.553264491784,2364.102429394275,61.665577796341935,34.94098857562612,30.794785886049763,34.26422553832411,1.7369402673512577,1.4499826037402102,29.247305949010318,sparse_forest,0.3791853218104497,0.27154823389542393,0.3184947650109884,3.7687491615730155,25.25245220744418,V,258.0919961343566,0,,,,0
22.323395478494042,91.3788318397182,Assam,Cachar,908.5730980700636,15.22004338970411,35.55652582887444,-3.0790019279249514,0.7833175181936337,35.235905400432856,4512.724017033626,3251.9693342502137,59.08601094466064,36.72942875259117,22.167723452359688,41.10284779504914,3.524750917684726,1.2814834794690069,33.57743385376324,dense_forest,0.6594308337514879,4.520510841543426,0.9689166674449986,3.928213966185326,3.737907691170723,V,132.10900136142752,1,,,,0
27.340718809302636,92.1694098698155,Nagaland,Kohima,1149.503399342424,34.311170691151176,124.91531466854858,-1.0413590997856221,0.9063664856454536,136.59647938511515,3285.9001121787396,2246.1001663265997,64.4362846054744,29.13636775394545,46.832224301993335,24.031407944061215,2.0198221642685676,1.5303875771611382,19.207377223357156,bare_grassland,0.5815826860742419,1.8209588687354796,0.2132292268722046,5.49745873387174,7.3862317667972635,V,170.2086804641576,1,,,,0
25.161002159675537,90.57564743318208,Meghalaya,West Garo Hills,1531.2325323710968,32.96747576670499,318.931768448749,-3.206585144377195,-1.89835459518312,84.30376922594054,3397.1792920768576,2292.526328743405,115.6769710262428,16.89138521809916,30.382997049161474,52.725617732739366,3.829036624206987,1.1384246456645148,34.06144396763572,dense_forest,0.3927209645410943,2.9909397520765317,1.3015598997253228,4.70018416360724,18.292953032506524,IV,256.53470539885757,8,07/19/2016 12:00:00 AM,continuous_rain,large,1
24.42186714615415,92.51974324637852,Assam,Nagaon,629.5945760177692,24.950720404363956,264.56195359401016,-2.819050570468737,-1.712211860071107,112.22222552030114,4367.9722820215475,3315.8040222600803,103.64868951320354,28.545348984524185,22.515037310644423,48.939613704831395,4.468048299763751,1.207087890558149,47.83046032310617,bare_grassland,0.41912345621643987,0.22854287251118344,0.8952521579896588,1.6915855472423975,5.7558859358651855,V,353.0753569667835,3,05/18/2016 08:00:00 AM,continuous_rain,medium,1
22.511605849672822,91.58797774321766,Manipur,Ukhrul,613.6759246531703,0.9951789940358786,349.1396849673089,0.287578985375885,1.6248196617522144,0.0,2823.58635266484,2168.074627456145,70.56277282848968,26.293942417595538,33.27769675374078,40.42836082866369,3.7210105473547355,1.2205053289701993,36.5116938057499,built_up,0.46329582912217515,8.86165117140635,0.3131572928268918,1.8436116655791528,9.221687843197653,V,104.50980094759456,1,,,,0
23.904555998898612,97.38741083573899,Manipur,Imphal East,2024.6094754531318,24.012290797566546,38.90462405347573,0.7626970178419239,0.6121677369760499,93.26672935008432,4893.0321524818155,3513.4282889949236,80.5427363797275,20.11046516801987,22.588134378192358,57.30140045378777,0.7029514774141384,1.1820201977375842,47.69965068142098,dense_forest,0.7399852674219924,9.27217527383947,0.27434795091845227,2.299076234105469,11.195194541439566,V,133.5560111918893,1,,,,0
25.215761853296055,96.67129020810721,Manipur,Imphal West,279.6668224485559,0.0,70.59444856491953,-2.766880283286822,2.550064769189987,0.0,3120.0326137443935,2433.477357337012,49.43575133723806,25.04087976389539,30.337130823049076,44.62198941305553,2.062760419620345,0.9747915688790101,34.74524122237698,dense_forest,0.8782371542370704,0.6567769010278415,0.31468793775517306,4.921460562861038,3.0732529855624704,V,350.0985574360169,1,,,,0
25.680765110550816,95.69254383662395,Meghalaya,Jaintia Hills,1418.9623967181876,16.544379441388667,199.81018936959532,0.882237116729895,0.23624937446218247,50.886954274139555,3914.1222584526595,3105.3323250728563,81.55873649827925,34.45257281185997,31.827019703562712,33.72040748457732,0.8758861242832049,1.157168386260319,33.39792449078939,dense_forest,0.7044685659234524,1.2465199108147325,0.3365389763010703,5.275420897858086,4.520209898722522,IV,189.03453036988265,1,,,,0
24.422624891544995,94.05720054739378,Manipur,Churachandpur,727.5612402908421,44.9176605223301,121.9533568598853,-1.9059409635004667,-1.0825998109526016,190.57660358446418,3908.1621312830976,3066.558210173011,142.7730408756264,43.495341940351985,21.73310529555705,34.77155276409097,0.2720362948959071,1.2536089034828928,53.62948202108435,sparse_forest,0.4062289178414824,0.6494211518084332,1.2676683014741523,0.7229201343141247,1.3648203897906706,V,173.6188247608681,2,08/01/2015 12:00:00 AM,continuous_rain,medium,1
29.071565609928278,94.99991298019488,Nagaland,Dimapur,328.8045914026011,21.099024463007957,14.03981634195584,3.777104611940338,0.550824020020114,74.84991133059589,2155.5866227614124,1482.4791444913913,106.05831153667755,23.216937479547546,29.22239693394834,47.56066558650412,0.3635730163238159,1.2010957014082229,27.522647701460976,sparse_forest,0.5488185740496585,4.41480921541943,1.0383442945172123,1.679546350989594,6.601236225019322,IV,142.89091829542684,4,,,,0
26.587650631094085,89.43507021338358,Mizoram,Aizawl,1900.437001319852,31.127043665514265,166.5082291415109,-0.26337230882774454,0.6529907938143726,89.0664556371292,4771.764535765944,3685.677832147245,76.79436587895376,30.562728482991808,15.488361915908346,53.94890960109984,4.518387879815662,1.1691560006724564,29.075428802472604,cropland,0.37921831542245177,3.8165168180293305,0.9812908093246948,1.6944015212925287,0.7765992854396561,V,110.16564778714334,3,,,,0
26.64089885245425,95.32714510948783,Nagaland,Kohima,2786.6237553775895,16.010290157941515,254.99151845459065,0.4102891769041274,0.556284620284932,43.520501896634386,4534.025523559041,3029.4767997456056,69.84244637970082,45.05508555181665,19.32437183890976,35.620542609273585,1.8211773934884974,1.5284404338684803,28.525597608194822,dense_forest,0.5517851275729814,2.265215590721188,0.2158026417990446,1.827961981678643,8.997804456014595,IV,44.32999989216388,0,,,,0
22.90652009663898,90.19184012995885,Assam,Karbi Anglong,1229.0249073319997,16.573285270104265,19.156017617347455,0.17672436341987208,-1.6372567193156713,77.01750776916951,3023.0123606883017,2119.1851404402014,51.71235707309246,26.128486254632055,5.0,68.87151374536795,3.0003843060003454,1.3520634973449004,35.51577466715712,cropland,0.5198817342275981,1.1132579793987443,1.2904809084044917,0.5763509373774844,2.6334166160136547,V,104.79954296986293,2,,,,0
23.15353574544699,89.7878206356596,Meghalaya,West Garo Hills,2054.4075116289077,1.8549279268282248,156.30878495004893,-0.5564032035231332,3.293659495424524,12.070334063172476,3844.1686748342154,3164.7268671793354,56.11995603765407,42.515112787467594,40.19170286402905,17.29318434850336,2.637078995241786,1.1091905910964075,30.90324527632643,dense_forest,0.5901399450988267,0.14562973273611185,1.7303178348876163,1.7795341934272224,7.852211341796903,IV,220.24576013690557,1,,,,0
23.214680026620087,95.31707510511262,Tripura,South Tripura,1311.0098105890177,30.2429400260339,237.68366647401692,2.841844086593131,1.0199739017990535,58.135747541347556,2924.1823607840106,2037.3829091537675,37.59736885575802,38.327316055901434,36.260224339781004,25.41245960431756,1.5786408060366799,1.3713947750120574,39.112891554576954,built_up,0.8085367607135097,0.6682616773473816,0.41997374737217,1.8775676639947017,4.850504496950815,IV,159.32698994993973,1,,,,0
27.550899048127086,88.4278981078744,Nagaland,Dimapur,2036.7238946713053,9.716305872500914,74.70062238901545,-1.1088947346151719,2.1934188786325017,36.684898583174714,3491.2545002320544,2836.7225525333015,31.95190709842602,51.31626842670714,41.672590934196975,7.011140639095885,2.588440061187696,1.2455781271702964,39.891954485398145,cropland,0.9092611976716568,7.289116736185247,1.8493320483223696,1.6398243656434865,2.1132425598891063,V,227.14252459115767,0,,,,0
25.767576067069623,96.9919668114642,Manipur,Imphal East,1848.785259780518,39.762167376930456,345.37938344074263,0.2428701670562232,-1.6104902862353718,144.38149430165376,4353.76085104328,3374.9401924929252,80.39037240668995,31.528986715329243,43.694914751968064,24.776098532702697,1.9430656398684687,1.2705293352198623,36.289642228877725,dense_forest,0.4911987608878342,2.3547575573751205,0.8710273735567221,2.0304082044455423,17.642732345498143,V,85.59028572635059,0,,,,0
23.208112559488416,95.5842528310213,Nagaland,Wokha,1850.733041259741,19.32622975400911,331.28758866747665,0.23848886525099272,2.7485070082358836,86.11617126180239,3341.0833268191373,2504.504446219445,36.02081829225118,25.114724185393577,51.66237157683226,23.22290423777416,3.439263294055237,1.3670084577829078,27.437006969130678,dense_forest,0.6498377140912773,0.7536305988043721,1.622219766522215,0.36238931984857514,15.07293348273871,IV,79.47512173050352,1,,,,0
23.625634368064603,96.71230474809273,Manipur,Tamenglong,1093.194658913773,42.99007692149532,337.4792369419879,2.082565656300439,-2.932839287673057,110.33474432614601,3805.849335118025,2956.4108140161,64.73358731320016,23.539927867630272,32.25534969504591,44.204722437323824,3.943087741586573,1.2753832257946365,34.79690066040169,cropland,0.5816986937514982,2.0212583259706323,2.349981681569591,5.745213532208188,4.229037697179393,IV,76.88656244833734,1,,,,0
22.367013457827902,97.06599109487699,Meghalaya,West Garo Hills,1000.6998012184058,23.634647908610383,355.4530929354638,1.753873974488522,-0.7977971953574535,80.5522834117396,2015.1994627260708,1313.7957793635012,27.684321102034197,20.104548383149897,9.139320956139791,70.0,2.85904400565519,1.451325299474368,20.043167894739344,dense_forest,0.45598624664661924,2.325554239469983,0.691494085300006,1.6141098658045048,4.180111747559521,IV,369.2780460140991,1,,,,0
22.026044572430436,89.63849576231851,Sikkim,East Sikkim,410.9362314310383,9.60722357186202,238.6272265137353,0.901468435801416,-0.48578970260620635,30.871514973828642,3804.377723850749,2917.9496859913843,59.220320946748764,30.31371357230175,21.30899132789041,48.37729509980784,1.3996611633545746,1.0783927901992112,33.068498197812346,cropland,0.4615121149354873,0.2555621067670851,1.0474335554042493,1.8549971497114772,2.849029698777773,IV,61.882471433771435,1,,,,0
22.7177297309455,95.99241087641528,Manipur,Imphal East,2375.5336638450713,9.278956314155998,336.9011677637882,3.5760293881573944,1.70259523634527,41.063318907417994,2867.885495776364,2212.8310868310473,97.99287963702565,35.99608415908689,35.711260195086965,28.292655645826144,2.712579914752507,1.3254435395228037,28.11966748425065,sparse_forest,0.5331718225741682,5.312598087305227,1.0537047810432225,2.029502733175904,2.8847483148655706,V,138.51867033536556,1,,,,0
25.54718429340072,91.30047835500125,Assam,Sonitpur,834.1832884582875,16.702230363528876,81.48334830490724,2.494055642334718,1.2620125461929033,59.19101957564599,3472.5517117364893,2491.5872377736523,53.1690530636888,35.19876434156299,46.734552493540356,18.066683164896652,9.163669761047457,1.2265908402825563,44.283008554353145,cropland,0.6672459096335236,2.2999831002009596,0.5723843092392069,2.5104972424464496,10.399597873332667,IV,20.605493629456326,0,,,,0
28.913268606554432,91.32108776340495,Meghalaya,Ri Bhoi,274.49128605250155,11.637934951508466,261.59655279197705,2.0193730694390446,1.5974195818488472,28.595518139597388,3395.2289936325096,2854.497260065703,77.81147910756927,34.72498362862271,28.09161602911896,37.18340034225833,3.127779629967121,1.114590126686019,37.6947385335364,built_up,0.5722403715574994,6.52272280065824,1.078245687934265,1.4677568311074412,3.5350497935180063,IV,268.7044056220372,2,,,,0
23.73562291185544,92.70739697698656,Mizoram,Aizawl,598.3299086850747,52.589986339157804,76.86188826967762,1.5630553672266612,-2.3711100740857693,190.35850452054834,3404.7301386351696,2559.721325877318,79.96398687586392,36.03370769396699,44.10973700010288,19.85655530593013,5.984991923265068,1.1289595660351448,28.882979416524194,cropland,0.6678596678756481,0.9107038615319321,0.522899320412624,1.1572383223335396,11.40133862230832,IV,97.8715346031594,5,10/05/2009 12:00:00 AM,downpour,medium,1
29.054306928551078,90.40091955638341,Sikkim,East Sikkim,3386.909446806011,26.95295051185505,207.29583459970326,-1.8159409842639667,0.7440245817518092,110.31053426198721,4680.437440541016,3559.34521881004,53.962634780999565,31.679908230592968,43.39756352642867,24.92252824297836,2.4362039081203535,1.2357814409163494,47.869396098997676,sparse_forest,0.488720965664518,0.5633683516225287,0.6319502155375658,0.8261146559057531,14.845883499359465,V,367.33077293091986,1,,,,0
24.550761693103787,92.50136882498754,Assam,Karbi Anglong,980.4123733076802,10.33266500985886,296.79208365550943,0.41863179406376005,-0.8362815518080369,35.70249876037952,2473.9302486550177,2002.7046056644574,71.91311006314864,44.33847738183426,48.216544346727176,7.444978271438565,2.5318928968246945,1.417737143522161,34.25823339248337,sparse_forest,0.5911602991900433,0.11201246310951916,0.47242461705411454,0.11699615293668976,1.3759475775236558,IV,239.3556747778656,1,05/18/2016 08:00:00 AM,continuous_rain,small,1
23.418865792175392,95.83821337658614,Meghalaya,West Garo Hills,997.1499474664727,33.26958622023735,129.1187222755719,-0.6416472793652159,-0.832737091638354,123.39008843018516,4180.342410718995,2895.6124463848946,84.37669264938751,22.057731014385816,29.35112993246424,48.59113905314995,2.16900042432357,1.135424076470965,33.62875868811458,sparse_forest,0.7129253584663131,1.1052888739703974,0.3223291683698468,1.0607494808377465,4.5476101544084635,V,109.630815605658,2,,,,0
26.504009842034655,94.75964189614129,Meghalaya,Ri Bhoi,1559.0459611522165,33.33918677471081,6.996874481807316,-1.9380856963755622,-1.7662852249204402,139.1466181627597,3520.2683645114453,2894.9485134736115,49.41914783514076,25.424931276591572,37.60317084585714,36.97189787755129,1.5928285689702208,1.238684856032774,38.43492289366917,dense_forest,0.5994717345839079,0.100692122126957,0.8419109871865204,4.801939450609417,5.574168562230307,V,92.58312752930094,0,,,,0
21.627484492818777,93.6213354269512,Tripura,West Tripura,239.20911692098068,33.56712727517969,301.9327820506397,2.768666707145974,0.028045279038932804,144.77516381237606,2852.740322148429,2251.8142216209085,49.55410812161166,32.68427021869103,42.51413487159286,24.8015949097161,3.6636304762061584,1.2849863890593287,43.59430410311311,dense_forest,0.5141649053962078,15.00844494878163,2.3054508209338116,5.119519234845895,9.535151369342884,V,133.75657060606676,0,,,,0
25.74710283084657,93.96220534747546,Nagaland,Dimapur,2909.3335490507598,29.31981381638118,236.48821729308233,-4.802128061122749,-3.383262239520417,100.72633148730927,4261.339688625054,3439.411063149464,112.92501612955972,32.41004124929311,22.28746025486857,45.30249849583833,2.444605174279353,1.2676837470682443,42.77073312993018,sparse_forest,0.3193508261155331,0.8834729987143737,1.0087804502431328,2.6880978538365667,4.796404653727052,V,149.69621525794307,2,08/28/2007 12:00:00 AM,rain,medium,1
25.898391847215358,94.74500476360436,Nagaland,Kohima,1936.3056679198548,43.648983520985325,54.216497578214536,-0.9296014965894289,-0.36210838800836675,173.81091609101745,2445.182506050631,1665.411952933894,74.91995180132895,36.22607987872912,33.93401501738005,29.839905103890835,3.601377504455861,1.3507497127983785,44.9689506431624,sparse_forest,0.23765315197896414,1.4434166212751596,2.1309354525586452,6.62071100786465,0.05,IV,177.79982289614765,4,07/28/2016 11:00:00 PM,downpour,medium,1
27.411888889145192,93.99776114699586,Nagaland,Dimapur,2120.68754752891,24.969188888554598,64.45562731136474,-1.3291650080797535,-1.767704775459288,75.76405933232758,2546.7558011059555,1996.4853677794947,61.5190720534608,32.69121128656618,29.477373585229813,37.831415128204,1.5934686119886496,1.3287751145881257,32.281118026834335,cropland,0.41405370555148435,5.986541582574059,1.2707448875739504,4.2208312947877085,0.2502290509566107,V,356.1944606958064,0,,,,0
26.16206768347229,89.03514943020396,Nagaland,Wokha,1039.624531404324,29.106288794796168,152.56346656000176,-0.4436724499420534,3.3203265400566897,114.63703649852454,3153.1769818230605,2582.158853055625,62.990497245737316,22.73403478474618,62.434017114617816,14.831948100636012,0.970142983294753,1.3253227543539725,40.00407841654311,dense_forest,0.44025613590605234,3.7280405863889072,0.5175205538297264,1.7431721272146696,7.176729531982761,IV,299.33710087195016,0,,,,0
27.91124811611639,91.66091833852076,Arunachal Pradesh,Papum Pare,883.9220977171498,21.101798539104205,69.699813153442,1.7898887803700583,-2.289358469633431,103.40682364496583,3047.731861945017,2537.832360182039,111.62281802785877,29.05469077257613,24.84482834495375,46.10048088247012,1.676256312399212,1.182825080058762,34.721288929995325,dense_forest,0.5688612052651542,1.3176024689227372,1.030977777998478,1.9868989006081994,2.8924273572705115,IV,255.39773768200592,1,,,,0
22.352553181895253,91.1083632011663,Meghalaya,East Khasi Hills,538.1431081457275,1.1650768202215644,100.88629004321686,-3.307134406306104,-1.2846286105962281,8.50005205693242,2054.2139867779265,1458.0149086355725,60.4623130474334,28.920381700175433,18.01438337690335,53.06523492292122,0.6971781726304199,1.3615967451783038,35.63281656512488,dense_forest,0.44336907895030114,0.15536775028977473,0.26246882921356357,1.0920659831280541,19.50138040801223,V,189.5416654179638,1,,,,0
26.180950399789086,91.77133584255643,Assam,Sonitpur,936.7588739708511,51.404773760400886,100.95856837942789,2.271107628856003,0.7307475943649486,214.55975517587726,5142.038726768963,4112.5436661367,128.78848177809937,32.95941017926715,49.175715485480595,17.864874335252253,1.6053099813723872,1.4650575654328288,48.005292190436236,bare_grassland,0.43262444399175,2.0356887443637874,0.7334971661252958,0.4813007864760749,5.100822063182688,V,281.08363734810337,2,09/22/2014 12:00:00 AM,rain,small,1
28.81849919612908,97.0880957921483,Mizoram,Kolasib,2054.4199263584746,22.102749018268,340.0556175296436,-0.8602996407110489,1.7287688438246764,73.6644193378839,4105.274914425432,3210.6628172228134,44.03456398003647,31.34733647797427,29.207710735823987,39.444952786201746,2.1958511663031426,1.3213072397642667,50.540231129136,dense_forest,0.6324901164986981,6.784647475156726,3.0586816034046036,0.9495657991510896,14.202505474056487,IV,215.4296290566848,2,,,,0
22.599479048191405,89.82167704457252,Sikkim,North Sikkim,1476.6880801245143,27.27848596952136,7.566790502849865,-1.1061751892658052,-0.8457501281107365,71.85930275897391,3469.5612751909534,2856.512249949884,65.97720352393486,21.90350161947419,33.74364292678579,44.35285545374003,3.1615506939852027,0.997965450991776,14.840127258128344,cropland,0.2358261801540253,8.722982036394205,0.36487082632437284,2.5812225790100656,16.72799325191376,V,195.5929766492501,2,,,,0
28.201824303522432,93.77608028508917,Meghalaya,Ri Bhoi,1733.2316509218613,13.329723125709418,77.73108421154102,1.3181127983289134,0.6724611701462471,61.93028277240757,4324.079085275986,3638.96965602075,56.76548108258796,38.78926918272636,43.065128747362486,18.145602069911156,1.3039177440166034,1.2613877353429772,25.569560664527817,bare_grassland,0.6137523121191353,4.935574172828632,0.7344221514924707,3.596798228767552,1.2076437761207384,V,149.5480802661834,0,,,,0
27.612063803246212,88.67123905687073,Sikkim,West Sikkim,1974.8465396708382,27.293576879131283,162.03220355638655,3.711443718033488,2.749646028160331,82.50353512117171,2792.5862634658115,2139.7268829901373,128.55376669555005,24.03710495118937,40.589486478774695,35.37340857003593,0.2,1.2957137391686542,41.97658289540479,dense_forest,0.4499771488198648,0.34457651722443683,1.8568470585317483,3.1759326850848995,23.945541494989307,V,82.13301939227223,3,05/24/2015 12:00:00 AM,unknown,medium,1
28.06697759391953,96.50435170511757,Arunachal Pradesh,Lower Subansiri,1218.2730892754978,21.032349389762473,118.799878412055,-7.452377450343179,-0.34379613895642736,85.5677021326448,3947.450885070684,2938.17960988682,116.16840276576839,21.17355875155166,33.98024632543181,44.846194923016526,2.0754805446378737,1.3059337110036662,22.665071486552,cropland,0.4712716468445888,0.6280140177823489,0.5159953974916267,2.0338603691683192,10.931347668530961,V,32.918462820431856,4,05/01/2016 12:00:00 AM,downpour,medium,1
21.738278130197493,97.23788151314338,Sikkim,North Sikkim,1017.7602287222013,8.976251921663394,184.35983455223578,0.42177417369725023,-1.9727550053800793,42.72744532769032,2309.6898149973076,1537.899525711191,74.24799321239485,34.53214894694501,35.850523954547306,29.617327098507694,3.1609943497511837,1.2698649989332007,28.43265459156814,dense_forest,0.4700518969325411,7.528911939715087,0.6399131637774422,0.1211308077578545,8.001224437209224,V,99.10959572486662,2,,,,0
27.835229018302172,92.84942290133958,Arunachal Pradesh,West Kameng,1432.8776608707044,24.625977607146318,159.59962030487432,-2.4949258234993055,1.0170918709688848,79.43916627004621,3629.326219451158,2987.8294811285537,53.64596725449408,17.05243889786127,33.20951414481619,49.738046957322545,2.0462554511313864,1.089176317642023,44.38443427006234,dense_forest,0.358801451347039,0.01627888268700692,0.16916882218813295,0.6397725960732203,11.679048644014362,V,69.57882851371924,1,,,,0
26.367380130255505,95.24257792805977,Assam,Kamrup,998.3099658249047,25.69482753293844,229.58557713921272,2.1223372308200057,0.7167357372001417,83.92315222764984,2671.3929465085293,1890.1929674700882,127.51739619788876,36.12429229510281,42.248391966282114,21.627315738615074,2.9519123355990025,1.2004377228903536,30.644281674017385,built_up,0.43895176165135186,3.1304246550383166,0.15903361594061693,2.824648594599999,6.4417017774695635,V,552.3282271988586,1,,,,0
25.08410381570889,92.80637220270205,Assam,Cachar,1029.8033761968686,23.47667790460931,82.46414805048471,-0.6439153721242729,1.9252629959429646,93.69565181497883,3865.2114692398645,2740.638731663254,89.73409491507174,31.512738116112587,39.13577910050764,29.351482783379772,0.5754053756909956,1.175337579009714,41.74507711931801,sparse_forest,0.22501877526065478,0.6194365517376595,1.4503457982279382,0.7580687067652746,17.153922833502435,V,88.12203783089656,4,06/16/2010 12:00:00 AM,downpour,medium,1
25.066728370393605,92.34750546549114,Assam,Sonitpur,3004.86283998088,59.76287726982355,49.4463308077027,-0.9642405624300697,-0.686307872348066,246.7410171988751,4463.3420877396675,3511.5954337756766,46.80761179293128,46.104554570139825,34.59128046619193,19.304164963668242,0.7521889634407414,1.1855200695431718,49.07632864061631,cropland,0.06086789796353598,0.09517375699645997,0.37483858387109165,12.224989165057863,0.05,IV,95.91548972380566,2,06/13/2012 12:00:00 AM,downpour,medium,1
29.39424108836434,94.98725822829434,Arunachal Pradesh,Lower Subansiri,1219.2061638893665,24.33619659291166,70.09856097476244,-1.845551068871743,0.7436941725407946,84.79423603440732,2944.25723257742,2315.596343713104,42.508302081067576,34.832112751855725,55.239023273659996,9.928863974484273,3.334310555518508,1.4021300139477304,35.21641797463632,dense_forest,0.3978561720086098,1.84908610507018,0.9202767708688605,3.4724668203215647,2.580219777387804,IV,229.30710406455285,1,,,,0
26.13583079771285,91.77593033569437,Assam,Karbi Anglong,1447.1761088996664,30.790220909155693,141.10683583075595,-2.3503975491456606,0.47019409158297365,81.62455036465938,3959.315784750758,3118.3639065984385,105.86200719417094,39.65459401146967,6.70409054771018,53.64131544082015,4.044156116486661,1.3191773988770044,50.27809679266091,sparse_forest,0.279939702749566,0.4413713896010556,0.9157716568152195,0.6116879097942742,0.05,V,159.90082729443623,3,09/22/2014 12:00:00 AM,rain,small,1
27.165240645327785,88.60105972628827,Sikkim,East Sikkim,2070.667838562703,37.58879750164279,28.422446636791378,-3.0842029303871565,-1.8811769848145332,136.93297944958465,4070.42397432063,3321.7377475533076,173.77112081177975,26.916284071548105,44.56930788800269,28.514408040449204,6.601754524260206,1.0454763443202413,32.71355485123191,dense_forest,0.23453109923791615,0.07465774560834552,1.3301133046583073,4.034521611087406,0.959741567114373,V,135.61186604303902,0,09/17/2009 12:00:00 AM,rain,medium,1
22.01685821493234,96.79996102978166,Manipur,Churachandpur,1044.2315549558944,24.782290037769165,293.48005389582084,2.7874969474005917,-0.07310583787942271,80.52949443377103,6058.885475298359,4918.955320913299,48.119190444735395,29.176772662570045,32.24997198679134,38.57325535063862,2.8709309267198075,1.528725896078285,45.842599646132804,sparse_forest,0.7464276618507649,1.6422279909817439,0.29686042571107757,7.1008324593940175,12.878635760576564,IV,211.11477604441865,1,,,,0
26.714162062342083,92.33999047099118,Tripura,Gomati,1613.026729292169,22.538532230753766,134.2621395827106,1.6392544375458802,0.2512229523988687,48.98589226944886,3906.6856008065265,2712.3380743130087,48.807323127488075,44.22499493156459,45.06643866505112,10.708566403384289,1.3291179255904078,1.4006674000992516,22.173190657242735,dense_forest,0.42527678472230296,0.3940453211467898,0.23799668260018683,5.173951432354494,7.104450700242502,IV,327.77050211062556,2,,,,0
23.664480695564446,91.88208468060778,Assam,Sonitpur,2529.575464009128,16.369116616424854,134.72469341026596,0.8414976872695886,-1.4311434931986726,79.01896113397042,2802.5169627352743,2117.037954941946,32.151648687087736,28.60132205743457,25.59742136259507,45.80125657997036,5.18754391926847,1.5050639889096853,31.972711637395143,sparse_forest,0.5122897855677906,2.995950221997722,0.4941912659959267,1.7277791164616716,1.440446873510162,IV,112.6253409108176,2,,,,0
22.092069048515775,93.83455440480094,Tripura,South Tripura,825.3716847411357,9.654156357017602,294.86698452659385,-2.4083441766022116,-0.7419667228425716,20.019696360640296,3249.396603105836,2195.7733759395796,100.94269383242158,30.139762686677887,37.94973678579421,31.91050052752791,1.855428110717303,1.574415143817747,39.434760138634594,cropland,0.7512477927121158,1.1264208514567746,0.27772891041126674,1.8701992536477139,7.146409993626104,V,205.41495848460696,1,,,,0
27.14729974558641,95.30950973231359,Tripura,Dhalai,2516.6151657337314,28.1635163853177,338.32267054971817,-3.9537172735076256,2.179663500558929,104.10469456131705,2588.1973098582257,2062.5282393974144,60.703110815999466,44.23631971450879,34.39237311183953,21.37130717365168,1.6643453324176767,1.2325567348139672,29.62738220648905,sparse_forest,0.7347235791810038,3.730209691969266,0.4415379114081172,2.654247174277013,1.2755641369359736,V,302.289919218445,0,,,,0
29.091017314579535,88.1971002298278,Assam,Cachar,1970.4625050367097,42.87759129807196,254.23237767971153,-0.7530174566313088,1.4845542966004706,108.12075818508514,3052.279449908292,2068.370402927659,75.17672421518893,32.50128963544033,32.52799869882833,34.97071166573134,0.9160137155068834,1.499542609490812,26.26959511099914,sparse_forest,0.3438954593229331,2.628092971072227,0.6258028794405852,2.348290314303131,15.732317338896989,IV,147.5759795468415,1,,,,0
22.583653908118883,88.73324113861219,Assam,Kamrup,1063.5226032237533,16.292035236844146,79.14491728897109,-0.39173267921133825,0.956195397836931,60.72666585081415,4030.67981517232,3253.9219819016243,57.434256928098776,25.010486541079146,36.58884752477712,38.40066593414373,1.8103086756909916,1.0595479333122515,41.491913442286105,dense_forest,0.42564661242435053,4.737162472548059,0.8684809058817428,0.06401309589980234,4.471882705268865,V,317.858174375409,2,,,,0
27.848231652021767,96.95264141275429,Arunachal Pradesh,Papum Pare,1895.7966118036459,46.95618494927622,268.29767727631685,-0.6425829087636515,-3.912592001892862,126.47012570153105,3958.425491049688,3249.025988890203,144.9062092633459,42.11098341037089,28.417418106193438,29.47159848343567,2.703736058854883,1.508447878749403,30.20071411351456,sparse_forest,0.4284980771676331,0.01,0.5595646346343743,4.915736594658108,3.5263897486793616,V,236.35001379308886,4,08/16/2015 12:00:00 AM,continuous_rain,medium,1
26.744348632510807,91.03434533652982,Manipur,Churachandpur,371.5221985257882,13.330619043866484,310.3201940562324,-1.1466399152908453,-1.0212008989265693,55.28159435416404,3053.9259475342633,2462.098212771284,42.256348220625554,12.135975636442224,26.668178404626882,61.19584595893089,4.953357069356204,1.2758120000814177,23.782515844360965,dense_forest,0.708217211888888,10.577831467535361,0.7885867190767324,4.396024591580515,2.190477834209087,V,202.9294384241108,0,,,,0
24.8219496085071,93.95618441886921,Manipur,Tamenglong,483.1096465685507,24.75082097548505,301.00266230868004,-0.21087329108692954,-2.331664450569353,72.88704792105341,4230.95132250108,2836.182284999676,72.80019200912727,35.12913072069391,40.92338206958579,23.9474872097203,3.170598987335623,1.1644628904249081,54.09421314142687,built_up,0.580905526774437,0.9617566283498763,1.1218937947159304,0.21161519304280482,0.05,IV,199.29284931578417,1,10/08/2010 12:00:00 AM,downpour,medium,1
21.615042897888955,96.17780968036735,Arunachal Pradesh,Changlang,1218.264976999052,20.83484782523052,232.5851714766929,2.136169913666739,-0.4326952656544532,104.48121446681404,2690.903487120676,2038.3040853981424,38.868334041670124,39.53531796411796,40.30218402958634,20.1624980062957,2.8606633177312744,1.2453722116934958,28.407321451887544,dense_forest,0.3075917915416642,0.9482902402934621,0.15050316442552514,0.4195475445852173,6.605479869207547,IV,199.85027637752216,2,,,,0
24.871486139868324,94.77231199623424,Manipur,Ukhrul,1610.1574230007916,21.679482225106998,316.8291292151897,-0.45886590568043967,1.0897568331307046,87.48910973212911,2045.9259176204976,1711.8749185229065,57.45711100061369,23.752567537597457,39.16569808770801,37.081734374694534,1.1444376359874133,1.2790621178925414,40.757233927577,cropland,0.5211854958658402,3.673405980780127,0.9011376793462053,5.309204032324777,3.9445555712821956,IV,54.78701348458759,1,,,,0
29.315020179168485,97.49790475154117,Manipur,Churachandpur,1683.0806769015112,31.300207980868848,135.37790921223154,-2.547399723613555,-2.052237746917679,85.18261224900957,4056.5603892073636,2862.68781815752,33.94393221984459,27.767437938864322,40.08321912640216,32.14934293473352,4.298752809832811,1.2384699086395856,34.40407534997185,dense_forest,0.4892276183034856,0.9317878956009003,0.1431450821420711,0.6364299838011617,3.4667378418579053,V,279.94364847049127,1,,,,0
26.181607678907035,94.79715029842026,Nagaland,Dimapur,540.3192940164217,26.761764760516208,95.81644707835407,0.2403825314399579,-2.5940732233125066,87.34576428322286,2961.829422517009,2451.7433299928457,107.35198425390898,25.046332553341,32.517993194601665,42.43567425205733,8.341383070269549,1.2227849181785617,11.117349611042108,cropland,0.5051556993706097,1.702886366579874,0.6374932293256809,0.38296461739467597,1.4303280016231221,V,275.3331987434203,5,08/19/2010 06:30:00 AM,downpour,medium,1
25.00264024728185,92.42471749161136,Assam,Kamrup,1725.7527869307878,30.912162934601604,69.56908458514765,-0.9116618368020795,-1.4070701115179225,119.33137949728196,4086.3664045675846,3255.834082426268,76.42627769273678,17.833934669977694,29.47972036167927,52.686344968343036,3.1962166572126396,1.2633731336753857,44.401307663645696,dense_forest,0.6974246008246286,0.3092478883418844,0.6567608633753677,9.748595794011575,0.2535927447966906,V,405.18009435423016,5,03/19/2015 12:00:00 AM,rain,small,1
23.916131884193604,90.96648045795476,Mizoram,Kolasib,520.9314564989994,19.976785009683613,357.3472587097898,-0.9571914220013087,-1.0695965197127681,71.40582249602716,2871.986690069082,2228.8900260870532,44.52105738216201,28.27483818476015,21.240862584232318,50.48429923100754,1.1867555535618648,1.3862813058405814,38.88641933956596,dense_forest,0.5711070150521012,1.1219634632891824,0.051634304904149025,0.8138355547787532,7.069379033000431,V,123.87816579847757,0,,,,0
27.50487231371641,94.23537057537203,Mizoram,Champhai,1763.3861829620923,1.41530508474915,60.53136142687158,-1.5207153873032553,-2.2306607490270434,12.080066830459717,3438.403773244774,2835.8891797122524,47.50848230827018,28.07146733557938,46.30539186872909,25.623140795691526,2.281345301730089,1.2861911648487925,43.821990818833086,bare_grassland,0.19056689607226418,0.4248113412295505,0.3636814651053597,0.672123935712494,26.194927058764485,IV,532.6310282736621,2,,,,0
25.44698905393829,94.10652993118485,Nagaland,Dimapur,1555.687182507345,34.87186984503625,298.7092295824297,-1.8019549719641337,2.7248614290057898,150.02067219725188,5563.714897984436,3792.111901097846,107.46500068606726,39.494229674107046,35.303224609956764,25.20254571593619,2.795548231962303,1.3236262999839834,25.670486498669835,dense_forest,0.4035356717947054,4.572674413858965,0.6892456863525342,10.060632898664517,4.661226327986809,V,147.4751100809418,3,07/29/2011 12:00:00 AM,rain,medium,1
24.814913150972686,93.5710220286368,Manipur,Tamenglong,614.0582584296961,47.36934283242006,151.2446767002441,-2.145759059005624,0.1510693570861934,151.73954806945392,3331.527039522518,2616.20123341035,99.18507649830644,30.042237959000893,35.91670511453287,34.04105692646625,1.5761566594585041,1.477413316257748,33.38083753027991,built_up,0.6123118470583504,0.5880659500673959,1.0763895042812046,0.6187651076859041,0.3901024173559149,V,137.74086848151654,1,06/10/2012 12:00:00 AM,downpour,very_large,1
26.311592548628532,96.87068322181119,Assam,Dibrugarh,990.0952514692206,35.55494483681898,176.09523791368642,-0.8110628633883105,-3.774917661625855,106.98100926258988,2044.1531492134059,1541.7037548459698,91.8672968726053,32.53091776624904,57.87648384422067,9.59259838953028,3.2522802543405915,1.4434160134054623,25.652382649339877,dense_forest,0.6824321331918057,0.019611716397461888,0.7407953088319124,3.557340329778019,20.760466057821358,V,137.83008924291096,2,,,,0
23.56013103789082,95.79347504128444,Arunachal Pradesh,West Kameng,1652.890553044845,12.368047581487598,0.628186063072067,-0.6013022469694417,-0.006900951631945167,67.26040155804415,2386.4179479015747,1733.6054463917735,75.56563133724418,25.02610684089445,38.26144916437473,36.712443994730826,4.681580841130936,1.196805686715205,28.056332277486938,sparse_forest,0.6375253043575865,0.835589886744968,1.5130425086047792,5.773217754026093,0.38641791049431695,V,127.4244768512748,0,,,,0
23.415455886609035,88.865787715925,Sikkim,North Sikkim,1019.7937596172113,26.349978106769434,81.11419564504962,1.0841149727894321,-0.7180131514421846,114.31101823862608,3073.8263241519508,2494.4876611340383,43.88581639929062,24.055593194456513,17.737208720625656,58.20719808491782,0.32517239911340656,1.6765710593689809,26.61605446964038,sparse_forest,0.6844698050598415,1.7000794413657683,1.1080408991949955,1.0901048052038307,13.598345318584723,V,95.16757566351174,0,,,,0
26.215003874978677,94.86796013081171,Nagaland,Mokokchung,1810.7627050811857,20.096144480739255,27.673243169810604,-3.6095547625128956,-0.07170114791647919,69.76748336218583,4356.300697145219,3634.0285998277714,122.56709346439332,25.16115429062397,29.160623007993657,45.678222701382374,4.314376728398341,1.1738992331762712,38.29956840925532,sparse_forest,0.49811748284944296,1.0874120191699188,1.2755441638336047,6.664365174574432,11.316754511806328,V,123.02487689269438,5,07/06/2010 12:00:00 AM,monsoon,medium,1
24.82439112321481,93.92075304183092,Manipur,Tamenglong,1364.8263870856201,39.9329464009941,328.1016595815681,-0.4974174390540986,-0.8800144668791052,105.35130561975454,3286.3016585690248,2660.149536904679,97.99213804015932,26.476626764048028,53.1789953401165,20.344377895835464,3.3348172806656318,1.2480557376887478,33.45833360825808,bare_grassland,0.3922775582851735,1.3298507918071907,1.2447613310930192,3.2279033105353756,2.5827166035555416,V,98.31879961199695,5,07/06/2011 12:00:00 AM,downpour,medium,1
27.77524475465555,92.71362028271362,Mizoram,Kolasib,919.6906421217237,37.447564170091894,1.9585367799751463,0.9515243973297792,0.18789298354316317,121.49692207848108,2515.673905476634,2081.04699509164,69.3563182113614,23.662265817263552,38.2433245227729,38.09440965996355,1.8663200132936568,1.2892190168966149,34.21246526472886,dense_forest,0.6513544809390779,1.80362495190012,1.732540962516203,7.299930105488902,0.05,V,332.3077673224899,1,,,,0
28.77891495518213,96.14313185291056,Arunachal Pradesh,West Kameng,1757.3326424497943,19.66334432342432,145.82993346037856,-0.3492088783644375,1.4407430165675983,80.53464670562198,5238.618649890193,4061.0117551089234,126.24746046793896,39.196477567108985,43.91207525035947,16.891447182531543,1.8143855667876543,1.3337069517444293,43.339575399160935,sparse_forest,0.5851418056063599,0.0588758050924244,1.9298216343272985,1.935494283238723,16.378481282702253,IV,163.45349722494913,5,04/07/2013 12:00:00 AM,rain,medium,1
22.415308652728694,90.40063256450674,Sikkim,West Sikkim,908.0170209095677,13.679588974181648,36.35593987703456,-1.6717120598779922,1.8618224002157566,42.447836321675084,3766.0792144011693,2727.6437784253435,67.45938008422041,30.034209428423857,39.62032393470536,30.34546663687079,1.488221914161685,1.4885890765761918,32.10494619073423,bare_grassland,0.40355976490082857,11.117400422215557,1.3842158593373775,1.8355364265488725,1.6578892017552052,V,88.1618761600379,1,,,,0
29.40156437979288,89.39484475137296,Manipur,Imphal East,2301.248236837358,12.577525575825277,214.2820750769856,-0.7163013819628027,-0.22496033731946818,36.61294900171448,6154.537923139999,4993.047497868732,61.529882131017345,41.50829773290127,35.605795552149694,22.885906714949037,1.4944984663857095,1.5256796706739277,50.74177317859518,cropland,0.4283106835867042,1.2888856981409091,0.5795001002528991,1.3437742448537922,19.642659397598322,V,96.13832490565295,0,,,,0
25.571900843291704,91.23043375957482,Manipur,Imphal East,663.6644987500038,7.811018312198403,40.488164298091306,5.063422524219571,0.4374140113598005,24.459086552321132,2275.4351918095567,1673.2714731001972,55.27764557649044,34.27893668620448,33.617282021090524,32.103781292705,0.34955671896968177,1.058105613262007,30.081388585741262,dense_forest,0.544363909399762,2.4529144628134887,0.4869490461469849,1.5542931901689807,5.014668675430533,V,243.4592690681285,1,,,,0
24.537476809524037,90.76933646271507,Mizoram,Aizawl,450.6358533884115,15.706131781662876,213.79538727181043,0.3301288325764194,-1.7191778444133559,45.724326019021035,4139.65507391974,3095.9249028886343,133.79363228543878,26.306044496518837,41.77316623885739,31.92078926462377,2.5067170119505175,1.4483047162217144,27.795774029998817,sparse_forest,0.535126168635822,3.4286920402426606,1.2960395989471356,3.766656920479528,25.459825650844714,V,176.38082019940467,1,,,,0
24.499280039607868,93.29218966304963,Manipur,Imphal West,1971.2158542204688,6.247297702662745,95.87083688765411,-3.552024345828462,-1.3546014881765787,9.945616535734292,1970.1325065588994,1476.7466256434907,39.79527355436678,24.757956465289702,41.119249327089626,34.122794207620665,2.580204408451811,1.3009470294899241,33.07508684557768,dense_forest,0.6212074441570326,2.8560862028173766,0.8700335328031104,8.403857937816145,4.335855093519976,V,495.850731445866,0,,,,0
26.190974433074107,91.7974496976543,Assam,Kamrup,578.0397396774915,3.3137521077945635,324.48923472184816,-1.3005965558699462,-0.40828240352414846,2.790772259957942,1535.544509932302,1010.678601768949,86.57998178675311,22.43896125078749,48.67774367618125,28.883295073031263,1.030818020702171,1.3416360207635938,38.74950045963352,sparse_forest,0.16487588343023812,1.591786605384491,2.0396828517882675,10.154558256286169,40.86197888914295,IV,89.67489821175725,3,06/22/2016 12:00:00 PM,downpour,medium,1
23.727848017673132,92.69062118613377,Mizoram,Aizawl,836.755199720074,19.032725905812416,127.02379012451,-0.21054383003845276,1.0158917555877696,53.65626643065615,5168.2976701075995,3454.8579447249263,142.0006584991082,37.50940119238729,32.8453629061477,29.645235901465014,1.6028872296196834,1.3558887277219716,44.882013879979596,sparse_forest,0.24260709629037644,0.19602073833797962,1.6498045876012126,13.015890866643325,2.390217827448947,IV,125.47781877450184,5,10/05/2009 12:00:00 AM,downpour,medium,1
26.34657248790956,94.83454505600807,Sikkim,North Sikkim,1337.8496179436195,24.942350124908568,329.9322463406764,2.1205060838491696,1.7555358274060398,97.27393004879085,2498.508264818739,1726.3976890636052,90.6647080186987,32.201091809923064,22.462757945107086,45.33615024496984,0.9245802387152166,1.4453745288354916,21.878521306538936,dense_forest,0.60924662186792,3.3672250286819945,1.850716886104804,0.8749671581755246,3.2358957508259167,IV,183.26505374761655,0,,,,0
27.527946774933202,96.34388056605998,Arunachal Pradesh,West Kameng,1330.8232639062699,12.05905282803478,90.73935870450894,0.7665341889749478,-0.9409053566650295,55.43799216392157,3710.977551794677,2424.2871686119584,65.10958684130122,28.44073409913824,47.3877733338292,24.17149256703256,1.8143118312877116,1.2825499403553795,31.109539783177205,sparse_forest,0.28457852581211357,2.3601417686158115,0.32585687412090286,0.3116325309453023,10.338516391217407,V,100.73347486922556,0,,,,0
25.732996747922645,93.91462897964182,Nagaland,Dimapur,1461.7141334213177,39.47700075522248,270.1525327938095,3.603849002231768,1.7346927591086376,110.43800038206301,4193.437793188031,3398.9955284991315,73.09482780827601,21.724398551542237,51.433690952325385,26.84191049613238,0.524755080096641,1.1169304308824675,49.536286238889865,built_up,0.6475176159915527,0.9453326358756643,1.063159606964267,4.082348547144003,3.6148593882020696,IV,83.39044293659626,7,07/17/2013 12:00:00 AM,rain,medium,1
26.03068956626985,88.41494727037286,Assam,Karbi Anglong,749.6209465455152,32.036582151734436,200.94909716043077,4.73857026605206,-2.366213601464497,98.94038422002771,2845.867358466213,2214.907324500538,54.40742223896802,30.79125905846755,45.12255002080609,24.086190920726366,4.741739386261812,1.3006305913991483,37.17306371489416,dense_forest,0.8608998401080119,8.306368621467575,0.7701800441654787,4.8418037627601604,10.002111392621565,IV,109.19448084612198,2,,,,0
25.206459774931087,93.78353252254175,Manipur,Imphal East,2339.8610278021815,21.43796112580294,250.35437021815017,-4.109581260701365,-1.148733420820867,90.30234530030907,5045.9764703842875,3893.796123910435,75.80175389346323,35.40704808851458,37.59814905725567,26.994802854229746,2.9207531830375184,1.3859153390738264,44.250364378774364,bare_grassland,0.95,0.15071291512109192,0.7947660998770854,1.0235664369152269,0.6915109768201728,V,63.591749699860316,4,05/31/2011 02:00:00 PM,continuous_rain,small,1
28.860985256236727,96.15927784378653,Arunachal Pradesh,Changlang,1223.57428903863,51.58422164480723,191.43527615889593,2.392049739509445,-0.24591525024741656,148.71952742406532,6197.2930091184835,4739.189167141441,82.0528688926683,35.38519197871519,36.25785452422773,28.35695349705707,1.3519259644136166,1.2919404053850578,48.09362837713044,cropland,0.19710099073743156,2.366171550711096,0.37493017020994235,10.403814947069591,4.19369673365675,V,56.78905131589262,8,06/02/2012 12:00:00 AM,downpour,medium,1
24.459508252464055,89.88141794826849,Manipur,Tamenglong,739.8328005391907,9.820635711376656,207.3806733759893,-3.780708725443405,-0.0235453942879899,35.50893098977763,4177.828180920733,3134.633446326997,90.95332199099322,38.61830918438014,45.84953800773118,15.532152807888686,3.320577143185021,1.299775762261295,47.99051587999869,dense_forest,0.26888124778629574,0.7861579403766336,1.595094908893158,3.8564408193758952,20.805139584880692,V,63.28383502579651,2,,,,0
25.01070696133779,93.48272119034834,Assam,Kamrup,3567.9536439096332,51.97529484368286,135.6489436133935,-3.193580471653967,-2.25417978884096,190.37004315381301,3946.176635719458,3105.4572696651458,146.93144207991259,30.96815351404764,41.64179087373018,27.390055612222177,7.0427977717300285,1.1210765747660547,44.09764130778887,sparse_forest,0.45657867460074536,4.678393457568794,0.9761270481666409,1.1923242576690152,0.05,V,56.544228714086344,6,07/29/2010 12:00:00 AM,downpour,medium,1
28.419633829611442,88.57355688356995,Sikkim,East Sikkim,729.432675775901,25.573183810739977,128.6955252297348,-5.671851980673565,1.629684877582719,92.02857671534942,4055.191412346734,3371.5407175065297,63.13807175622267,21.10356550566714,56.13649545131237,22.75993904302048,3.8484549904770655,1.4816926015127954,38.917769186293135,dense_forest,0.6734592155906487,4.702899653530486,3.3729882387384063,2.1286337132575675,1.353842044829812,V,183.8918545654309,1,,,,0
28.981967891172474,90.57106299918208,Sikkim,East Sikkim,2077.5844564545628,16.707845266915943,336.61550262047956,-0.4756965551137812,0.30289253643937586,53.86262961829651,3756.2650705617384,2771.4026436292324,111.63309451169307,24.543417968795893,6.447995900864324,69.00858613033978,1.107043582183306,1.3716406073511673,35.04143968310532,dense_forest,0.5989761449434535,2.7715054506188026,1.0566720126442755,1.418022016742144,0.4592452778952901,V,36.854306430874836,3,,,,0
22.860074447847786,94.66978584587918,Mizoram,Lunglei,624.3341233509384,20.47289708034556,308.2282902870379,0.382182889094856,0.0748659542924946,108.33283575305545,2582.613871829943,2095.1634977337067,61.797648107974425,37.38813850683032,20.163640825928105,42.44822066724157,0.5633092788063404,1.3737768411289712,35.94602953007395,dense_forest,0.5015297300108691,3.478213766053258,0.7527172775007953,0.460622908872523,21.30128321855193,IV,258.86749660199746,0,,,,0
25.854511683119185,90.10172641349797,Sikkim,North Sikkim,1417.8753594146574,31.885202372892678,252.5641967973799,0.07159736183934376,-0.6458315461137115,92.20984616124588,4570.764274031788,3824.6773062648185,66.16832113789327,19.20212833931791,36.80995588475125,43.987915775930844,2.4372228731194694,1.0624204330715896,42.95239153543667,sparse_forest,0.6043499063512713,0.9108931889988188,2.4402759425215996,5.446915981567818,12.731032185009134,IV,160.88522911264664,2,,,,0
22.580390997216192,91.25878207717626,Tripura,West Tripura,948.8143486640492,14.590948301147499,186.73553819409804,2.1227521189701526,-2.7540444480797754,68.21084534489044,2889.454669837598,1972.1156470265198,123.8586790222961,11.768070915625962,28.084197200770223,60.14773188360381,0.9364194573400919,1.38548292905605,33.09060547734367,built_up,0.5414638241605283,3.090549720571116,0.42778054538338994,2.296576425814681,3.5703588341303725,V,117.6607292248056,2,,,,0
28.420861772426996,96.5553340867387,Arunachal Pradesh,West Kameng,1589.9913415685887,21.218982128399958,53.054371426293045,-1.4697225475852702,2.394745624410371,62.60116494329574,3026.9151904832815,2247.1620170462284,77.73591623716098,26.716578369247173,34.840694263466446,38.44272736728638,2.820553632560847,1.2610429412502537,23.212018569238843,dense_forest,0.48863187245883555,3.5833674793099126,0.5704676743478404,5.348879051626766,3.3402600044317823,V,57.84563140231658,1,,,,0
26.901898112953695,91.7239167638918,Manipur,Tamenglong,1218.2060189537685,20.130223623527424,325.20049203235965,-0.7821605677482268,-1.1888749843686617,89.57102168554862,4407.985618195732,2911.2657487832616,57.388011902811215,24.10618591998782,49.93150091354022,25.962313166471958,0.8886925537529454,1.619072749586619,37.43321256996237,sparse_forest,0.6705539043638611,4.004093017033218,0.22223384531631774,4.116130983658591,29.666718742369625,IV,179.52939244310926,1,,,,0
26.075607255811647,94.73229991641061,Nagaland,Tuensang,2092.8251014040425,28.97801392527292,40.454863146175846,0.31405968732235023,-1.3264211056563167,114.92638150682416,3752.5146342248036,2929.1602810865693,108.4351823462504,55.683110371527604,27.031616485363536,17.28527314310886,0.8923619178782412,1.05596658358574,46.753255499745514,cropland,0.5097820236451578,0.4816187400630784,1.3029906787028882,5.45813353144487,0.05,V,237.2393601841905,2,06/07/2013 12:00:00 AM,unknown,medium,1
24.98067939456751,92.70714316017074,Sikkim,East Sikkim,1466.3112348168515,4.653947540547074,203.88950215902722,1.119341650322133,2.2565292308267773,22.09004299773304,3986.5115972139943,2905.3499724568424,42.88390072158037,13.140199284367949,18.13842426673239,68.72137644889966,2.66806365026736,1.141844870979436,26.1412827894478,dense_forest,0.5629147907119306,2.7456963522825286,0.4507246309591083,3.206096097492561,4.1354726230386465,IV,118.78042674040722,2,,,,0
26.501816357822804,94.74875100662425,Arunachal Pradesh,Papum Pare,2046.5743962208542,20.47349607055126,182.22426263254465,-1.4126827480321362,-2.7967074398723515,53.51766276412863,6024.576922653806,4707.472005177838,60.95742217522718,24.383139769059163,39.316576053479764,36.300284177461066,3.297979748214758,1.1959667265060971,28.853099259005624,dense_forest,0.3549193587833209,9.515724694388979,0.8187898582361474,1.8633671934209548,1.634036178466715,IV,227.11956209501523,1,,,,0
27.376773103766045,88.7741014020208,Sikkim,South Sikkim,345.7805436348746,30.342002620637864,297.64522904639205,-1.263134998407814,-1.9612758912413288,126.30039202734477,4693.346129286068,3266.559393879234,92.26197962448312,27.252471004134335,21.675339035215657,51.07218996065001,2.685368455517062,1.2277854135757922,43.60011146877481,sparse_forest,0.5494278825575213,1.6739827922129173,1.3906028049865344,2.154118378777546,8.38088447865956,V,131.55559472330893,5,09/04/2010 12:00:00 AM,downpour,medium,1
27.182174937180648,93.75654353521674,Arunachal Pradesh,Changlang,2164.8510107562606,37.16901618165079,98.82853506646182,-4.611536603451534,0.5601004181617572,89.33240711536087,4799.870621298592,3785.9115629730977,88.17025426435342,27.787045027943524,37.976858744450205,34.236096227606275,1.0473223064126467,1.2187421250699264,45.06968780755441,sparse_forest,0.546418356370259,0.5129978836012601,1.3670009677667936,0.36611089100052957,0.6709978249206872,V,204.60663047164718,5,09/02/2013 12:00:00 AM,downpour,large,1
23.969663057757835,94.80015022726462,Mizoram,Lunglei,3008.4127190405316,6.928228130418869,1.0113068022692584,0.7450269743577178,2.333795275258652,20.97853318390912,2303.1232386848333,1938.4656467792795,95.09282344582132,29.045845045857206,31.755911630756636,39.19824332338616,3.242170731241242,1.1927487139659352,47.668611898916495,sparse_forest,0.5749644658906665,1.824301046662034,1.203143579991921,3.4489507509665165,3.542219703175659,IV,203.88311283446842,1,,,,0
28.095865852683538,97.4805949545537,Arunachal Pradesh,Lower Subansiri,467.4701563604764,5.80689050809613,235.79926787852153,0.2728006426759293,2.0327429193387365,34.14488890460657,3719.9029355992798,2670.0315070441407,41.58438991336498,17.359068965364127,27.624406057540956,55.01652497709492,1.852077143784645,1.2231293022260155,22.48899257639956,cropland,0.6934685479771863,7.537060051537907,0.8120558684815178,3.633109666417118,3.569441981194409,IV,61.05978104998301,2,,,,0
27.34460785518154,88.6390344818912,Sikkim,North Sikkim,695.3101744727367,21.2046972798919,88.90087662915789,-2.88358801079511,1.1400426131531693,86.21626485874214,4021.482979693905,2727.5683573222664,110.68635103812129,27.675990097438277,36.07895956287215,36.24505033968958,1.7730827612587465,1.3160913955205258,41.568707297566625,built_up,0.050026338211822674,0.9045102073503426,1.1050953634964613,1.6877149714334392,0.05,IV,11.80171133277418,2,05/31/2010 11:00:00 PM,downpour,medium,1
25.07925889709201,92.81964424540958,Assam,Karbi Anglong,3520.2327064897586,21.268756051381907,318.4587299599903,-1.3999137714265628,-0.4353900495394922,81.78552975895666,3405.750831617778,2490.763700505764,59.078805659325624,30.49647241588568,39.04880999105398,30.454717593060344,4.464574208822451,1.082222912481644,45.33165481102753,sparse_forest,0.17378836600199543,0.16595857640501413,1.200066043446691,9.53141675500388,4.286566464414923,V,164.60459641819912,6,06/16/2010 12:00:00 AM,downpour,medium,1
24.24229435053875,89.57727847759847,Nagaland,Mokokchung,1095.473685701609,14.098185687710568,118.25073885718885,0.1995072968531545,-1.1498083286157457,41.114933169021356,2432.8651831995267,1785.7539154534247,40.96564556384689,20.69132173103373,37.77245042673751,41.53622784222877,2.6688241989699524,1.1280279554276023,33.092725985359266,dense_forest,0.5296224004728428,0.8516119724795316,0.6054349768698892,0.2317385688941186,2.50327083765328,V,364.8434991084562,2,,,,0
23.34372272865033,92.6038819877241,Assam,Cachar,1008.5849862235341,5.0260115416575974,51.47140625364755,-0.49154961571836087,-0.9353173821014995,29.16331205441848,3632.3612547127277,2537.4762715991696,93.96522442007038,32.880541202388805,38.355072573556185,28.764386224055016,1.6029063420444138,1.341699405807854,19.382251942757357,dense_forest,0.5420492834873243,0.7490465000474615,0.12654194247649497,0.08278356066459171,8.766998146882072,V,100.251536138068,2,,,,0
24.523273293883907,91.39520395549066,Manipur,Imphal East,808.2759321401512,16.13950268544857,188.79427990228643,-3.317254998730996,0.4814147803748228,47.677853079575215,4342.581879563317,3312.5797190046183,63.28827971904281,28.931504751763917,44.76226901980252,26.30622622843356,1.6518059185885843,1.4187035016364191,35.76606052970971,sparse_forest,0.49733451389010314,0.02339089124116731,0.5357156050849627,2.4845145095018815,6.101225615085585,V,84.62507498620177,4,,,,0
27.06776427356859,88.44899398132543,Sikkim,South Sikkim,2215.75515469671,49.71886471622025,349.96964771010096,0.3990390390677143,1.0249537173021457,192.5768582963821,2973.485002754933,2058.5059898281365,111.24290007275191,26.159141255902252,47.58458281111985,26.256275932977893,0.664915230909086,1.1890577233816941,36.756292495647116,sparse_forest,0.24290159328110866,1.2905961522814584,0.6975511013236986,0.7716394220846916,10.128904882511934,IV,141.87096904147316,3,07/19/2011 12:00:00 AM,rain,medium,1
29.48451810090448,93.22752412524486,Arunachal Pradesh,West Kameng,1468.540810608636,19.368042656168388,121.62769153674107,-3.8014842487405938,0.0793120142093764,76.7973154973131,3425.391834757968,2871.429471200552,86.24260705433032,26.334605077273693,7.311927065530092,66.35346785719622,6.073294587308628,1.3228073546954122,30.8634947922976,dense_forest,0.5093824543174891,5.797345125113539,1.0243076051972737,1.8403489786321514,5.298973876334584,V,47.81273793641918,2,,,,0
22.917356629465054,89.87802882545574,Arunachal Pradesh,Changlang,1084.0543345137623,28.46255872762361,115.79812408169542,-0.9574285148245587,2.018979167544358,116.57659874008645,3793.3530603430504,3176.8425608051275,30.84504397908023,23.036197386019367,11.503559850519917,65.46024276346071,0.9149352297495756,1.130298005496445,29.60612876031663,bare_grassland,0.39854228480430254,0.1458438147764735,0.4728987761393715,3.1079034009448496,9.830044689490737,IV,60.94862256861173,2,,,,0
22.670365365303628,90.9715081300491,Assam,Kamrup,1308.7278264096428,21.986690415250123,321.6118138981092,-1.5148727566159088,-1.5603172858863077,81.39935613537341,2325.0873603921755,1593.9587579743916,45.192712621134525,26.681831940198546,42.32443378103725,30.9937342787642,3.303086835681124,1.2968159793196863,18.68814869539478,bare_grassland,0.5905800380921498,1.0354477088961527,1.1439626677188752,2.1145213369347857,10.814490358641164,V,221.10017294215982,1,,,,0
23.417636710610537,97.22215291280344,Sikkim,South Sikkim,650.4967267500691,12.325847805294963,136.78366848535413,2.094019093524207,-2.1469687541923568,49.89915660053962,3751.4278400872986,2538.9504240657666,57.69618436309779,18.845147580337873,33.89400198343046,47.260850436231664,3.1998978495197146,1.018365132663504,35.29906127632208,cropland,0.4883787903253299,1.97177280303488,0.3930987070305706,6.237810285057112,3.3560899310893384,V,80.1657191835015,1,,,,0
24.421924021944204,88.79788691503164,Mizoram,Champhai,1139.8618162140217,12.01969255398837,263.6282520531133,-4.156298265118719,-0.3065704446735605,43.889818105539106,3399.6783020140206,2506.294580484863,81.56252322572698,30.756303801551695,24.12154502513478,45.122151173313526,2.1384949339038313,1.3872193291848953,29.46630195965757,dense_forest,0.6819879438209191,2.0140430650213528,0.1475754480692191,1.2809519246063177,7.227227575461162,IV,270.75413311409585,1,,,,0
22.89240548120955,89.38562901550645,Mizoram,Kolasib,242.72246136988522,9.929283753598106,294.63352825047997,2.4170567778720886,1.2369418166364736,54.79012944225354,3076.5311098460356,2023.4346855379026,91.06604280075321,20.137486158286386,28.299746396984293,51.56276744472933,1.6998829876461574,1.2614745808255972,33.60309988533878,bare_grassland,0.6093412308898191,0.37379474398578455,0.2551685120822384,1.3879765969118438,21.38395185172516,V,198.86645874468908,0,,,,0
26.959815073620977,95.81237490856626,Manipur,Ukhrul,1677.3889175096613,10.61741523474844,210.73520884857865,2.6622688415832614,-0.09668604429009352,51.31629343683815,2915.474797351657,2422.6580998866834,44.70621521257137,23.060979227643713,40.470810159345945,36.46821061301034,2.9865774430169023,1.4199455442890054,43.09670640660961,built_up,0.4285635944730574,2.378662913074949,0.6771388087886379,1.4369930789391592,4.893038164898088,V,55.649502823195256,1,,,,0
24.03157693952637,93.26176787649435,Meghalaya,West Garo Hills,1037.7944815507344,22.210625948780127,314.5728196424015,-0.806788368124148,1.9217047341945592,72.7194772426922,1709.7909849309863,1161.3614539115313,48.082970502301535,37.18326135428033,52.008074348259456,10.808664297460211,11.089898672241803,1.1829687683204768,43.093293374406954,dense_forest,0.6847099767410019,1.8664250172633272,1.1671328738005167,4.721535634039976,4.267550418902832,V,56.90550546643118,1,,,,0
23.907138436104383,89.37757705323149,Sikkim,East Sikkim,1377.9523889558275,41.84269411916298,198.9560454626488,0.07446831783421864,-0.5864452296621347,147.08292427983346,2905.4725299414104,2381.5346031747345,39.329247308441694,30.699543462837113,40.13877537836379,29.161681158799098,1.9082453456995192,1.232256220969368,28.110946109304933,dense_forest,0.326997767023149,1.393381860424804,1.687266782894486,1.2298783158433442,3.0862977133076686,V,118.79541776056695,2,,,,0
27.2523741906522,96.82291440298579,Mizoram,Champhai,1640.724095827167,7.553855719394404,23.899096901154152,2.1633529368212367,0.7531636934914172,17.90195238979556,2880.966575697811,2157.4453530057003,75.01920891622353,31.546133858573288,30.786204344547095,37.66766179687962,7.771753979447963,1.562495348870382,31.47001784355231,dense_forest,0.5400458562360371,7.163463050111149,0.7506561389359949,7.352634603088322,4.468047266990597,IV,190.32618076673185,2,,,,0
28.67049066211379,94.6842039587834,Manipur,Churachandpur,1949.1627698356967,25.431921101291657,323.0370069782955,-0.1041031917818836,-0.3556966656454674,82.05575256878632,4088.7293105561434,3078.4998390096757,66.36171217175377,39.87193213224798,34.427385208934844,25.70068265881718,1.3079451307334267,1.3949477349335568,40.74973285333739,cropland,0.566837533936268,3.331297652452534,0.88000310490458,6.141606963708631,9.114763024948632,V,29.84175797242728,1,,,,0
27.554816241163497,91.8409267491902,Arunachal Pradesh,Tawang,740.1151144283474,38.664258491713525,143.6593838202975,0.968802981443109,0.8584373825720185,120.30229797115032,3575.245538206559,2452.4085484812167,87.83131423417868,31.164123585292856,30.776591748527636,38.05928466617951,1.6774300462420222,1.4448212487600194,25.749881601140135,bare_grassland,0.47014480845746587,2.262422079638699,0.10955412326746325,2.3880421733091026,8.392992451392606,IV,43.94775380117665,2,11/22/2010 12:00:00 AM,unknown,medium,1
24.845132841635174,94.34430629905869,Manipur,Churachandpur,1362.526880886312,20.56641226195005,349.02585790302555,-1.17616364439152,-0.04515315017139865,94.0586822404074,4232.66518211543,3063.55097173113,110.32654889274417,47.58238805082588,36.41548610482069,16.002125844353436,0.8642390835818433,1.2304474412736246,52.65484078606292,dense_forest,0.37678560672141204,1.502863571772688,1.3744380818952957,0.19978886944744684,6.804371773029836,V,240.02366427096845,2,07/31/2015 09:00:00 AM,continuous_rain,medium,1
26.688079236007034,95.80216016634272,Tripura,Dhalai,2331.2528966750274,2.724783903177034,166.23372850294874,0.7130435051648266,-0.6142603974506989,20.177667084814328,4011.130759023054,3194.8324496231835,56.98121670710209,22.597793260314276,40.183561182311124,37.2186455573746,5.9241833286349825,1.296452855730942,25.57094758471502,dense_forest,0.8589202497783411,2.8888059381320157,0.7721616559006552,4.006800241929854,3.659294353475411,V,213.27616195348054,0,,,,0
25.769219168421497,93.90387977463043,Nagaland,Dimapur,1942.7227906714302,31.49697511696825,13.977798659415681,0.3480876859494937,1.504866486071311,87.06476200123879,3303.752355563883,2304.538561887223,106.83475387000281,29.372416896819182,30.102193239537534,40.52538986364329,1.4814179273316561,1.3865207319247914,54.93035826556576,cropland,0.12229742631883239,2.3531144428118043,2.2183991431485666,3.334230888417458,11.840886701521779,IV,68.28503870025011,5,08/28/2007 12:00:00 AM,rain,medium,1
24.82501076344188,93.10164743177529,Assam,Karbi Anglong,120.80595262648939,13.56455158582988,239.8343302817341,-0.01087690860696311,1.1578801703319455,41.796126749042195,4315.709740611443,3008.47482613675,114.64326000168637,24.008941243382054,27.616966973601556,48.37409178301639,2.3973911196077036,1.405914991399718,45.032875307675994,bare_grassland,0.3697386094047283,7.076391697802613,1.3123699199030572,7.563783473691219,0.05,V,187.7305318785858,4,09/06/2011 08:00:00 AM,rain,medium,1
24.806894913472856,93.9562501303379,Manipur,Imphal East,1879.136637175406,8.650093486552073,59.245124705064434,-1.68807337422602,-1.0582439505103869,52.82150640404888,2934.208671207047,1983.7138956621372,104.92898951505846,32.59421260692649,24.439718399878515,42.966068993194995,3.4546622549743025,1.461845111917627,38.46260436847846,dense_forest,0.6339840458885213,1.6088844154244293,0.9425822550440734,0.7115938818514047,21.184055881102932,IV,109.79321862607128,2,07/06/2011 12:00:00 AM,downpour,medium,1
23.525366858669937,88.96951111892328,Meghalaya,Ri Bhoi,1656.3678551599262,18.54733488374695,28.620942749280367,1.36650862303676,-0.8264347977441887,66.17532645534263,2858.720962000929,2144.238377293965,27.900666927214132,21.655629726494944,29.20484438355762,49.13952588994744,1.1998314567913766,1.1373659135035228,26.21565382694329,dense_forest,0.5527473429730796,2.7559305164304595,1.8153200266131948,1.0559182886799106,3.3938888719731786,IV,84.64785751830169,1,,,,0
26.72072458477811,95.0537965612456,Nagaland,Kohima,1281.702061873638,29.362281496195976,254.34805688056994,-2.115775990268266,1.4911208395297388,107.06254122613359,6479.7429776554945,5060.889838311775,77.07512699077961,18.174782704582196,28.930300381850603,52.8949169135672,2.190966269628914,1.454996854044539,34.09470037650782,dense_forest,0.43276933495134645,0.08186169762443239,0.33275097427020645,0.45847084679032024,3.0734827600244774,V,419.35970930910673,6,07/06/2010 12:00:00 AM,monsoon,medium,1
25.610997309720744,91.9112424870843,Meghalaya,West Garo Hills,577.8882609867276,32.07957178735648,162.7377575358767,-0.9216858883085568,-0.5215067722275986,148.2373479549069,4620.022409260773,3518.4515276713355,81.06151017871835,39.17321266597931,34.060520491357146,26.766266842663548,3.0134609399147503,1.3993598916839314,36.92490879973389,dense_forest,0.11277070749289614,1.4573424126204246,1.0922039085601454,2.034659914623657,3.8916785746727247,IV,146.19590795819641,2,09/23/2015 03:00:00 PM,downpour,medium,1
27.495193254991587,92.31364969667833,Arunachal Pradesh,Lower Subansiri,2888.619167378235,31.364178844360445,131.85756725485732,0.5711571114843872,0.41968535831263565,76.98849095049793,3715.4881803940343,2979.01951370375,116.64138345125906,31.8456952306303,30.03759882204693,38.11670594732277,3.3954633515507813,1.1624545613137398,41.800221925552044,bare_grassland,0.025778013204671518,3.9224527627347,0.44016310897160754,0.8026104952374112,2.9829787493872337,V,116.64410443962387,3,08/12/2011 12:00:00 AM,rain,medium,1
26.22959683128111,91.75043907280781,Assam,Sonitpur,1828.512651662734,12.116064887709928,131.71199198023604,0.2931474763351858,-0.48602777451109164,42.051456065710674,4592.771339554698,3547.116966807398,91.54166197904074,31.61414400983113,43.72180562824534,24.664050361923522,2.614904724575979,1.2222330999878162,40.26698273810501,dense_forest,0.39190997963337126,0.6552097502501102,1.7369092692414516,1.6906334909265621,2.1263796762732365,IV,160.58132787271995,5,04/20/2010 12:00:00 AM,downpour,medium,1
24.4815367129005,93.66690978043734,Sikkim,South Sikkim,1034.1416035437173,26.841015429208568,196.19671964475646,-0.6291557553088413,1.1127831458182906,76.58455985368586,3380.500547991522,2238.353831578006,115.05093820301641,38.99393607819514,39.02741150954048,21.97865241226438,1.173144869026179,1.606878267167198,19.667476940394657,dense_forest,0.46472233689535825,1.6847975115272178,1.353564994219738,4.214305807166359,6.138698357169232,V,51.896366250702464,1,,,,0
25.424077591289464,95.58059701049692,Tripura,South Tripura,877.7757343153787,18.686397599736328,261.73195985794354,1.8298929586809618,1.3541951232178682,74.46658903953853,2653.6815554888467,2221.5002966742754,74.43036946011156,45.22451982822206,44.541763588534195,10.233716583243748,0.9054077574814818,0.9322974370752853,30.18650255589441,dense_forest,0.6842377606469704,1.1958908807767155,0.8488243107514049,8.361595743481379,6.023061104068484,V,338.38517353023354,0,,,,0
26.088277144333265,91.72911841831895,Assam,Sonitpur,637.6167115857749,14.688245057723483,37.81022877796215,-1.6575242961317895,0.2049484765633841,54.32956467578725,3998.6016199638593,3272.5568734933195,122.95614767654062,28.85430353754977,22.334269213710684,48.81142724873955,1.8250312708097207,1.2925945117022282,42.600059231712486,sparse_forest,0.46962124537613276,0.3107173520670623,0.323077514278428,3.531134072128234,6.752438287812674,IV,72.18170030573432,5,05/11/2013 12:00:00 AM,rain,medium,1
25.639668026582,94.08102352404894,Nagaland,Dimapur,625.9699026707185,21.880671137043766,2.393296317497109,-0.5999161850404535,-0.2845951247848103,65.69613446685189,3668.3837024195527,2565.4332421942395,112.54686891422503,51.021467186236364,21.252395867521557,27.72613694624208,1.5356814760195343,1.3783050764837401,33.9571376273725,bare_grassland,0.48831041268974473,0.9370316605582545,0.42435422543858625,0.11239143273187324,1.429946415569308,V,201.1380721880721,1,07/12/2013 12:00:00 AM,downpour,medium,1
23.15968282342998,92.43221284380131,Assam,Nagaon,1223.3349305892132,18.650045348998592,54.90638847857058,2.9019371746216653,0.7779105270811015,69.84395570354943,3636.175482195103,3055.1343088654394,110.9125444612658,35.220584630029876,30.235142593488604,34.54427277648152,3.0494872834137934,1.4146061695719416,47.39425802632122,sparse_forest,0.546702418925274,0.32770117263099136,0.5137317259430113,4.327577591536422,21.15684018030033,IV,296.39591812052237,5,,,,0
25.657368567128184,94.13299801101046,Nagaland,Mokokchung,1068.0261237603293,46.62879190919544,105.39101902791735,-0.6647657737333008,-3.9411356849340446,130.74463303021267,3312.133550774609,2753.7003206339887,76.37386592405387,32.95856844841916,24.32457930196723,42.71685224961361,2.9166301184901315,1.6426146238952697,35.80506354587495,bare_grassland,0.5557169605356912,0.9897436034984056,0.980627291207525,0.16986287503404865,5.535113260340916,IV,102.41994319415721,6,08/20/2015 06:00:00 PM,continuous_rain,medium,1
22.572121087213148,94.95103592776357,Manipur,Imphal East,873.3772683526088,4.214471484788779,342.04734639140264,-0.89614457411622,-0.9902043440743548,23.087527392895137,2220.9798883733133,1465.6267809259161,82.72343796782172,26.813136081162945,53.90287214176253,19.28399177707452,1.111550718372068,1.284757378931645,21.55381878621362,cropland,0.41316853472673365,0.8547312299369842,0.32552918473444636,4.896953432342842,1.189634573973148,IV,331.30158960362246,1,,,,0
26.083860438212312,91.40633885144189,Nagaland,Dimapur,1032.3240340824273,19.915557851563932,45.663456521679805,0.8379746150182384,-2.1002671325963997,54.700855147879736,5176.820435939323,3976.946530942719,74.40977669101525,22.224427606658548,46.571052032063214,31.204520361278234,0.36005490033133364,1.4172105789676175,43.8435335397022,dense_forest,0.6719562155592642,0.6042097587438834,0.5666444405832908,5.617593206499791,32.18698706729833,IV,270.6331048474903,3,,,,0
28.852005259581375,91.02897591911898,Tripura,Dhalai,1090.2981831656364,21.270619663874527,5.195141349923547,-3.853506986690917,1.003502546544533,73.94575983818113,2641.3623446666743,2057.2211601706317,74.82835016839394,9.265937825738344,21.10441211604557,69.62965005821609,1.5203711806077644,1.3965524688082338,42.0961040055587,built_up,0.5855165514486618,0.16528216610737495,0.06688266459580251,2.2970583179734447,6.220133488043001,V,222.37748274265982,0,,,,0
22.481466078285298,91.6912623731629,Manipur,Imphal East,707.4519311964475,26.307329140564434,242.32635377043707,-1.5638351650104079,-0.9578795919056158,116.7498356660701,1632.8070743057738,1359.2857628869758,76.24371288663558,24.079703613836852,46.66816802871277,29.252128357450374,2.519853719233529,1.3866836531669646,41.84691411089508,dense_forest,0.5952997416724432,0.8144470770282464,1.5612731192336247,4.847256953633832,3.934032836276035,IV,189.04240255172482,4,,,,0
22.34837811269854,91.64738076919662,Meghalaya,West Garo Hills,384.45139475309765,28.07362699964282,275.6894106048183,-3.7985985597742573,-1.295745728716579,90.51983302773144,4613.733895856448,3277.4128591277713,34.42188408555081,34.08408041048976,37.58392299951922,28.33199658999102,1.4739251395198651,1.093179474327284,30.56336008163839,dense_forest,0.4822957374111937,2.0623037387588674,1.8134024064598486,5.7645141701345315,3.7747804014854265,V,138.75252599119042,1,,,,0
27.334159375061386,88.60996736025804,Sikkim,North Sikkim,1913.9140833050558,16.72773614067319,68.33248424291554,-1.236765017865658,0.7307547080826083,55.805367120054754,4789.462567613366,3869.2189603024995,69.63716381924854,27.81108031142801,24.98752589264194,47.201393795930045,2.026140847708842,1.2230232595789023,33.68666013925423,dense_forest,0.36322318782699387,0.31492656893787485,2.2670149309547125,1.3431289056711824,0.45681552545319315,V,76.60269210516677,2,04/17/2010 03:00:00 PM,downpour,small,1
23.34719232957487,96.35667896643969,Arunachal Pradesh,Lower Subansiri,1054.0584153599107,16.61595862597527,217.3995948577328,-2.1655811965163942,0.9315137813196686,71.5103710579503,3302.7711519786862,2379.6690820647223,107.51352485563542,25.30939820069977,50.125282415716164,24.56531938358406,6.261980395565463,1.413096025699657,36.00643582368038,built_up,0.5476740977625336,0.740592903782658,0.45925798872974233,2.455443431518309,28.963306339570366,IV,33.627969651425616,0,,,,0
21.522751607008612,94.42448298307576,Manipur,Imphal East,751.5855132074039,17.977794660637343,223.8310532584615,-0.004846266215298783,1.182389177661392,52.35858790356033,1922.9287813660858,1445.4091663628687,63.944283400765265,32.569404886349815,36.16691279509614,31.263682318554046,2.437210519036682,1.283246371925197,37.44706397214808,sparse_forest,0.6624688247816218,2.5618779562033382,1.0613643731513982,0.2495993619761882,4.616435767603626,V,89.17707236389018,0,,,,0
25.732837942627878,89.92096411879949,Assam,Cachar,2031.0127261296652,29.58421260517506,355.2237000948494,-1.2909610114556016,3.046542749636719,79.28828555189543,5182.080742095744,4313.655789594325,122.8534740725968,34.21148968193162,40.547272159559824,25.24123815850855,1.9585470628160802,1.5790830782011869,25.053651882220915,sparse_forest,0.4488370955587337,0.21226925245542222,0.5952855085750035,0.4207755473821183,1.0224994950838662,V,377.21473791651647,5,09/23/2014 12:00:00 AM,continuous_rain,small,1
26.248925761291368,89.3061231975963,Arunachal Pradesh,Lower Subansiri,529.8581567947721,12.332704937971373,207.3826071202227,-1.825638317527885,0.40810152678788764,36.35919411489343,2221.301129430839,1505.8212062202626,72.23843560362673,29.259300713019513,34.73185069098696,36.00884859599353,0.9628809767173152,1.1349022069421284,25.38766667749144,dense_forest,0.4821234920076776,2.7772097248202225,0.49975329661548856,2.9284408727170366,1.6102116746949355,V,354.23384453074914,0,,,,0
25.902158234926823,94.51104018079184,Nagaland,Wokha,652.7963724911623,21.695691863665864,8.164666622060679,4.568123888059468,0.6598709455233143,70.69001840638913,3176.4329393774833,2674.1157610742207,88.87062522143778,11.005462636359683,28.296041921875222,60.6984954417651,3.815151222660527,1.114275079459134,53.57344643002092,built_up,0.46625466260214854,0.43249620104005077,1.1110052173145992,9.490885623056878,20.842744598503685,V,57.83875566388838,3,08/04/2013 12:00:00 AM,continuous_rain,medium,1
23.04874141460465,95.05383059632116,Tripura,West Tripura,633.4078470051692,0.0,141.66357297450182,0.2597711657477641,1.746453949746419,0.0,3050.0107819710083,2290.5851191537927,114.5557604135374,40.417605447505466,54.21078369220085,5.371610860293686,1.4989839800584652,1.3061921347511254,26.788509200612864,bare_grassland,0.6740120297552384,7.280559622868498,1.1998107818861523,0.47303389617831837,2.1397759871287283,IV,58.668024430253745,3,,,,0
27.212678446085942,88.46769151455544,Sikkim,East Sikkim,1034.988442817821,44.63742234713209,240.5638555200571,-3.5287610672427694,1.2021259585121447,163.6896246313101,4928.17457545091,3849.514050665192,47.91091360537696,32.69610453303645,44.22287094281387,23.081024524149683,4.990785885482698,1.1200023084650947,35.36743430017609,dense_forest,0.15324169451523212,2.2093500080754462,2.9644436516424575,1.5994606141500636,5.00103816170499,V,109.4298899116145,2,08/20/2010 12:00:00 AM,downpour,medium,1
26.295692006979518,96.13013758130681,Assam,Cachar,3063.844332962117,17.637571326222034,259.57217575193954,1.6401372792288058,1.1316465082727352,94.42511559160606,3338.4163338298463,2304.1290668088586,93.75036196265386,25.272607853037044,48.7641036794284,25.963288467534554,1.7558973087680392,1.5374846042712604,36.76457922689538,dense_forest,0.658914992251714,1.7505712531362065,1.0887245637193377,8.322170486647778,23.854120009980846,V,146.74605602705748,3,,,,0
25.03226235819605,94.30402155170198,Manipur,Imphal East,1306.9262160274939,23.37484672482659,268.67392016965255,-1.9781503827221432,-3.049851640859223,91.39208574698019,3313.8639069135857,2188.4518297672503,98.27169493606684,39.45658074203325,25.2389651828313,35.304454075135446,2.6646120355631506,1.1703229007395706,37.80544848579414,dense_forest,0.43440501002943055,0.8520686353412636,1.044762261916934,0.01,0.05,IV,176.5746859595583,6,07/07/2016 12:00:00 AM,monsoon,large,1
24.131357202044818,92.69474760181208,Mizoram,Kolasib,2129.6530417996973,42.191362376187506,241.48923744677498,1.3525063095830907,0.9188520694709787,156.75335673803988,3959.8554484272718,3252.912263293099,137.0356732022131,27.629378870868276,16.505800754204536,55.864820374927184,1.9370676405180025,1.2434128209363013,47.93904138789941,cropland,0.2309229121259706,0.5439480017594552,2.297835581036455,5.2488141377384645,13.25803886581975,V,162.68743957959376,5,09/29/2007 12:00:00 AM,rain,medium,1
25.423057215243794,89.05856637169029,Sikkim,East Sikkim,1162.7235724183513,30.883090297084802,237.07153540252023,0.48859657562593384,-2.488511215050305,143.38233555976885,3036.951905155651,2067.9054542702875,44.01654696807962,18.99263365225614,36.21153408790879,44.79583225983508,1.714885060920464,1.4573638674005225,40.30683426925347,sparse_forest,0.6506201339358021,4.225140026480455,0.6627027878336085,0.3856633744301585,5.74561945285301,IV,107.07311467572717,1,,,,0
27.297295258402464,88.29770139952169,Sikkim,East Sikkim,282.7325638276566,29.099935038960055,247.00186115140912,-3.2369464695370254,0.6682452519906517,139.24785752715638,3563.6189513209047,2718.0946938095253,77.00258337917676,38.21263170390232,32.332007001092876,29.455361295004806,0.2,1.018410218611878,38.152021038772034,built_up,0.35876917808422865,0.3531139277758508,0.9645767938756351,0.09869881313714832,1.0402002408050057,IV,131.45329217457686,3,09/18/2007 12:00:00 AM,rain,medium,1
23.793379998409804,94.24565110018672,Mizoram,Lunglei,1412.771558246362,26.512403659003052,144.7878962025977,2.3993961470619367,0.39084658163799396,89.92884911900298,3951.1380740868735,3234.637796696342,118.3904813033151,35.989091860593966,16.684198305541944,47.3267098338641,2.5527548667151403,1.2699868088106656,37.78543892694344,sparse_forest,0.57044415800606,1.0463125539638014,0.5153458119624786,3.26744621760283,0.20437821106333837,V,74.13099881556441,2,,,,0
25.350674872040948,96.38947738624435,Mizoram,Champhai,1626.6684809750388,14.27330239137831,344.1459706969485,1.0852684521355407,-0.05112643513244808,45.73893833653037,2581.9780027838733,2042.2242114816731,54.022071409157824,39.425987336221496,31.421997347933036,29.152015315845468,0.6233215583492597,1.5862239402537237,39.38023332804041,sparse_forest,0.7183296567894223,1.5853144009751494,0.876687342739815,1.265264799840732,6.092822390101332,V,55.394353377829724,0,,,,0
23.986203984652462,91.51316975834365,Assam,Dibrugarh,1164.796624410165,20.556003249763076,53.313484735499,1.8356258469898246,0.16369921078721741,82.6057781728756,2987.7168952280676,2124.3610906193217,92.12721707932859,30.178734711932456,40.673038212084926,29.14822707598261,1.9053647600103556,1.1511754999476695,41.08840813280481,sparse_forest,0.7500004084764783,10.056200872174434,0.7374803198416111,4.710191966757619,11.897618779342753,V,127.57908921296271,1,,,,0
25.03853581919738,92.81620415665203,Assam,Nagaon,2299.6897374891682,22.893554847854688,98.17370615051628,-2.310070994814306,1.0445132668772992,65.30857341557856,4076.564478287162,2980.5002021422015,72.18287898667748,40.48676346209017,55.812218888599084,5.0,0.5050829864741648,1.5688333767909215,35.38596951111958,dense_forest,0.36583025853866924,1.8770776850593778,1.1021317111926767,0.4071054207199129,0.05,IV,175.65417217472557,4,07/25/2010 12:00:00 AM,downpour,medium,1
24.412741031935134,88.57507877528171,Meghalaya,West Garo Hills,649.5301422929531,38.28078661208891,358.6064195205557,0.4009351392914541,-0.7708224673189014,106.85712348092886,2723.0243545640583,1896.4069267950565,47.47624238173907,13.052288524947974,20.633179857579144,66.31453161747288,3.9218202994546374,1.2993541302556249,33.1193321627326,sparse_forest,0.6040915119088823,4.092368618123439,0.6748539642870912,12.446115695477964,14.888036575130107,IV,111.41240704192808,0,,,,0
25.621333424796138,94.09490275466665,Nagaland,Kohima,274.7097106019228,36.64941253234937,73.90344700827094,-1.3000423572834419,0.6408987105374758,175.76995111662944,4384.516303601055,2963.405657191953,56.41011960246658,33.06271143202926,38.37586908218337,28.56141948578737,2.9619104619484244,1.1848898310863516,48.16503745637963,sparse_forest,0.2118516979891566,0.1994041734511341,1.1173787076263002,5.162734070411865,0.32870003727798114,IV,337.519657191193,3,10/09/2010 12:00:00 AM,downpour,medium,1
27.262876319230937,94.100686489183,Assam,Nagaon,1377.5132585520537,32.81409505696224,10.140030857039646,-1.083196342110146,-0.5418088578421678,119.2006404479712,3624.407829533407,2871.7505910545697,98.57221089284903,19.656324564574938,22.766694064754837,57.57698137067023,2.182846134793244,1.2692864650927516,26.40370917938701,built_up,0.844224581700298,0.5716694567467847,0.893189254967415,6.972889056918866,5.826859047138921,V,89.4114256133956,2,06/15/2008 12:00:00 AM,downpour,medium,1
27.147359454616556,88.37093095515004,Sikkim,East Sikkim,675.4553323695388,32.639182922765315,258.5439576464535,-1.3338742225550564,0.39723349772769323,153.45726410282845,4299.624382124365,2990.335935860162,105.82211687308222,25.37541195231473,30.29840724611455,44.326180801570715,3.5008045900075015,1.226550067005938,24.212778232107667,cropland,0.35865461668571796,0.13730392918966125,0.0979445485198013,0.5254587361201388,17.118460686642006,V,507.1457232366579,6,07/16/2007 12:00:00 AM,rain,medium,1
24.0581366956371,88.24281582501276,Nagaland,Tuensang,1617.3023844891218,14.883764559738616,138.51927917493126,1.5702904539374154,-1.1730359833492479,69.47817055209856,4146.267243490062,2931.757570614457,30.637361716816137,36.31943578246859,32.94055343141244,30.740010786118972,2.182591625828126,1.3246128084482485,32.58331894069735,sparse_forest,0.5783081763956798,0.11905988807275827,0.7953010311649655,2.3690048685166203,3.0653194126531966,V,154.49779136311767,2,,,,0
25.65800143543495,89.6634217039641,Arunachal Pradesh,Tawang,1520.410240826265,28.76672877104414,76.35177389112606,0.11066918134794075,2.7170741504592644,137.05115041404574,3736.4352126098424,3105.322272731008,33.00753913623327,28.04204324771646,57.50099811866512,14.456958633618413,1.229845033469381,1.1311780938444986,36.07357038390405,cropland,0.4832529748342653,0.6193508244923527,0.25572773483042216,0.3985284034555722,19.311557725817615,V,32.43517818524576,1,,,,0
26.115643044915586,91.72483600118967,Assam,Cachar,445.6760660323564,19.24247087551779,317.6944351324629,-2.830816400808194,0.40541677175167656,85.10457473127677,3033.947150575562,2347.819861566086,120.89699398837358,33.947855620347255,30.1075221334638,35.94462224618894,0.28155539446795064,1.2649621760811318,38.01224648431515,sparse_forest,0.2777971701641063,1.238535952309774,1.494845042512315,0.38769466936014507,23.477317275407774,V,101.94589713308437,1,09/22/2014 12:00:00 AM,rain,small,1
24.42829553760947,94.08680911080556,Manipur,Churachandpur,196.27978511394016,24.399790558124046,141.2327905794032,-2.7321546886205654,-0.7058860235564843,100.80054256188798,3387.343507599089,2654.0418682750765,121.70694843486042,36.762226859090156,42.594096330857276,20.64367681005257,2.065617014522987,1.3244602474276537,45.94644013407672,sparse_forest,0.6488836222835408,0.02289278931015844,1.4706571010341436,0.1513396344264777,5.1295954434626605,V,205.20356134081513,4,08/01/2015 12:00:00 AM,continuous_rain,medium,1
28.100844411153478,96.5410937167254,Arunachal Pradesh,Tawang,862.9009406301959,29.08595032467924,202.63481463301093,0.5990304551157826,0.0528731941987771,110.7540892351561,6110.612420358638,4928.6491035971485,58.29780716728301,34.98324827115725,40.45659746511321,24.560154263729537,0.7367743392103524,1.2627420413542743,37.442182549427855,sparse_forest,0.5211043528144144,0.9578965072783746,1.3198190606948401,3.8726748006728107,0.05,V,286.2455730069813,4,05/01/2016 12:00:00 AM,downpour,medium,1
27.612109869526634,95.63602632876993,Manipur,Tamenglong,1241.5047983013958,4.737859212138373,87.96842346014415,-2.0355725267659492,1.8371836981851564,19.45062381955978,3263.085216556195,2203.184868335866,63.53904975321635,20.357114397656492,24.992359271635024,54.65052633070849,1.364123164305284,1.1124279096572778,32.86826681390578,sparse_forest,0.7809952012944694,1.0640715737733446,0.5970830879862481,1.9780243180375026,0.3634537818643556,V,268.2532078915309,2,,,,0
23.684639078059007,92.69326084130157,Mizoram,Champhai,5500.0,36.839546107903224,3.4818222812598654,-2.6143029677955334,-1.870007290101479,92.7939908538284,3397.27999903825,2489.6528110131426,86.98624667215499,29.74142579639465,33.43025658239553,36.82831762120982,2.8540020751154502,1.1806083154358784,35.065758359496755,dense_forest,0.4982910601478688,0.4856732881519292,0.8912594010822323,9.693303526282836,14.491332567783726,V,138.97132892956736,8,08/06/2010 12:00:00 AM,downpour,medium,1
24.409161350301023,92.17435062127093,Assam,Cachar,1422.976120517358,11.181721030727026,55.92925295251946,2.365130392091385,2.1470537154016434,37.538801829718885,3550.7913628647725,2904.0658381540015,49.33908707869315,19.693197456170452,51.507305551787496,28.79949699204205,1.554723108694876,1.0301333743077268,47.39027330470894,sparse_forest,0.9309213367541107,9.324839633615992,0.4595543607362596,7.597732123774341,1.8392514306947927,V,462.6809453264909,3,,,,0
27.36467774089579,92.35897014936046,Arunachal Pradesh,Changlang,3321.167876804853,30.29184090198629,52.69722447270269,-1.1088498042103498,-0.5645406609184531,97.04843701237824,4258.315331624711,3117.4939332034214,113.80870697771338,32.78198449226204,50.52971788889319,16.68829761884477,4.16803311122918,1.340609136976035,39.43469242137023,built_up,0.6324010410916854,0.22506704786601112,2.5099132733546465,0.8971802866031292,0.05,IV,77.5860549324498,3,10/29/2008 12:00:00 AM,downpour,medium,1
26.815513686260132,91.1976410060777,Manipur,Imphal West,2178.9517356998767,0.0,53.41488888658314,0.7105790789299881,-1.6546031077677963,0.0,4320.097833707826,3562.6210680311005,39.513160335306104,27.595110008177013,32.60476188975487,39.800128102068115,0.5451733423704281,1.1979195102497895,36.608027363128116,sparse_forest,0.5288514500665169,0.17697564285101094,1.8847671406187692,0.6133908208275338,1.23140773909085,IV,183.73854802387234,0,,,,0
26.02178269156514,89.81224691077107,Tripura,Dhalai,883.6064027487691,7.710686064062333,288.0672337556653,1.0333146391201353,0.6883702431139611,35.200137051003345,4534.162476875295,3586.761119432918,52.399426981401085,17.983139680638704,32.46000872237745,49.55685159698385,1.120123364760846,1.2679237862482287,45.340927695293985,sparse_forest,0.5881963160620522,6.5173183825286936,1.7608684482466044,4.526822602820404,6.995870717428212,V,584.8854566443638,0,,,,0
24.970991272527858,93.47485807919337,Assam,Nagaon,909.431230394932,55.85488075398543,70.17150743209234,0.20007486750004788,1.0452589612586318,171.32949298630558,2977.2684666388814,2234.059354191741,86.25328294236837,40.98603855150676,35.67798739837655,23.33597405011669,2.7577751532835735,1.3885739763631104,52.272850364015156,dense_forest,0.2930217329367655,0.5268678013991062,1.3294747910389335,1.2744840000133808,0.05,IV,87.85518835185302,2,09/01/2013 12:00:00 AM,continuous_rain,medium,1
27.271330263285005,93.81074276411394,Arunachal Pradesh,Tawang,1033.5021233353868,33.1618713805315,342.5594266665064,3.0801997289540743,-0.15860203276237872,146.3920126770597,3952.59054154452,3111.2411169424104,123.9680550425138,40.10166444163789,46.74565703517032,13.152678523191796,0.6286916062397334,1.3171542550565223,22.27707988706067,sparse_forest,0.2826520773033087,3.755646538105466,0.6087048980127321,1.8143115445170321,8.537922389358611,IV,326.65544096052946,3,07/16/2016 12:00:00 AM,downpour,medium,1
27.34377728897326,88.60755650867624,Sikkim,West Sikkim,1398.149295143595,17.05095333602962,226.31485716647114,-3.6428678629346525,-3.2744771110740745,60.8944257631981,2836.7636339026462,1907.780993503624,109.44132661205313,28.92271528657501,22.504198595281018,48.57308611814397,1.247258692627438,1.4681978468651424,48.84237351862584,sparse_forest,0.6813835855319278,0.27463162032089533,1.019524294191323,2.4755131069675325,0.05,IV,147.91546366229295,3,04/17/2010 12:00:00 AM,downpour,small,1
23.036183933016858,89.93949210934707,Sikkim,North Sikkim,512.9038637531758,14.423282740523577,200.50598645700663,2.6343050163575983,2.2024911938757614,56.38206050607925,5546.39847072016,3748.017017967245,91.49525301615425,21.395847424569446,44.86596477406199,33.73818780136857,3.3513869175228006,1.4028293383040757,25.143972582929376,bare_grassland,0.7048103675615895,2.2922406768146644,1.8191302793562938,2.4366824094326818,1.8661764882283565,IV,136.589424696828,1,,,,0
21.849856658908195,91.97140798460092,Tripura,Gomati,891.7178238209875,1.7669889395178622,24.001086241935393,0.807754710211401,3.6616535442981437,17.198652431202973,2523.8048562614795,2096.060009911592,161.189057590078,41.45593002448978,33.58281472573329,24.961255249776926,2.3951512350468858,1.32541570507545,30.044068485446715,sparse_forest,0.8068771413945073,0.40214676253707676,0.3570320517703598,3.7037852970251057,8.473838011726455,V,35.23334383862576,1,,,,0
27.821211744951633,95.03167130719474,Nagaland,Mokokchung,537.0563417394333,13.911325342705261,53.294192600878226,1.905253381869267,-1.3787759578126901,73.19146638084251,2583.158470087842,2147.1793500915715,57.46224686827998,12.32153730344234,32.70025153837063,54.97821115818703,2.1619621076102815,1.2074918291113264,39.21568148487067,dense_forest,0.722900602241111,6.269707138556234,0.37544718370643304,0.22421317805913565,1.0954517736705904,V,164.10082747643713,1,,,,0
27.362189384439535,88.56650558501768,Sikkim,North Sikkim,3077.047242349884,64.7886184733983,305.7142403826354,-0.050613945278823846,-1.6131981279718204,292.0987843116147,4925.870619932452,3594.571062806329,152.28982154470333,25.322042404238815,17.384525410165878,57.29343218559531,1.3321944679800504,1.2233667361012577,36.11888723867978,sparse_forest,0.4529345679442972,0.44450972306426684,0.6151382038532773,2.104639298045919,0.05,IV,283.978015518589,5,07/21/2010 08:00:00 AM,downpour,medium,1
26.425459901220325,89.26556290462267,Tripura,South Tripura,1935.731778974996,33.061961708969704,337.81484544333307,-2.1732392702577776,0.7928495604940158,128.2912720631333,3823.242460000551,3070.6940928054487,49.510267573415284,26.665008448227745,26.4893746660224,46.84561688574985,1.4966743477749667,1.3874285660784291,30.30214462014915,bare_grassland,0.5587243848254786,0.10351172465372685,1.0915193856180048,2.3363023428935827,6.645235990238028,V,154.63051527210044,2,,,,0
26.411229061492133,90.37750521748147,Nagaland,Wokha,2972.137984795313,27.892387595962614,107.13958611735897,3.641909470597784,1.5571673822787329,121.5966724862256,2914.83347194693,2142.0088791559224,41.466570123448996,20.7980251162976,31.978780086830245,47.223194796872164,1.3487530154934293,1.1645867958147587,40.54430383060879,cropland,0.6473031945606363,1.326678242900698,0.8857016509856637,2.480675663895921,13.54368359932316,V,448.1248701531155,0,,,,0
24.701637338922055,93.90088345426446,Manipur,Imphal West,3252.173092648696,43.00299151739899,28.340662927583438,-0.3320790401281034,-1.0393440598170591,153.19537770382007,4377.617575745963,3186.2882408802825,165.60709870819784,32.967072632405866,25.32598293258587,41.70694443500827,1.0045380908541548,1.1925633059051404,34.579268129569456,dense_forest,0.20784640013575434,4.640870441555129,0.5318008138979037,4.750097334384918,0.05,V,458.3649721027406,4,07/25/2011 12:00:00 AM,downpour,medium,1
27.072914323082973,88.28727732786479,Sikkim,North Sikkim,1660.024500865792,26.202887755812682,227.1964089641531,0.5303337121839842,-2.1512275435855677,104.25687355996693,4214.6621684020365,2982.7684977969616,101.8452017232535,37.74626597246232,52.915772117857216,9.337961909680466,3.994157264159234,1.2985157841795927,31.97376144890808,bare_grassland,0.3948973435280644,3.733518134224626,0.8313772830624141,3.4046172247956417,16.77564822855648,V,253.24850856246982,2,09/14/2012 12:00:00 AM,downpour,medium,1
28.24907625503992,88.56508283662464,Sikkim,South Sikkim,760.8714141063892,25.097009409867695,166.23267735609465,2.783138361229969,0.046592191670894414,85.6951260457404,2343.0267956720377,1777.6476945691836,81.41350938316123,29.138361149139012,65.10683499815511,5.7548038527058765,1.8334270816961036,1.4381397469697565,25.600440486038668,dense_forest,0.3897678695819734,4.515966634613189,0.7408425122518181,5.739453731280898,12.20046615693716,V,128.52318651277793,0,,,,0
28.457886139169716,88.24142898629573,Mizoram,Kolasib,769.8658688623814,25.92450591675331,85.98527645502602,-2.228506120681326,0.18756374545252413,103.6983672573919,3864.411762624772,3110.1464633958053,61.123826744060196,28.66156002532442,40.78214605400066,30.556293920674918,2.5616128322345,1.1959459427072894,41.15725420900163,cropland,0.4464966635967214,6.389639863786371,1.6899534184389606,0.16937038593214543,0.832347508689204,V,43.97488565465994,0,,,,0
25.09914366975508,96.04198607851576,Sikkim,South Sikkim,2040.0164409537888,9.879960580333318,178.86931120533688,2.1769793781759663,0.1044359675139793,12.456612478467376,3989.8136382401826,2715.627455448551,124.31213193505032,18.290671636952386,45.362235549852265,36.34709281319535,2.872155875600241,1.2177286170322281,25.20566723115197,dense_forest,0.46585070189503597,1.2931023217976676,0.11603369679406056,4.004710466630279,7.226002669773539,V,153.2120272828074,1,,,,0
25.20098795682179,89.83756862784271,Mizoram,Champhai,862.7017850879455,20.68648544563963,115.87432261887382,0.052495480109182195,0.3921849584022504,83.71871425341213,2630.951883284567,1916.861620575972,59.55618165810235,23.894090571570665,54.15033209238892,21.955577336040406,3.390512616844521,1.319454544850965,45.49863168443992,sparse_forest,0.3612294648285924,2.3666358924929423,0.9199268245174631,1.1343313146319007,4.84521697072529,V,374.98490380564135,3,,,,0
29.181228307846645,88.07140388525536,Meghalaya,West Garo Hills,2048.9998445317256,18.232382658075423,204.6577268639668,-0.6520526996627803,0.3227678483189563,70.13568796647834,3398.8644556617783,2839.1664849857075,43.56870539520928,26.138626319936908,43.18315313481973,30.678220545243363,2.0544214810037094,1.4405351472404129,37.58351398433769,dense_forest,0.6314691054559708,3.9382341224402726,0.8365888178473896,0.42055764633495946,2.2554383755551144,V,254.26952317259807,0,,,,0
25.653680160151943,91.00495462539082,Tripura,Gomati,1734.5414070937475,20.57598206142912,299.9639795920051,2.9062517356102857,1.0439779263448352,73.77561289634778,3460.2519112701298,2635.479483474425,66.78443127348424,25.589519116365643,20.773827227763924,53.63665365587044,3.295117943514753,1.3373483452551613,21.3402714217508,sparse_forest,0.5711625201837235,2.674114115582075,0.9044492709527394,7.920188728521607,4.991583248503417,V,117.64853068672883,1,,,,0
26.555870139277296,89.06594540617856,Arunachal Pradesh,Changlang,1315.5438957552162,25.295990000780982,210.44452410995564,-0.35534247998759205,-2.797214103383104,79.2765057441534,4074.3907474229463,3097.8017085841348,77.5491740554069,12.306049577472978,41.71355647951227,45.980393943014754,0.8074566570468608,1.280874469945644,49.12686752202727,cropland,0.39512034451548206,1.4437759749547512,0.8727245897816881,1.389098647930477,1.9174838186663747,V,175.58600987514254,0,,,,0
23.89473593506423,94.13010254223838,Manipur,Churachandpur,1038.2238531045616,43.584755587885624,16.420517806878753,-2.0090756897416897,-0.1519420380256552,126.1314750078838,4711.683251015743,3640.4989274472196,102.74795402166708,26.84300713638248,33.76347296270482,39.3935199009127,0.28930646081857847,1.4557343023972815,25.625408309621477,cropland,0.3554243957317793,0.0884077303785804,1.3888335205910638,1.9451123089415636,0.6985090097438285,V,314.0448968668661,3,08/01/2015 12:00:00 AM,rain,medium,1
28.416980373713365,94.99956135841614,Sikkim,North Sikkim,2588.0019195108957,9.906504738825165,191.4378040978376,3.819560371584815,-1.4808197546605537,27.49261161978935,2544.638620992735,1773.6893793180043,73.42657787027056,33.53469729636837,37.10552949188214,29.3597732117495,2.7701059936654002,1.5133871550843363,30.644919691059073,dense_forest,0.6160301264018404,0.5261357258541178,0.9353293968504635,1.525476364989081,12.56138776656142,IV,273.418576457369,3,,,,0
27.205421758837353,88.36211776797506,Sikkim,East Sikkim,797.8218801502276,39.5846152146638,147.62334097039596,1.5321978047451994,-1.151334366678959,132.6816246646404,2693.8008804294973,2064.8666608901212,81.59718226809136,35.76207986301549,40.47820556468629,23.759714572298222,1.918731420169284,1.1629624506374068,40.388537918616116,sparse_forest,0.4459087857415669,0.2082115457324316,1.2458577133313604,7.618761624125731,0.05,V,72.11719342948523,1,10/15/2016 12:00:00 AM,rain,medium,1
27.97306202743468,96.41365155334469,Nagaland,Wokha,1812.509820244825,17.098777272787167,52.05333732132559,-0.5993921848215243,-0.4757502041920756,39.274935942127776,3188.983526631055,2517.1278312582162,66.8882105197772,19.824209692140773,45.446985447991196,34.728804859868035,1.6292870793670853,1.3876563441046321,34.61717176634767,cropland,0.551747664002921,1.2154984359446717,0.737901047555817,1.3797159695337369,0.17449474865013478,V,292.73237751379844,2,,,,0
27.829685943778365,96.10802889692818,Arunachal Pradesh,Tawang,1361.7594790631604,20.920660763200964,146.25714264414947,0.20828947966164013,-1.1117884039248418,65.02843824040146,2907.7893511067955,2410.95406866051,94.77016987500735,41.197436021942124,32.197536486722356,26.60502749133552,2.941611249230522,1.4574879439369326,35.686837292591974,bare_grassland,0.3233971380162084,1.7155196107852353,1.773925274973862,0.7880503679014634,3.0348855029343693,V,192.46741833913305,6,04/21/2010 12:00:00 AM,downpour,medium,1
22.2408658575348,93.07576302353843,Tripura,Dhalai,850.7256716538852,0.0,152.02415064843873,-2.1082782661281403,-1.4585769678607505,0.0,3394.100650723438,2323.633985226887,83.8269800475356,34.43937192163306,29.67103377179027,35.88959430657666,2.094803675755455,1.1818114607459227,39.573919671107646,dense_forest,0.3892954215212728,0.18246073291508663,1.2380437816590268,3.4864536052803086,11.29709641119035,IV,160.3058129179499,0,,,,0
25.5390731802216,94.10890778694352,Nagaland,Kohima,866.0848516602101,20.419830564452987,81.2305547869185,-2.8440167295814183,-0.23964348565067167,60.52793532591901,2857.723362634882,2376.4144798271623,87.29199995359181,29.009776152461203,18.380416851691262,52.609806995847535,0.3852485596063878,1.2514689576841755,30.77038206741502,sparse_forest,0.48572802483118627,0.11584737348530807,0.4534347954562311,1.0107772783401237,1.9505194406365898,V,580.9448684289089,8,09/09/2007 12:00:00 AM,rain,medium,1
25.527827224023728,90.21702661742368,Meghalaya,Ri Bhoi,2619.5577297420127,24.02454100234666,178.0560873879952,-2.127324031129412,0.11451056825466288,81.67535884235807,3445.5121059225553,2771.662913632924,94.14652200832843,33.440006436027765,50.04240368150926,16.517589882462964,0.8435489658473414,1.451185965809125,47.27804972931047,sparse_forest,0.42353263254936313,0.9789601904569146,1.770760298493168,9.540400937654383,13.700188182673452,IV,369.28012696789585,5,06/16/2015 12:00:00 AM,downpour,small,1
27.54211758887731,91.85964008597536,Arunachal Pradesh,West Kameng,1740.1855786439132,16.672282019819477,186.66135831010845,-0.26219466017321985,2.8738693536311644,74.16928891665864,5315.129225098133,3498.657449322094,62.58655960558443,39.544755913650434,42.83336645314995,17.621877633199617,1.5200029654196427,1.3272832605458436,39.34750421949098,cropland,0.5866210639629877,0.10620983864077714,0.5936586337773344,3.5997992403094496,20.57511004714214,V,88.95317844150979,2,07/28/2016 12:00:00 AM,monsoon,medium,1
24.406162430794904,94.18661647792982,Manipur,Imphal East,1866.27386252383,33.86833474338367,337.24890976347234,-1.0177011036521653,-2.492062882391486,96.27422374606769,3400.1438882968546,2474.27790012891,67.15449987517917,35.4455474664559,30.84992193966463,33.70453059387947,1.386824988963261,1.5384197822112338,38.569049245279615,bare_grassland,0.18339898851316677,1.4176292064934568,1.51333172534564,1.4225570561291148,11.247232635967809,IV,121.89690666770674,1,08/01/2015 12:00:00 AM,continuous_rain,medium,1
23.69963577622408,92.74275086311687,Mizoram,Lunglei,608.5190145699894,46.27815200201351,179.07127744352914,-1.4000285313961467,-1.2768328681817833,159.41990227787176,3473.175853114939,2705.9569296907534,117.56415316727428,25.926996073640737,22.95464609179846,51.118357834560804,3.4215531510247215,1.4791263063656415,58.809159607184135,dense_forest,0.3231459403635485,3.076677873940319,0.8087770588938369,0.2133128683702729,0.05,V,330.6912686229738,4,09/13/2010 12:00:00 AM,downpour,medium,1
23.9239956316067,92.50084234948298,Manipur,Churachandpur,597.671927134751,11.528691776517459,348.86897723533434,0.5486815606806956,-1.0795500407920162,46.87891044045827,3420.5622619324345,2772.8697703473367,66.0730466695604,23.054840872046352,27.802584123417954,49.142575004535686,2.8259494188613155,1.197041180183946,24.58892389535094,dense_forest,0.561040343855582,0.6476260544348029,1.2554051621890663,5.198858521762809,1.4558564105261778,V,195.8006155952472,3,,,,0
25.26874915550887,91.32228755656747,Arunachal Pradesh,Papum Pare,1668.6624312516785,8.841897850476276,202.05930946378086,2.4063814820544542,-0.16357995351758114,36.96664861613603,3713.4801288018557,3103.0953425002144,56.61434790542422,28.427092157132474,40.043180332911746,31.529727509955777,1.7741282975026893,1.0423543094637682,30.70693482261863,sparse_forest,0.6328220766463435,0.460846370138155,1.8755023617383064,3.634200116315399,3.2887465410435954,IV,258.8069461703858,0,,,,0
26.838928427920663,94.94107375935239,Nagaland,Wokha,4460.154872301585,15.593042428266239,79.017061369096,0.08086463864955773,-0.9948630153327338,51.48795834185215,4333.052328055786,3048.5876643140773,169.2753857724884,34.645523704470094,21.000726280000553,44.35375001552936,1.6763883973478488,1.3973024905082112,31.64801728617908,cropland,0.6106961636847054,1.9901044989802223,0.9264826789459234,3.080041499299449,2.2383219124497913,IV,121.90479006245442,2,07/20/2010 12:00:00 AM,downpour,medium,1
26.667492439583825,93.31439370742413,Sikkim,East Sikkim,1707.6190558578694,12.648342642600145,162.81323656812975,-0.4080481698747504,1.5103333915865647,34.11919575001557,2788.6427671745323,2060.79356767844,27.912936856112374,18.84652182895538,27.688224671384543,53.465253499660065,2.9613311298590737,1.468976870168082,22.79664463049836,dense_forest,0.573802808853403,0.9697240974794044,2.594899288151076,2.6618995531247522,8.438798279231225,V,25.302473140983643,0,,,,0
28.10426211738679,95.21041171769195,Arunachal Pradesh,Lower Subansiri,973.5831784028913,23.103804239184363,191.97273911319897,-0.5191773606319333,-1.2508745782992996,103.24320693251853,3721.6826838964057,2675.9291211728046,106.83228536444355,22.76355672031706,39.27136016388823,37.96508311579471,0.7106244156354703,1.235361637866643,36.41287030418154,built_up,0.5023635934888833,1.4888389458008078,1.8787335967249965,0.7907382328786373,7.258705958795733,V,138.26923502136626,5,02/18/2013 12:00:00 AM,rain,medium,1
28.275055804921685,94.89374280307969,Arunachal Pradesh,Changlang,2089.7759878930638,12.968449499127829,207.37997338311007,0.8119713660878366,-1.4345184239825597,47.342010023688815,3681.593678082971,2609.471661889895,110.24224927046095,35.82337109287355,36.48470843935204,27.691920467774416,1.8011956641029427,1.524732685683738,40.0125716424176,dense_forest,0.35023888499899536,0.49229812997914757,1.3396755626934254,0.9170532957579429,11.763938401783102,V,62.88823514125433,4,07/19/2016 12:00:00 AM,downpour,medium,1
27.17310406300255,93.99570069009962,Assam,Kamrup,1414.8282955966622,32.464571186941235,346.4018124875094,-4.045195044484228,-2.5779467843108104,129.5860722550786,4747.116713470861,3823.9242211615137,134.21106386923677,34.07764969700289,46.186025138206716,19.736325164790387,5.773523986431307,1.4785821605592198,48.652363415114564,built_up,0.32189840077848975,0.7202841237596807,0.8063698139875891,2.9491050996586017,0.05,V,66.94524460481344,2,08/14/2008 12:00:00 AM,rain,medium,1
28.30882300936745,95.73973354490286,Manipur,Imphal East,653.5568544362271,4.16605277654987,131.8153687987956,0.6830068877346753,0.842172572652518,20.71184903286694,2351.065656046413,1895.0273720910125,92.83067502279701,15.592978090440168,51.389711764768265,33.017310144791566,2.5404809391858474,1.1043242272769038,33.671598436933714,dense_forest,0.5893652074422693,1.3345851920543963,0.7784102318118156,1.0320359718940377,2.0674431237402255,IV,473.33184847118673,0,,,,0
26.13721540443843,94.75339256808356,Nagaland,Dimapur,1590.7351918890915,27.248331822432306,22.616603660555064,-2.1255146095189112,-0.38212826188231475,102.55612249504966,2990.2282873661507,2251.8152214345864,164.31080986598107,42.22874465459921,34.80781117024564,22.963444175155146,4.910511284795767,1.1884334787391706,48.9753142598986,sparse_forest,0.2242144032966715,0.1800191643635394,1.0117010072996102,1.098219284897654,0.05,IV,361.1939333733809,2,06/07/2013 12:00:00 AM,unknown,medium,1
24.930695976358333,93.7996261199699,Manipur,Imphal West,424.2766827813597,28.89419826994704,337.95425303597136,-4.235434147669092,-2.8379123663543577,104.43856091926206,4184.142373807421,3011.205043033007,77.33453574667655,34.6699392151527,27.2432855045778,38.08677528026949,0.4716099097408809,1.1103799358237263,34.66346212500702,dense_forest,0.503860370303273,0.4780032955838296,0.676146024706209,6.1470437274801455,10.043955782357472,V,103.29158383319312,2,07/31/2010 09:00:00 AM,rain,medium,1
26.45155300097956,89.82227266355282,Nagaland,Kohima,1634.3832788106383,3.8022913540548764,301.3105526118243,-0.24661876273930355,0.724141544939903,0.0,2809.1915561998003,2117.9067215468126,95.35775284905647,27.005224470537247,41.07962106557906,31.915154463883695,2.065485454764542,1.3210675089663517,40.096548335097886,sparse_forest,0.42703111381820985,14.301231476016344,0.6992124418029078,4.100580773029335,0.6434971969992955,IV,282.30286598249864,0,,,,0
27.503846165779578,95.30854771531726,Manipur,Tamenglong,792.4134436669626,11.536514683960327,283.4855263586798,-0.05117525343811757,1.1003801141598926,26.24284165174018,2763.5803223096937,1951.4010819148107,47.543928719331255,36.333864753171504,40.9615530784909,22.704582168337595,2.598491266819876,1.1916573277008666,38.770691833158345,dense_forest,0.5083284091226657,0.1678542682217386,0.20843005690751398,1.4559484945313896,7.7935673058677395,V,198.13546941412557,4,,,,0
27.33598488181372,88.6587031817247,Sikkim,East Sikkim,1427.418177986881,27.67033237199606,161.92245407606637,-0.30479095972961184,2.0474630000623657,108.07487735607505,3411.539352703371,2560.5800897171084,84.68260726295972,21.47163521721687,26.91737293981733,51.6109918429658,3.127274707609588,1.2551553825053843,22.394499422957285,bare_grassland,0.36603804343551477,0.21197430630132802,2.3108297358777325,1.4336906449901998,13.094732579832147,IV,118.48614810178717,4,05/23/2007 12:00:00 AM,rain,medium,1
27.10831375797259,93.71306913077055,Arunachal Pradesh,Papum Pare,718.5601438971486,13.986966267608341,215.73895423233316,-0.6410432994910195,2.9363270928245617,58.695500408970474,3691.10733482553,2493.0061501557607,91.67825258992087,32.07172642866848,45.8723751833908,22.055898387940715,6.364788858136163,1.134831044091116,40.902372544443146,sparse_forest,0.633911777768646,0.09774343812522485,2.5146090951791913,2.9216989743665285,1.5725136437770986,IV,156.57721278645647,2,10/01/2014 11:00:00 AM,unknown,small,1
26.444980812704966,95.91409115759657,Tripura,Gomati,1607.6986978109474,23.74433030057211,188.42505048565897,2.1506591269272652,-1.787870715841358,91.61502151658507,2433.206691145935,1920.980491496471,45.913771142963945,25.834166339946304,49.182785503220806,24.983048156832886,0.9864292808342255,1.3239928555432199,28.896792041055644,dense_forest,0.603608829730057,2.765576642011603,0.12652797617692854,1.0378812543407316,24.02445081735595,V,135.82692216660126,0,,,,0
21.71880239156892,89.06500147074495,Manipur,Imphal East,587.6310029480971,19.964436195068405,180.03118254670773,-0.5634852237329563,-0.22831102959798277,56.495801299861334,3642.358762301218,2624.692035780791,52.85783947942425,38.32897665061524,35.45951951259903,26.21150383678573,0.7064208290349522,1.1134808842087518,36.43617348248576,sparse_forest,0.5804584681839023,6.878821482262827,0.19568644752613662,4.54415055529653,13.915277600727165,IV,221.28050173942057,1,,,,0
25.34145123468388,89.37533030510667,Mizoram,Kolasib,2028.8903620023957,10.415339867131934,190.8162270995203,-2.962667570221092,0.698414299473373,31.11519771468859,4077.296931550985,2902.973791801415,42.40140257773794,32.693663709048295,40.360098334995016,26.94623795595669,1.8196365562295944,1.2871471064274433,36.420380349432044,sparse_forest,0.6324194010801176,3.532603023545456,0.6364061345460196,2.5349831725273924,3.620006358989153,IV,201.9140160704173,1,,,,0
29.37383011976386,94.0235335002475,Assam,Karbi Anglong,380.31325371147386,13.741097807031554,80.47241484637475,-0.33288027485949473,-0.35909466636288645,64.45852486085585,4126.486920604925,2907.5226776496816,66.39698670633949,33.91102645393864,27.840610834461632,38.24836271159974,3.5355265726469627,1.3290409367305294,36.03499942827028,bare_grassland,0.5852356426629131,0.5447067390494262,0.5096794725426815,0.3818080391389136,18.203221334792357,IV,95.19831761883046,1,,,,0
22.919982987628607,95.12095670658101,Sikkim,West Sikkim,664.6165493216736,4.193435317506776,268.5420926464354,1.0524345827278938,0.2737510593283004,10.234297546422862,4156.15175010928,3381.0308719190703,88.4529934489012,36.62811204950456,44.427084020272886,18.944803930222555,1.8126687676465156,1.132834481022512,41.842618408161606,sparse_forest,0.3658197178134729,1.7688260499663717,0.9353602140975451,1.8651956382762735,7.893576487611728,IV,197.981190822299,2,,,,0
24.38962743416498,91.72594556455213,Nagaland,Kohima,929.1958060759599,28.306290481230548,186.64867445248268,1.7667606814513983,-1.3616411130891042,132.99530007127652,4596.266695367285,2991.524295777715,63.079816008623474,23.97619293692417,37.68093268521042,38.3428743778654,0.7941562631097616,1.309806043810188,31.717343489867257,dense_forest,0.47226585452807157,5.404434444941334,0.7955089057817979,2.517406651083535,1.487476131348129,V,131.14834252082474,1,,,,0
28.458033394118104,89.24098040585534,Nagaland,Mokokchung,633.5309557033574,31.171123096402866,253.69226607020994,0.7877344766942538,0.01263169515112087,111.90600954727141,2867.646607168389,2045.0030794876716,51.568904197318766,30.118817633675324,41.05019059429192,28.83099177203276,4.112835160277559,1.5458848739301663,38.21394641217536,dense_forest,0.5329160352410193,5.468124081920623,0.32206092332782243,2.3262274946990833,1.6617763715148783,V,310.15026574102365,0,,,,0
25.060931682413162,95.60285149719903,Meghalaya,West Garo Hills,2260.6677516076447,35.437410527391634,190.5647552827896,2.246773832850407,-0.06080449551568927,113.40398036887629,4196.90485648016,3075.3720943719136,39.8416778860164,28.325241866975958,39.6516969147698,32.02306121825424,1.4013086342308096,1.3435257041862028,36.353963517981626,cropland,0.5328780321402079,1.6883720359280505,0.20117505873533037,1.843476592149861,16.766754851259794,V,124.76889081715802,1,,,,0
28.355516367198902,95.78473523669311,Mizoram,Aizawl,304.41705065641156,0.0,273.6827188393446,2.2590811120773635,-0.7644551399457489,8.895603132116571,4720.682988531102,3460.9227292387795,43.445051323395234,25.74635508493445,29.784695915349722,44.46894899971583,4.699198665494193,1.54407941455738,36.718539230861325,dense_forest,0.5213049901059333,5.923564682668614,2.799452839159584,0.23779769524222463,19.610130092811993,V,360.8197215181315,0,,,,0
26.188267383065728,91.72515722804309,Assam,Cachar,648.7577835126071,26.214122965194015,184.20952058572504,-4.716277609729397,-2.408174099343309,77.57734414372301,4372.672099875848,3656.786954571358,123.33095504447559,44.911422681800246,26.72276348156379,28.365813836635965,1.532097436411959,1.4141725053808936,48.9019888936014,sparse_forest,0.7169820371389286,0.47082351674443806,0.8009801724955377,5.247438892024566,4.300067201339134,V,166.37202792594675,4,09/23/2011 12:00:00 AM,downpour,large,1
25.00409178477166,88.54127245703208,Sikkim,North Sikkim,2762.351476591726,14.124553682930634,274.09156693459755,0.6740093931184693,0.23165440582150676,61.07258666077924,2669.823941928492,1860.9877326371627,32.99649164235244,23.154025169289046,34.181286149592054,42.6646886811189,0.7532228911942956,1.286790657988984,39.122814291861566,dense_forest,0.6370217445740205,6.876885372783317,0.9058482969952696,0.2271340242994478,1.5417760410345156,IV,134.4481188729094,2,,,,0
24.905285496326414,90.72785744128589,Arunachal Pradesh,Changlang,168.56517938158973,17.37561900527517,51.060848642510514,-1.4482622768493216,3.644967511333657,49.37123161440998,2395.9729902077106,1631.3406464323953,35.936625866037474,27.139660580241756,40.80091012739932,32.05942929235893,3.4644679069130127,1.2642206190448422,31.229979387752326,sparse_forest,0.3940992101046826,5.104315214272791,0.31882204691232174,0.46199685197426205,8.437747149555257,V,315.8041965939705,2,,,,0
26.471668251617096,89.79727826425471,Sikkim,North Sikkim,363.8628552847865,17.811772082044925,15.46614090188552,-1.7485026945523594,0.47780986198905423,53.017899755689555,3624.6851898714413,2618.604468582175,35.05852299969275,30.198175002578196,25.443221189889087,44.35860380753272,1.2788437768868093,1.3937529134513373,34.637204915423695,sparse_forest,0.805421856503312,0.2445630065932024,0.6895695448596331,0.37134205731371817,2.139989259901684,V,316.1943382838915,0,,,,0
22.33799219586083,90.15406881356249,Nagaland,Mokokchung,156.14233794335337,23.05811618534101,269.9759915130485,-2.251602031498571,0.3167219898675788,107.38001029916384,3764.5236056345434,3156.3130495530363,59.443755113672104,23.011348405180115,32.85733727323119,44.1313143215887,1.7466100798788096,1.3793692175277825,31.76177821649753,cropland,0.6120979353394732,0.5144481777346135,2.706819160073753,5.360488750956747,6.492649525503295,IV,160.37584157944121,0,,,,0
28.445437312277367,92.99220746252287,Tripura,West Tripura,899.9356544330188,0.7752233946413547,70.57674552949386,2.3557243597399595,0.26288598402480445,0.0,3218.0899378037784,2256.939385005536,90.47569075146828,22.186552193588888,28.36828114146522,49.4451666649459,1.3150176317734001,1.276735072868672,29.373745969683625,bare_grassland,0.5087013784135171,1.704105396137926,0.131821656072687,0.15704499961304116,7.812296884577016,V,450.6557138333467,3,,,,0
21.69619819983623,90.1047112019952,Manipur,Churachandpur,1700.7973643691382,6.66344157131433,358.46325532105294,-1.4462858047954705,1.144070016956236,0.0,4057.965543989854,2986.4505740488385,78.15225795507322,24.19537156278191,30.90729659681688,44.89733184040121,2.406995672772525,0.9420719965874058,39.122322823801056,sparse_forest,0.5850334099832384,7.587420992880127,0.5828131047165207,3.712122679647601,6.899077961918441,V,289.4460199712316,2,,,,0
28.816289949222153,88.41090102787837,Manipur,Churachandpur,770.7683401763312,25.29283948538512,36.4351882286663,2.2798374208940393,1.2266920543499373,107.45765352150507,2272.0451494863137,1870.646370063663,59.0801067795733,18.331926690065362,38.36609338803916,43.30197992189548,2.988586311575935,1.30153665486622,25.3361572971462,sparse_forest,0.7579289022622901,6.216275145897335,1.3649980405860918,3.2176307613253723,1.2548232458252366,V,249.17450893617044,0,,,,0
25.510101512717032,93.90018972408079,Manipur,Ukhrul,1734.9193193280166,49.734711047869034,187.8154218723279,-0.44921974048777596,-1.9539366631548725,136.22496938941032,3287.861465963356,2644.9418597509552,101.2845212534844,34.77107262465518,31.68934149676987,33.539585878574954,2.857867788276706,1.4115256099608353,45.62702087724916,cropland,0.3289300062137046,1.757389047402274,1.5322791111013527,3.540125513475818,3.8305188234657086,V,88.80996637868121,6,07/22/2015 12:00:00 AM,continuous_rain,medium,1
25.581155308687176,93.82096241560599,Nagaland,Tuensang,1903.70539260231,39.350308173036055,283.63037419310916,0.8149465598502378,-3.4169873791243415,168.38183291531521,3209.0458780747063,2322.0379657487624,118.79606511749444,42.34557489532708,33.99645255603935,23.657972548633566,4.384548887901016,1.3701478154797715,55.7823538205778,sparse_forest,0.2546680676650935,4.393876632618922,0.5780729452099486,0.2457630557646845,17.86083226999309,V,124.2651157689128,5,10/09/2010 12:00:00 AM,downpour,medium,1
27.092999112211057,93.05658919401519,Meghalaya,West Garo Hills,1389.9077386817723,23.553952054567013,206.007365406708,-1.5461238686048855,-0.23450999445288578,128.63398855097685,3511.4321675590268,2440.77664981,43.2618800334547,43.56914633176507,38.46289024170468,17.967963426530254,4.124059958788298,1.214010800014045,24.667677710389583,cropland,0.32158847505743793,1.042362829901005,2.4903323288655983,3.891436389915217,12.733232086648112,IV,310.8106970452026,1,,,,0
25.463565269070426,94.1181163924094,Nagaland,Dimapur,414.05408750854804,27.273475370182275,106.32076839081822,2.2570762723149205,0.8182684729722371,81.15851850971369,4842.470292722399,3221.548320869629,112.18847513901287,28.107686577949124,36.05267509478414,35.839638327266734,0.8133438164466599,1.3986653271542273,51.09014311604633,bare_grassland,0.5332787220752417,2.92369160557477,1.338290060877232,7.2996949489577325,36.380341019736846,IV,286.1075307698598,1,10/08/2010 12:00:00 AM,downpour,medium,1
22.25946014962336,91.67015833168685,Assam,Sonitpur,153.4722535688477,14.825669715634035,47.75317575400288,-0.11080531198677601,-0.815703048054429,53.98389510098622,3512.30324644254,2840.8738975930974,73.05820948463928,27.53313386448167,52.268019539991315,20.198846595527016,2.745671721416667,1.2125669904714653,45.39381624758116,dense_forest,0.5376805257377592,6.317570587855323,1.007401796647037,3.823103784529125,7.040500047565613,V,135.2532093611557,0,,,,0
25.367171090469714,92.3835972484005,Meghalaya,West Garo Hills,1922.9596467893957,11.485866140568412,1.3007016269847949,-1.2607703824869119,-1.7354262570756311,41.34082950613491,2675.808956740137,1905.3420945308214,61.92967515905772,29.04035663435002,38.34281811410126,32.61682525154872,9.977073099645255,1.5043717905115688,37.47206575120509,built_up,0.41378638621139135,2.230092758059264,0.8964097511313138,0.21693483245694742,5.283194529921393,V,116.93181882957077,1,,,,0
26.126690452774724,90.42733198654892,Manipur,Churachandpur,991.7102883782846,20.139400224587195,43.96809609993316,1.6245602996685444,-0.9914879777726251,66.70073208296384,2225.4394239368403,1492.3211604187763,40.95206627462166,19.823592958044273,31.281971641593515,48.89443540036221,0.7123553154451411,1.7,20.26890368667047,sparse_forest,0.48173261444547,1.902225349159621,0.42350899793785807,3.648972105407652,2.921936581779945,V,103.54037278500215,3,,,,0
24.16929281332005,92.66759940368082,Mizoram,Aizawl,304.1183553713576,37.599014061895474,255.45365136150707,0.049813614394671024,0.6484400161425441,119.33243458320582,4292.588426368218,3080.9042081156394,96.64167070891597,44.620349780330365,11.47292779910753,43.906722420562105,0.9100066286113592,0.9,27.015536797865945,cropland,0.03678694404311683,0.7133316240235681,1.104233999634039,3.2883931665926145,3.498294235748535,IV,189.9132804303169,5,09/29/2007 12:00:00 AM,rain,medium,1
25.06687376763125,94.15897102264009,Sikkim,West Sikkim,1379.827339495049,23.603353158122793,143.42082025565657,0.5663583466863825,-1.9594287126765544,108.63297942999719,4571.342443192561,3357.3488955026232,44.30487293015484,16.888951397410914,41.37514923529485,41.73589936729423,0.9711829901641492,1.428109238049538,34.34049065035222,built_up,0.5233617272536966,0.5334247752927844,1.1195051577425654,7.973800230241876,8.19991980975804,V,162.06776968973136,3,,,,0
27.923088330819006,94.84927922859724,Tripura,West Tripura,1576.8346956324117,12.884305012003015,27.626119119011143,3.229869306896882,1.5885534041903049,33.350486480485806,2227.372374671555,1638.8711753157095,75.22251187729192,24.61811653476485,31.29820365093013,44.083679814305015,4.722629841393298,1.00239199571853,30.912040951163313,built_up,0.4893849531888409,2.4889487173441376,0.7486379316449319,5.669655939991941,3.926656205645715,V,99.86398740774527,1,,,,0
29.359053522599464,89.17036777707732,Manipur,Tamenglong,1704.1032214029597,31.791485664046114,298.32155814032535,0.14587950025728685,-0.6879271034040148,87.55288837217603,3008.719606043186,1971.4819350959538,65.67695317084127,19.375826135006097,53.79969925745165,26.824474607542257,0.496909023982924,1.3008437515660758,52.20908044370063,dense_forest,0.5033003589594977,1.1393361774063369,2.6245953567106053,6.200433393947865,5.360096737033317,IV,84.27369487170338,2,,,,0
22.55458188039845,90.03981769091445,Meghalaya,Jaintia Hills,2604.927996739112,15.386170978840099,186.50549375013566,-6.091846445333813,1.4445154378419482,63.3041980966079,2518.2866632189957,1972.8042526440547,62.94887197529737,20.50786999004856,33.223842301791166,46.26828770816027,2.461475468820223,1.2280382180051492,23.642030150256385,dense_forest,0.7325131574978312,0.5862859265092611,0.6236957821533976,3.043293899772003,3.7724826876248554,V,170.5158175407293,2,,,,0
28.655135013996063,94.4537680332837,Assam,Nagaon,743.0691019819459,28.9442139589731,207.04123769330232,3.911004265693966,1.9995845907958176,90.84852526206579,3738.6459673747363,3124.7546849604178,65.15438505502601,38.63188187878954,48.08751067666613,13.28060744454433,3.074933356868374,1.0373726298449055,13.94160462252935,sparse_forest,0.515768405506756,3.1822270809403452,0.87425839509984,1.2550203418979842,6.485127718611898,IV,321.1542200639263,1,,,,0
24.138383503050463,88.77959718435818,Sikkim,South Sikkim,1651.8456878339496,3.931731400030383,95.45196476672314,-0.06834027438418475,-1.1698391155459182,24.857672459062034,2115.696424944819,1398.3254729585638,54.06246354705192,12.36698923603937,44.76004696609472,42.87296379786591,3.1288503403865966,1.3732485354506616,34.671804205869456,dense_forest,0.6419631914799291,1.3056126436407953,0.806902147970919,1.626910715494798,15.91711638090734,V,15.986148383302426,1,,,,0
27.000747994272707,89.13157269941013,Mizoram,Champhai,2693.4019833749726,14.895771093126948,216.97504388536746,-0.8306410801735425,0.6090745540293956,53.120743512490385,2662.5192634574087,2017.6941795388013,50.903096820295076,14.862579755397539,56.018012337012905,29.11940790758956,0.5219656185378648,1.362808533426128,29.495913978850353,sparse_forest,0.3067659930264697,2.9790912758793007,0.8120304035181013,0.03588292398937979,7.793752213457299,IV,161.69754060437597,2,,,,0
24.724039911708214,93.41728738539707,Assam,Kamrup,795.4250048008724,24.02642936620954,40.881471624676664,-2.5995568043580493,-1.0667572708482216,70.94455008010556,3304.1946891252046,2714.6644195422436,103.73751422678023,36.204977395201446,30.268566176045248,33.526456428753306,5.213756350241554,1.180184510721519,22.600527541948995,dense_forest,0.7694548846340661,1.151668017662188,0.6927192289550712,3.6739081258900774,2.166411446210556,IV,142.23861000070318,2,10/08/2010 12:00:00 AM,downpour,medium,1
23.47977970791061,90.01315305940264,Manipur,Imphal East,1450.7296849809115,26.420549101639924,67.3337213176514,0.46594233684064584,2.654955420883499,94.1313715137832,3788.8682665048423,2571.375713198394,81.92893675220695,22.88449048983026,34.94291932449452,42.172590185675226,2.4995341739630876,1.1705618530674093,33.64212357330877,sparse_forest,0.5644437015537219,11.143934598620085,1.049433633314504,0.013538421376131645,2.118283283617283,IV,194.93866241681147,3,,,,0
26.578012727235794,95.2935835471102,Manipur,Tamenglong,1131.5647308580571,0.0,7.227273242360361,0.3627150289239492,-0.10760515596587585,3.8692183293754123,3683.2118025613518,3057.9817687440113,84.84516991108158,46.63710832018057,26.543341059688775,26.819550620130652,2.420354735819781,1.1033393995409473,18.921568160973994,sparse_forest,0.34468348519921704,1.5239566265483424,0.20497295800456855,0.2810539460493422,0.5126343840391265,V,359.2204644865106,1,,,,0
24.04198735364718,92.64297542802508,Mizoram,Lunglei,424.2732014101659,40.0149963173242,164.88763537609736,-0.409653086225344,-1.195467334402183,150.89732649541185,4390.285711599046,3333.7528122999975,87.66837578891806,47.10884065316458,37.04865974750608,15.842499599329344,2.558993744795218,1.169802585864613,39.544595041165856,cropland,0.3674464173973522,2.495961260566994,2.658115017330725,0.45197953081229336,1.6484496663494483,IV,113.90757425211108,4,08/27/2015 12:00:00 AM,downpour,medium,1
24.449766762054825,92.28686729559594,Tripura,Dhalai,545.4639646792912,27.087010954994412,48.18870989790608,-1.271490500991273,-2.264305586983137,89.45282766215274,3108.431203240096,2173.1928142182906,59.47605004952252,25.10032639402153,16.970615558454078,57.9290580475244,2.8674131109935455,1.3089236840013796,44.91282602612888,dense_forest,0.4479000309036788,0.6074330359158524,1.1264571175765308,2.06780728223798,1.324923418109678,V,78.01012395005279,0,,,,0
24.483586516755945,89.55332168301045,Tripura,Dhalai,3671.922583945353,10.750361473004832,245.85531701433132,0.14806703337116656,-2.5431999504854743,23.964387194309822,3539.5290807332362,2479.679798759674,145.47896365153304,24.13306256503055,58.81661276223468,17.050324672734774,1.2081655664611803,1.1347285117127741,37.928258256645606,dense_forest,0.5399817078645408,9.645037776824925,1.1952655303676616,2.271886580426254,21.723682834528546,V,144.98466765454324,1,,,,0
26.76395805116102,96.4826170226868,Mizoram,Kolasib,1357.4017775269053,13.578181754307256,212.3898780943863,0.8220616149247297,1.6072754125511022,47.73111758856092,2277.0184697412096,1812.8056042616442,52.64694819327229,13.958838975540775,29.233777333286287,56.807383691172944,1.1920223669671208,1.2695405823136057,50.022134223411435,sparse_forest,0.8269133085573275,3.038641471404076,0.48015142327934063,0.3468637137249042,6.382969858403865,V,125.62190078558356,1,,,,0
27.31887962212406,88.66226152374652,Sikkim,East Sikkim,384.8795796541797,24.23208227895595,39.30558880119586,0.9534777876961931,1.3246993670227316,88.52759460881921,4696.780224097014,3504.101331375679,103.22409362568943,24.951575611259962,40.895710542500105,34.15271384623994,1.1875589082812228,1.4776494269285463,48.684186402695545,dense_forest,0.42068886990696897,1.4552212722996796,0.45458956005791284,0.691878123056662,5.75444448586334,IV,81.23873494817497,7,04/17/2010 03:00:00 PM,downpour,small,1
28.120166984104912,92.38032612110865,Meghalaya,Ri Bhoi,1652.9557129492107,25.441274428387366,121.05317657443663,-3.038962028589278,-1.996873856814566,112.53805877029232,3997.3244433119776,3036.8136075808334,103.92148821378623,31.156444017981247,46.998933065560436,21.84462291645832,0.25670160573121614,1.2103394282500795,29.91048445345129,built_up,0.4545948340214934,0.6793949878318294,0.29587019256827624,1.8929983480485124,0.2814832521716413,V,175.5899240807011,2,,,,0
26.437268330972348,94.99323003166265,Nagaland,Wokha,837.0704862552662,28.012748705024414,211.4288844000448,1.3365337691633057,-2.5270428769176263,125.34547588274427,3352.879587555155,2193.6368735775686,89.0704761520303,43.40496372619896,32.392916823963155,24.202119449837888,3.262952336426304,1.3733374078872762,54.76704724821524,sparse_forest,0.48956808263741314,1.8336784745229453,0.7303792761225074,5.5369326810917325,10.239738199275386,V,173.20381230975386,2,08/30/2013 12:00:00 AM,unknown,medium,1
28.716469361394466,93.88530062339669,Sikkim,East Sikkim,2344.9076561275156,23.518134436981438,309.1568007399875,-0.5437425495963242,-3.0144983087294475,53.514227452026084,4423.789846792081,3252.5454047906387,101.98186985363104,29.987157261838913,22.66260206315487,47.35024067500621,2.8399560590775255,1.4628470706542605,31.04621288794052,dense_forest,0.5512874894962227,9.175902735012341,0.43267429840812793,0.07400317381149209,5.466961150238128,V,433.84406051487497,1,,,,0
25.515091934500326,89.90015717359213,Nagaland,Tuensang,988.7407371608265,22.31835190568486,200.90945967117014,0.7194570070433536,-1.5537566492205526,78.31398070962695,5527.268771297125,4568.136820313064,52.94740990564002,16.36135081338714,41.971498998288546,41.66715018832432,1.4215560196574288,1.2855436092075565,43.396293602544404,dense_forest,0.8005547843000851,3.430742634310308,0.20995923942314182,0.19734110102115648,4.036611332297495,IV,111.59810567697525,3,,,,0
21.709804504779974,97.15213903118635,Mizoram,Lunglei,314.50392404462946,39.97947321669464,234.4832920162873,-0.5714170625236062,2.2344572847109054,157.3705983178707,4291.963607255967,3095.037902527822,101.02450106955595,35.58851513246769,40.51536667465348,23.89611819287883,1.7109272166897818,1.2220058649341714,28.875285825657347,dense_forest,0.4319574777952414,0.7364308357302336,0.8541030685802053,5.085939992840677,1.1896768767677903,V,216.23693769487647,0,,,,0
26.452728709762084,90.27254406884964,Nagaland,Tuensang,719.2937755364355,29.2470834609242,173.89125270915184,1.1856939617421902,1.2124739283614936,69.18187945210623,3020.7654137406885,2070.8373946003794,73.36847849668496,20.80706548456057,37.443970104232555,41.74896441120688,1.1578517154286132,1.4181977228090126,27.915967057449365,dense_forest,0.5862973226915683,2.6166774517128295,0.2469608822448336,2.5371839653883277,26.673638780597763,IV,110.17207807432293,2,,,,0
23.61561192376942,90.60666146231664,Arunachal Pradesh,Tawang,2040.1889159672346,0.0,167.01972483880283,2.13080093761148,1.4559346069192627,0.0,3084.2138102874915,2247.114923709553,49.946077181602845,21.736811053579082,45.833509298461124,32.42967964795979,0.7970104186885354,1.2050563808554293,31.476627306953578,cropland,0.6323225061324067,1.268687197014545,0.33813486579319274,2.9232894980088124,15.26399442295688,V,31.73146573949103,2,,,,0
21.762147532254623,89.27835219788624,Mizoram,Aizawl,771.752627710103,11.709874579355633,176.18514023826918,1.792484843926062,-1.2204616511706878,28.68380247195899,3531.7546863086536,2329.6638422283268,57.2108367612375,25.73691933179462,29.264920986675726,44.99815968152965,3.4335321052511074,1.0724833729758914,42.18408158244654,sparse_forest,0.7874709353006049,2.546300630472855,0.47802307326576443,0.17442233054494294,8.19342875736416,V,136.83205803445978,1,,,,0
25.02305411016404,91.65075149337534,Nagaland,Kohima,1789.3910309112694,7.0855435214099565,259.0607020222723,-0.5459081008524841,-0.9720693655769483,22.759019861557007,3839.9868932614695,2938.6446455573187,37.54537492911756,29.915219389157375,42.265527813357885,27.819252797484744,1.564111530345554,1.2970181639265876,47.66267788698751,dense_forest,0.4327093939787799,3.068515491524695,0.33580101732562306,0.017555915880687004,15.03996637389843,IV,62.28077198411537,0,,,,0
27.866397508491026,96.94062193196181,Arunachal Pradesh,Changlang,2470.911684848801,32.902670121991335,200.58931334492192,0.34528760569186323,1.467364500966546,158.2822661036866,3536.151000489969,2558.6755564916016,73.61805200056945,31.901069146058507,31.27346444459552,36.82546640934598,1.1969083467553758,1.3338699406693466,41.229226097591074,cropland,0.4745196178208918,0.5626861379076582,0.8761080370339122,0.9193866229628727,1.011165888282316,V,203.67458816807758,7,08/16/2015 12:00:00 AM,continuous_rain,medium,1
22.470766687939218,93.76738045641285,Tripura,South Tripura,347.8285865873547,16.486814636457304,67.3056699737679,-4.783635800759023,2.8448058774450242,56.87712141620195,1954.2571460713798,1444.2027168963114,81.39327114200131,18.129662673556357,20.80171098755442,61.06862633888923,5.208383643064876,0.9606821708822424,36.16279766191359,dense_forest,0.8801539965606427,1.1762581099246476,2.28838264970407,0.05696204764708386,8.672282322482332,V,223.37822942406422,1,,,,0
26.142027000204184,94.26950564798838,Nagaland,Mokokchung,2501.092105489106,33.05180527398679,79.71669331120118,0.3531830711733208,0.5468982377151286,131.762567521555,4207.876429030345,3148.214487147821,125.2608623534013,40.656904730037766,35.08714865426844,24.255946615693794,0.22030308873936014,1.2346245401359544,28.208046946956756,built_up,0.4376056978801223,0.06464884853846117,2.433148619571276,3.5999026741168,1.208798566241191,V,50.00321921326287,2,08/19/2008 12:00:00 AM,downpour,medium,1
28.9423416166124,91.7002226978037,Manipur,Imphal East,2331.709827131674,29.475255329492235,315.5603397925097,-0.8536595190804666,-3.3892390442348566,100.59803328614912,3282.4523586096293,2529.9195407297543,64.17534982263206,27.52559141584382,44.92242529675913,27.55198328739705,1.2697783013366144,1.144121433602594,49.17201837969027,sparse_forest,0.5113512415265776,1.9491293815169608,0.05,2.8946632462355497,1.1590849173520654,V,117.65798210942036,0,,,,0
26.511342949594468,91.73249463834178,Assam,Karbi Anglong,222.33592859254222,26.398396907824708,207.68265289720387,-1.7134187187244176,-0.39834099982069165,77.79588012081192,4796.704739710656,3673.2731627768876,97.76992867051376,35.33259013475313,21.731743499762317,42.93566636548455,2.683177826177958,1.348100528699472,38.65829862540251,cropland,0.322344204071785,0.7793257960170465,0.6283864668927678,5.368588866193099,8.830107841470127,IV,99.96286745955557,4,09/01/2015 12:00:00 AM,rain,medium,1
24.977050926280018,93.56341228431369,Manipur,Tamenglong,844.4193916261343,34.179476197552674,311.83459254644197,2.163757629030825,0.24639164145885606,134.89660097131355,3902.866501825134,2836.1298392108247,181.5806078575331,39.12675835636681,46.29522424609792,14.57801739753527,4.571399867569058,1.414393120868271,29.271006649747324,dense_forest,0.5699317875086398,0.5430345851564221,0.5862855484626269,0.34120619546197595,0.4731433066256674,V,159.1465723927952,3,08/26/2007 12:00:00 AM,continuous_rain,medium,1
25.728696562636415,94.0485168669681,Nagaland,Mokokchung,2033.8540119514598,27.375073386705946,340.86698899041687,1.8232003161777408,-1.943964202079465,68.3402298806955,5738.103688051502,4813.509298627569,104.23286183305143,35.120371157010105,29.0379079001185,35.84172094287139,2.69110860594938,1.2026461019058354,40.57959184591455,bare_grassland,0.4243890701659119,0.9114924035867505,0.608125145211848,6.309161949802789,5.497826815670055,V,88.34491828794818,5,08/07/2008 12:00:00 AM,downpour,medium,1
23.53304370533322,93.74944850240391,Meghalaya,East Khasi Hills,3205.531719947275,17.738310806710803,196.14510208999457,1.5491241458312912,-2.280361534621307,52.641390469831606,2891.43372062026,2227.585972787674,72.75187086276277,36.06628164262052,18.76069339938053,45.173024957998955,1.6418039898513297,1.4126848371018315,34.46218028120432,dense_forest,0.663966115378665,0.16572755110250292,0.481123577607125,0.9534960238904311,0.41766403879292113,V,402.44493675835645,3,,,,0
28.859835398494127,96.52569369052756,Meghalaya,West Garo Hills,712.5408355364082,9.632378349748253,339.6571279080242,1.3756442650095428,-0.28564025886871236,17.198321397533064,5020.993387835164,3681.588602415082,51.45262909853737,27.409841804981657,28.23719753801531,44.35296065700304,0.34879253154122497,1.462201923617133,28.496462456944847,dense_forest,0.49912339054417415,2.6656457136695693,1.4003579803378963,2.049242640652568,2.4150411103597036,V,386.90975327434506,0,,,,0
22.355428474513435,88.16992992902736,Sikkim,South Sikkim,361.98226990859115,21.221958524431855,337.0619596335735,1.7662635950678016,-2.399330775582281,72.43153949145102,2545.909999233032,1978.7417581962563,36.616139255337,36.90639023501689,32.40739324970702,30.686216515276087,1.3556853347352238,1.6342986708996246,31.68462828196695,sparse_forest,0.42009921210508694,1.7098531524936855,0.4717110496380052,1.7447801170025117,3.0085224985753034,IV,55.745240946354826,0,,,,0
22.23623300267661,93.11564303613338,Mizoram,Champhai,2409.5337005771394,21.316220899127345,231.73157026529958,0.1140466452308107,-1.493451940599059,89.38665745590754,3454.925132700952,2498.8260261514674,49.72326462948807,12.88527341409963,57.179476996663915,29.935249589236456,2.452915537174044,0.9650043335728276,19.697859989469897,cropland,0.5268509329656137,7.032413389754707,0.18807180367041904,14.91173770176832,7.687059116946856,V,184.06750437350806,1,,,,0
28.199237887815734,94.77817684009639,Arunachal Pradesh,Lower Subansiri,866.0221308715401,41.00703713030828,80.11777158062068,-1.4597964092883136,-2.7921736690830574,139.11187651809556,2941.410936532441,1971.9329507414438,77.14015630096264,33.491702630406365,24.58226447610502,41.92603289348861,1.0731291915121617,1.4765989227691965,35.183113040204496,built_up,0.4880807664289706,3.1790040483698263,1.6451191230970692,0.01,8.337958600368918,IV,157.0529551549801,8,08/18/2015 12:00:00 AM,unknown,medium,1
27.253683208984615,89.54726074633416,Sikkim,West Sikkim,1893.6479230679452,18.674212681979554,80.1090134709284,0.1512330530431654,-0.4224346508589978,57.558465716059594,5170.918984346031,3700.948268528062,99.87018039217821,29.655400514520917,45.88789748145004,24.45670200402904,1.4286943652084265,1.4469079784207821,28.25089221921615,bare_grassland,0.6867073261211678,1.9514426772538709,0.20477890303346574,0.33621894448135525,14.826896709024622,V,105.2914161971355,2,,,,0
26.65186738181413,91.3496225168525,Manipur,Churachandpur,770.1444619514302,0.9225103498497909,227.9988366930985,1.4009955730891928,-2.3702329978878622,1.961789785855639,3670.5555212398253,2924.5874841018003,33.493528668520604,35.80673816121683,41.58893300824503,22.604328830538144,0.684203634192778,1.3460340425761412,23.76018728160998,dense_forest,0.4238695252233647,1.5382665622296123,1.5486579107064307,0.2565243610172032,5.68162965796683,IV,166.6638232303979,3,,,,0
25.293333435723824,92.72143045207227,Manipur,Imphal West,834.3972417668999,8.346690457221065,271.8301342070833,-3.4230403194360193,1.3282311459371938,48.631046799883464,3042.2552659974294,2003.8076165436187,88.60513536478425,14.784329406091164,7.215841187410739,70.0,0.6164502674673642,1.217717856091436,39.18579361222133,dense_forest,0.6559697743147175,6.008417568550543,1.536504602763288,0.5358944635974998,2.7693622002615514,IV,51.13675428545976,2,,,,0
24.893541204355486,88.4082921844873,Assam,Dibrugarh,1666.9817521755738,22.112492019593116,185.27184364780098,-1.5906485396027097,0.6535176196282427,98.55308866572608,3891.3189735945707,2817.770254776994,41.40208933368869,25.54859095792314,25.606446843258613,48.84496219881825,5.339992778512421,1.3926377306276534,35.8243861348544,cropland,0.5091215370656783,0.7303796804093705,0.3183089156630938,9.644043837885873,9.907618463334522,V,76.02243502808565,3,,,,0
28.954851790396177,95.03427810856007,Meghalaya,East Khasi Hills,3410.41204293161,27.32637922089035,150.5328873011501,-1.27558020426382,1.7769252830379414,85.64705927378795,2538.0332343173723,1964.252847857085,62.046874442768136,31.323321331728668,41.65437939426035,27.022299274010983,0.44760308905196805,1.3935181274770045,34.93826498223137,cropland,0.7237072786684112,3.295601683578796,1.7185494953057299,2.2905568308083426,3.6273226979819744,IV,94.18845519121774,0,,,,0
28.278461413321573,93.57295305926357,Arunachal Pradesh,West Kameng,825.6081273003942,13.251179409356546,322.6290652697977,1.0034058263264563,-0.2627462803735304,40.11212214178957,4225.7153712713425,2987.0486615546324,44.625384149903574,25.63945494613025,32.30970870621675,42.05083634765299,6.034363012604458,1.5120268531914818,32.72456184439577,dense_forest,0.6671078828373466,3.7829001242042875,0.09733160266329638,0.918100799574773,10.690546682538283,V,78.48663270891677,0,,,,0
21.708186384013192,89.19320041035857,Tripura,Dhalai,914.7570892249438,19.373251875543957,41.92613051346376,-1.8780342994327666,0.7397084970625183,66.74571801404477,2392.5709222109917,1643.984195205451,93.99812178571634,23.93373799052499,34.68735776229789,41.37890424717712,2.544760915324891,1.5723774765412533,17.61218200664422,sparse_forest,0.4712281870633118,6.5495148587866305,0.35751913617511466,3.4317893566864694,12.760405355995347,V,130.21268223309266,0,,,,0
27.482124551359927,97.49540988316498,Assam,Sonitpur,872.7126609668505,1.905788338370101,151.8180863776644,0.9725412282430344,0.6869009301167122,8.070591238193542,2739.4737072019357,1955.946295316551,92.58484670938725,12.813383177135659,48.70471139122331,38.481905431641025,1.2333417005122904,1.319939286044793,43.20750928298757,dense_forest,0.5239113907065208,1.370453626498192,0.472232011038141,2.3996326067845692,3.243830723859904,IV,280.4812607898116,1,,,,0
26.26569268512961,91.76758269157146,Assam,Kamrup,2396.2405412513012,30.834831432171864,188.34863858569676,-2.8490794159685007,-0.24717149384527048,87.42994391638531,5242.938479467957,4020.1635897702868,95.5870693725388,47.66691860643466,36.44919844876355,15.883882944801783,1.0339291046708954,1.3518741119738575,47.48818876960125,sparse_forest,0.2653957275713344,0.308037643972107,1.3323686117054079,0.8591535683297163,0.05,IV,60.4744104238861,1,04/20/2010 12:00:00 AM,downpour,medium,1
27.21992759665129,90.10046331230417,Tripura,West Tripura,2572.137849787052,24.31397760881011,281.7087220354118,0.7589565748828252,-0.460334238255958,84.11040392618139,3846.4946507630475,2950.8799339217667,41.93385996019954,42.92066792357572,27.710185557800685,29.369146518623594,2.498737177629472,1.357624418040775,31.80115547393663,built_up,0.27541015483549114,3.944894176694227,0.9421779705064192,0.988437223076231,9.793336081166867,IV,121.73057022535721,3,,,,0
28.648489205683582,91.08566336729781,Nagaland,Wokha,257.52443247632993,11.433706218603648,146.42167743278162,0.4271837236497301,1.5483451390579424,49.37049968663073,2823.46927685453,2091.8578722102857,61.947372570444735,32.5964140272699,39.49846335807573,27.905122614654367,1.9238197989776649,1.2718858241348203,31.857196573348627,cropland,0.681753477118161,1.0022845829267344,0.3742111502942379,0.5929176457631411,20.127584639133357,V,10.894793854264833,1,,,,0
24.03293312652745,96.11248918239916,Assam,Dibrugarh,326.3696864390253,19.311491085950532,342.6815370193032,2.6871483553735986,1.8564806157780331,76.25209540796065,2414.3636579491977,1961.4015707489598,68.19831298244809,29.43925592415235,42.57838306304336,27.98236101280429,4.49912237686387,1.406416478821025,22.677938356691865,dense_forest,0.7862944317759291,1.1456226900955544,0.5858493286164175,3.237732471964761,1.2997084794467688,V,50.8266562879428,1,,,,0
27.54339086597515,92.42534785604246,Sikkim,South Sikkim,461.70106146486586,27.18235432995411,58.80081846631712,3.9070007659434274,-0.6926211289276236,92.92443742462373,3207.7113413101197,2465.823196956709,56.305537599410414,23.670488620391346,27.540866878361964,48.78864450124668,2.7074770289102106,1.3319235882263487,26.64023272367571,dense_forest,0.7307422047698081,1.1382877346786588,0.4946099504131353,0.1978180987565777,2.8639602333828833,IV,117.18986717261863,2,,,,0
27.85341758793204,96.2203930210028,Arunachal Pradesh,Papum Pare,1121.8111307933036,36.69463316288808,113.67596892062872,2.780747995810299,-0.06435629568435841,152.11527056096332,3424.2437467059217,2845.586492778953,140.87776740486467,23.584662588530957,45.037219789092816,31.378117622376223,0.35547946894879145,1.3803222589416946,46.75665144035068,dense_forest,0.8425239068735728,0.45565907188194327,0.47918566833497056,1.1426116828213957,9.016384838470945,V,198.56817735410738,5,05/08/2014 12:00:00 AM,rain,medium,1
27.723608903793888,94.94235328657557,Meghalaya,Ri Bhoi,201.43333463898404,23.346856687681978,192.2824413799435,-3.534459713647129,-0.6969163452007086,61.63828594103392,4060.2229506110475,2756.1721533202613,26.163554582924153,25.701624330504476,54.39557312051174,19.902802548983786,2.483649516235635,0.9286627222478409,30.01417266201988,sparse_forest,0.14912166401996285,4.676556411628426,0.5798958475815444,0.35255999447341835,52.66176277798202,IV,132.43855994780972,2,,,,0
26.49397198153749,96.20620707639195,Manipur,Imphal East,732.5256397044142,38.46670418118288,214.3080813052872,-0.8987859153616683,-3.151853345333077,155.14453309521943,2867.431280808075,2116.5960721765996,130.69224079560658,28.48847187873597,46.080023738245714,25.43150438301832,2.946201124726426,1.4949905836354052,23.192354958445673,sparse_forest,0.3391493834182281,6.8241778969180125,0.49289597955271996,5.660091059256818,4.782459216488664,IV,28.572372474907784,2,,,,0
27.000068748100404,90.19055620890622,Mizoram,Kolasib,2165.528303617494,25.247148559644216,1.0646269681730347,-2.510622299137243,-2.6149333007753164,106.61663644551557,2470.90865420398,1782.9254471222039,27.44540704152931,26.712486779165953,39.516398498698315,33.77111472213573,1.256693704977719,1.282519165383554,30.73193352777585,bare_grassland,0.5231869378672507,8.734240716766163,0.6593261331398234,0.4094096078181283,4.767425026906132,V,95.64013262838387,1,,,,0
26.60913946482922,90.56275367093961,Tripura,West Tripura,1853.2409691894277,12.578901215486624,123.7306951147458,-1.7370006053848284,0.11831083104702614,62.65038603642631,3293.7447487528443,2380.325640207124,102.70346269158215,37.74073491532581,61.99164885590052,5.0,1.1150182147538399,1.3285117937629376,29.742686282196278,cropland,0.6077692466711857,1.8948986636225844,0.5236381634451208,4.084615886254753,11.649998002736819,IV,160.85685989943886,1,,,,0
26.58065894740374,93.7154868457325,Nagaland,Tuensang,929.4829255737516,27.77968995625502,178.12674112481676,0.816789535322576,0.0585982937054711,134.93898854713134,2386.8794100929167,1855.7449968161134,133.5343036493535,37.628503775017954,24.44656611827495,37.924930106707095,4.299911623465265,1.1131127592714964,40.24367109618092,cropland,0.3255993742347406,0.8474211270583397,1.1488267092773634,4.540816602852796,0.21092985676860276,V,434.41444470433913,1,,,,0
26.996751259605958,88.37921163253775,Nagaland,Mokokchung,1681.5072981438407,13.105517128882912,280.17577993236495,2.493906050132321,-2.25865860607746,36.6227489641726,3519.0242698888787,2707.1338282244533,111.9161294328478,36.03537734725536,19.071790208007847,44.89283244473679,1.0966565238646175,1.3590912318071844,42.9617712955519,bare_grassland,0.4426657713285701,0.10848789700644301,1.1347862686604298,0.8628075243548623,11.520322114452345,V,259.66218758381035,1,,,,0
24.954559068906796,93.8346385085234,Manipur,Tamenglong,618.3258095311273,21.767448531166025,44.50636408047693,-1.7682283521780344,-1.7070413446473176,85.86898487202258,3779.736434940116,2793.3106043217717,145.29055559585984,32.02093903722863,42.27187736375815,25.70718359901322,3.514321351715461,1.1655560217372423,38.47394707064584,built_up,0.4105991390394527,0.8439867947404656,1.9309369321706622,0.14092399479667175,3.709811581362972,V,34.987791677771,8,07/31/2010 09:00:00 AM,rain,medium,1
27.06076862579803,93.89383936238387,Arunachal Pradesh,Changlang,1393.0653940378625,25.86151403166957,46.58092988302726,-0.20188483742683538,3.4921882588505344,90.53396136743186,1977.9446696689229,1553.4838829593293,88.47478937380075,27.297070806885802,29.317228691260258,43.38570050185395,4.018121333909883,1.4418692605179075,42.08561219083831,bare_grassland,0.32247993992123314,2.3888865621099638,2.1925791751702173,5.012810874779126,10.503624108143745,V,111.35084042155434,7,06/09/2015 12:00:00 AM,continuous_rain,medium,1
25.46994949429939,93.15198398781958,Assam,Karbi Anglong,1360.347281445724,47.77350074863245,112.06061828203904,-0.6179974419734942,-0.7525853864898795,182.38774266697888,3926.9666139419155,2571.7764772984306,90.04388479006495,31.836062094707167,37.93117946363812,30.232758441654724,5.336791163105701,1.440481578024524,52.60624635926357,bare_grassland,0.2581118012127066,2.1200840138789405,1.3333591083151064,3.562759880979475,9.767858802958843,V,284.46503864013766,5,10/09/2010 12:00:00 AM,downpour,medium,1
22.631656493786764,91.6710187867896,Manipur,Ukhrul,1428.5043780113813,23.42955634809973,185.65560625062673,-2.4191065538968313,0.95855458702601,87.80230360961424,3015.9925425599977,1989.7986718555624,34.18491667103547,29.55854468148529,50.73870982137892,19.702745497135794,0.2,1.2150692902435076,17.951772918645982,dense_forest,0.6196244000629245,1.4135022481854937,0.09391791948673553,0.9222090742580302,1.182617591721716,IV,109.6199533764843,2,,,,0
27.094701216075684,93.59507684365933,Arunachal Pradesh,Changlang,2033.8421094880464,46.12378973492439,141.58788244516816,-0.863881892664682,-6.640967535299186,158.8272716489878,4656.8062459717175,3830.3061646969913,108.27712493459464,44.94261183920851,32.292287696772824,22.765100464018666,2.454065899807984,1.158917198918462,41.79397230388496,built_up,0.5018352010750038,1.2684476914129856,1.2211675721021455,2.484907733874732,22.3453730427849,IV,421.04027348450467,0,08/17/2014 12:00:00 AM,downpour,large,1
28.96042396767239,96.38939992319156,Arunachal Pradesh,Papum Pare,1854.0575286984797,18.71602106804443,60.703858113435025,1.529401996375608,-1.3579466269480824,81.3920614789655,3637.658642327155,2414.2669180581474,82.40219159033092,28.45091551649865,37.89183123049809,33.657253253003255,4.981880808148073,1.4384720776369173,32.308833518258865,cropland,0.57252652995469,3.3021622206530012,0.9216291339761276,3.4018386808227823,15.198793374613324,V,159.45565781999716,0,,,,0
27.771545884029763,90.17817398613036,Mizoram,Aizawl,1098.054583163377,19.552418948477744,238.51437688243882,-0.9781768604946247,-1.0741002725026787,64.34872608876401,3086.9819109304794,2491.77601481136,77.83374435858846,29.839758140087735,26.823542322704842,43.33669953720742,2.5712063868740347,1.2823229437063806,26.247902202896704,cropland,0.7219110991398051,1.2367369257643368,0.34738296087536724,2.239686529780351,0.8402463675223459,V,226.94294388035516,1,,,,0
25.14804531914986,90.8993910261281,Manipur,Churachandpur,2713.0541360237535,9.46511006958489,182.91786473636077,1.4560127251541513,0.39492293536556156,37.45292978609099,5907.308459773291,4677.006159805463,85.27427302035835,28.985593525004173,44.24109116662776,26.773315308368062,2.6921713154077698,1.5481773808894552,25.17227776360839,sparse_forest,0.6822257368286111,1.8878387351238732,0.9374776608565156,0.3261871362943753,16.70802468342078,IV,277.6993426588057,3,,,,0
23.117991418971087,92.15721824188668,Manipur,Churachandpur,1249.456817679626,33.881990005473966,297.74255007340093,-1.7867241834600713,0.6298595846303068,102.11643843271875,3179.8985703010267,2109.5354576602563,58.04221107752396,33.650596703431944,40.903882443851785,25.44552085271627,0.7958949278271574,1.2068675497515033,36.411224091636406,dense_forest,0.585379148511693,1.9904422519277072,0.30187294659340697,4.988735344706323,0.29228939270701454,V,200.66154029588787,1,,,,0
23.79700347317358,95.0142863697136,Assam,Kamrup,1001.0849186182928,18.307307578520174,110.78986465205406,-4.487170613594964,0.12703043327491195,70.09365203470286,3384.3982518600883,2516.7316006879337,66.8540266398926,20.781380018554046,39.69593590074781,39.52268408069814,5.906222671440031,1.1471891592672263,24.690164677529907,dense_forest,0.5921205081238063,0.037370911175875376,1.546387475811684,0.014928334421580623,9.849558866896047,V,139.8077386318584,2,,,,0
27.161875276907676,88.5060461670552,Sikkim,North Sikkim,982.1323154678744,33.16379147444522,342.1907415395689,-1.9929956601073666,1.3730544044417363,120.42658146282004,4041.38378549616,2685.527083556983,94.84247556489957,25.145857822286274,28.282689769862156,46.57145240785157,1.2002197679677107,1.4967677292683486,43.044140022404676,built_up,0.5361881089395151,0.7645880326558385,0.6022584684865883,12.796074904753105,46.18883494213789,IV,40.406675757283764,1,10/15/2016 12:00:00 AM,downpour,medium,1
21.6828231422631,92.16210915772518,Sikkim,North Sikkim,486.9342155154052,4.377844381142632,140.20364082631775,1.9926383224958066,-0.06042510792356315,20.65358268396869,2660.7825210104684,2021.731358284236,33.374334162025626,38.130279426087405,45.5569650709228,16.312755502989795,1.8100541634965126,1.1258436484131624,20.41444632584433,dense_forest,0.5837349587051915,8.937750769957413,0.16026622579282512,3.3961670505701336,16.751638542930007,V,69.17699207395782,1,,,,0
25.683800251779285,94.51008987888734,Manipur,Tamenglong,864.8897098199056,20.459249007006065,346.9276243916919,-1.6634517141252911,0.5699205841277062,60.94688905383225,2370.435562939411,1620.6443058008604,116.35053245552265,31.702780705882795,30.7428398634283,37.55437943068891,1.0708827423365348,1.164695199397401,42.392408234736976,cropland,0.20810383181433217,0.8788175963635271,0.22618476896872391,0.27997627897184596,0.05,IV,140.61234713145237,3,10/08/2010 12:00:00 AM,downpour,medium,1
25.568774128488233,91.81678914258161,Meghalaya,Jaintia Hills,534.8658273357939,44.437472069637806,215.0183019250484,-1.2118119419099607,0.13664704305897168,180.2811139119138,2761.6145691106794,2004.8258860538635,70.4775298173063,29.939046437460405,24.855165011715233,45.205788550824366,3.0923306434343267,1.3237952164363729,21.428167661938552,cropland,0.24948925887954754,2.9141057364713827,1.1735333939186177,20.0,18.79902418755663,IV,134.499229261003,3,09/23/2014 03:00:00 AM,continuous_rain,small,1
24.810055147504368,96.9720298834296,Meghalaya,Jaintia Hills,3426.796055108108,11.447244474365277,306.70477061557426,-0.6749451506328289,1.097435127987822,36.96002552343079,3487.666399099406,2878.1421916629065,67.94309196643903,30.32388390906978,37.210593654356806,32.465522436573416,1.8319237028542974,1.3194267762435339,33.306046701460545,bare_grassland,0.7570812373431706,0.8999275467269672,2.4967736094934576,2.72273168586316,3.3759393179152575,V,202.34174691937898,1,,,,0
25.04926063512174,93.96929429248131,Manipur,Imphal East,2083.314975097679,42.848185276902015,271.8398615813271,-0.5974769873264851,0.9526665989383507,202.309675566131,4747.876451520287,3413.563495390755,103.22412038030703,29.111526173173072,35.37949602042874,35.508977806398185,2.296146673731505,0.9884628635152588,42.300893760994114,sparse_forest,0.505953937912895,0.32142184862666157,1.4424051480877385,0.5647281921187499,5.2572966394443625,V,203.20097538440106,3,09/08/2007 12:00:00 AM,rain,medium,1
